date,kp_max,kp_mean,temperature_2m_max,temperature_2m_min,temperature_2m_mean,surface_pressure_mean,precipitation_sum,rain_sum,snowfall_sum,wind_speed_10m_max,wind_gusts_10m_max,sunshine_duration,daylight_duration
2015-01-01,2.333,1.499875,-7.7,-18.9,-14.3,962.4,0.0,0.0,0.0,8.5,27.4,32134.21,32761.07
2015-01-02,4.0,2.33325,-2.3,-16.6,-10.2,961.7,0.0,0.0,0.0,8.3,16.9,32182.69,32808.28
2015-01-03,4.667,2.25,2.0,-9.7,-3.8,957.8,0.2,0.0,0.28,13.4,36.4,32235.8,32860.08
2015-01-04,5.0,2.875,4.2,-4.7,-1.2,947.7,0.7,0.7,0.0,21.1,56.2,12256.68,32916.33
2015-01-05,5.333,2.6666250000000002,-2.1,-8.3,-4.5,951.0,0.3,0.0,0.42,16.3,41.4,32278.29,32976.89
2015-01-06,3.667,2.583375,-2.8,-8.6,-6.5,950.3,0.2,0.0,0.28,14.0,34.2,32007.45,33041.63
2015-01-07,6.333,3.4998750000000003,-6.7,-11.2,-9.2,960.9,0.0,0.0,0.07,8.7,24.5,29106.38,33110.41
2015-01-08,4.0,2.5835,-1.8,-11.5,-6.7,966.7,0.0,0.0,0.0,4.1,9.4,27433.1,33183.09
2015-01-09,2.333,1.75,2.5,-8.8,-3.5,962.4,0.0,0.0,0.0,8.7,24.1,23241.36,33259.51
2015-01-10,3.333,2.0415,4.0,-5.0,0.2,949.1,1.2,0.2,0.84,10.9,31.0,1178.83,33339.56
2015-01-11,3.0,2.291625,10.7,-0.9,3.5,945.2,0.0,0.0,0.0,11.7,31.3,32348.86,33423.09
2015-01-12,2.667,1.749875,2.9,-3.2,-0.5,954.0,3.0,0.0,2.45,19.6,51.1,26187.85,33509.95
2015-01-13,2.667,1.875125,4.6,-8.3,-1.4,960.5,0.0,0.0,0.0,6.4,19.1,32390.52,33600.02
2015-01-14,2.667,1.500125,8.4,-2.0,1.6,953.4,0.0,0.0,0.0,4.8,13.3,32400.0,33693.15
2015-01-15,3.0,1.124875,4.4,-1.4,0.6,952.3,0.0,0.0,0.0,12.6,35.3,32400.0,33789.2
2015-01-16,3.0,1.666625,6.9,-2.5,1.3,955.7,0.0,0.0,0.0,6.4,16.9,32400.0,33888.05
2015-01-17,3.0,1.41675,7.9,-1.1,2.4,955.4,0.0,0.0,0.0,7.9,21.6,32400.0,33989.56
2015-01-18,2.333,0.8748750000000001,10.5,0.7,4.5,954.8,0.3,0.3,0.0,7.9,19.4,17897.5,34093.6
2015-01-19,2.333,0.9583750000000001,8.8,-0.1,4.1,948.9,0.7,0.7,0.0,10.6,31.0,32400.0,34200.03
2015-01-20,1.333,0.499875,10.6,2.4,5.8,948.1,0.0,0.0,0.0,8.0,23.4,20786.28,34308.86
2015-01-21,3.667,2.291625,11.8,1.8,6.0,947.9,0.0,0.0,0.0,10.0,20.9,32400.0,34421.24
2015-01-22,3.667,2.5,11.6,1.3,4.7,949.9,0.0,0.0,0.0,8.6,23.0,32400.0,34537.33
2015-01-23,3.0,2.000125,9.6,2.4,5.7,943.3,3.1,3.1,0.0,14.2,38.5,1795.99,34656.9
2015-01-24,2.333,1.416625,6.0,3.0,4.2,940.0,4.7,4.7,0.0,6.5,14.4,5817.5,34779.77
2015-01-25,2.667,1.250125,3.8,0.3,2.4,944.3,3.9,1.3,1.82,8.2,20.9,6277.78,34905.73
2015-01-26,4.0,2.95825,3.8,-0.4,1.0,952.3,0.2,0.1,0.21,6.1,17.3,10002.04,35034.58
2015-01-27,3.333,2.5416250000000002,4.3,-0.9,0.9,948.0,1.1,0.0,1.26,7.6,23.0,10537.21,35166.12
2015-01-28,3.0,1.666625,3.4,-1.1,0.7,945.7,0.0,0.0,0.0,7.3,20.9,8210.15,35300.17
2015-01-29,3.667,1.8752499999999999,7.5,-0.6,2.3,941.4,0.0,0.0,0.0,16.0,37.4,31152.28,35436.54
2015-01-30,3.333,2.125,8.9,-1.2,3.9,928.8,0.0,0.0,0.0,23.5,67.7,27104.85,35575.04
2015-01-31,3.667,2.0415,8.8,2.2,5.5,924.4,6.8,4.7,1.47,22.5,72.7,28800.0,35715.49
2015-02-01,5.0,3.25,7.0,0.4,2.4,924.9,16.6,0.8,11.06,19.9,66.6,21613.99,35857.72
2015-02-02,5.0,3.8751249999999997,6.1,0.3,3.2,931.0,0.3,0.3,0.0,12.7,40.0,32400.0,36001.55
2015-02-03,4.0,3.0,4.4,-3.8,0.6,939.8,0.9,0.0,0.77,10.2,28.1,34391.56,36146.81
2015-02-04,3.0,1.875,4.1,-1.0,1.2,943.6,0.4,0.3,0.07,10.0,33.8,9462.38,36293.33
2015-02-05,3.333,2.4998750000000003,8.8,1.1,4.2,945.5,0.0,0.0,0.0,8.9,23.8,31384.52,36440.96
2015-02-06,2.667,1.291625,6.6,-0.0,3.1,942.4,17.6,6.8,7.56,16.3,54.0,834.05,36589.52
2015-02-07,3.333,2.0416250000000002,0.2,-3.5,-1.6,949.7,3.1,0.0,2.24,6.3,16.6,24595.37,36738.88
2015-02-08,3.0,2.3333749999999998,1.3,-8.1,-3.8,942.1,0.0,0.0,0.07,13.4,34.9,28812.76,36888.86
2015-02-09,3.0,1.70825,-1.5,-7.2,-4.7,943.0,1.0,0.0,0.98,11.8,27.4,8821.15,37039.47
2015-02-10,3.0,1.458375,-3.3,-14.8,-8.1,948.5,0.0,0.0,0.0,15.5,39.2,31387.03,37192.1
2015-02-11,3.0,1.25,-2.9,-12.2,-7.4,954.2,0.0,0.0,0.0,13.2,32.4,35245.28,37346.98
2015-02-12,2.0,1.041625,-0.6,-10.2,-6.1,958.6,0.0,0.0,0.0,10.0,27.7,34461.85,37503.94
2015-02-13,1.0,0.416625,3.9,-5.9,-1.9,958.0,0.0,0.0,0.0,9.2,21.6,35883.11,37662.8
2015-02-14,1.667,0.499875,5.1,-4.1,0.1,953.3,0.0,0.0,0.0,9.3,22.7,36249.26,37823.39
2015-02-15,3.0,1.500125,4.8,-2.4,0.6,951.6,0.0,0.0,0.0,8.9,19.4,36282.29,37985.55
2015-02-16,2.667,1.25,3.9,-2.3,0.1,955.9,0.0,0.0,0.0,10.9,24.5,31886.02,38149.11
2015-02-17,5.0,3.54175,-1.3,-12.2,-4.5,963.2,0.0,0.0,0.0,17.3,43.6,31639.17,38313.92
2015-02-18,5.0,3.083375,-1.2,-13.4,-6.0,967.0,0.0,0.0,0.0,14.5,35.3,37362.41,38479.8
2015-02-19,3.0,2.041875,3.9,-4.8,-0.9,963.1,0.0,0.0,0.0,11.2,29.9,37718.16,38646.62
2015-02-20,2.0,1.333625,8.9,-0.8,3.1,956.1,0.0,0.0,0.0,7.8,23.8,37417.7,38814.22
2015-02-21,2.667,1.708375,11.5,0.6,4.9,949.5,0.0,0.0,0.0,10.5,26.6,38390.87,38982.45
2015-02-22,2.333,1.624875,10.3,-0.1,3.8,944.7,0.5,0.5,0.0,7.6,23.4,13898.13,39151.18
2015-02-23,3.667,3.125,12.1,1.3,5.7,942.6,1.3,1.3,0.0,10.2,25.6,28370.12,39320.24
2015-02-24,5.333,3.416625,11.7,1.7,6.0,939.8,0.1,0.1,0.0,7.9,19.1,26991.58,39489.51
2015-02-25,3.0,1.875,10.6,3.8,6.5,940.4,11.4,11.4,0.0,10.1,27.0,24408.31,39658.85
2015-02-26,1.667,0.874875,11.7,-0.1,6.3,948.7,2.1,2.1,0.0,12.8,41.8,37799.95,39828.1
2015-02-27,1.333,0.499875,10.6,2.6,6.5,946.7,0.5,0.5,0.0,14.5,31.0,13530.35,39997.16
2015-02-28,3.667,2.41675,11.0,4.8,7.1,947.1,0.2,0.2,0.0,12.3,30.6,28388.1,40165.87
2015-03-01,5.333,3.416625,11.3,3.6,6.5,950.3,2.8,2.8,0.0,7.9,23.4,28439.19,40334.26
2015-03-02,5.333,3.833375,12.6,0.7,6.2,947.8,0.0,0.0,0.0,16.4,41.0,39194.88,40503.63
2015-03-03,3.333,2.33325,9.2,0.8,5.7,950.6,3.4,3.4,0.0,18.4,46.1,37856.23,40674.24
2015-03-04,3.333,2.0,9.4,-0.3,3.4,958.1,0.0,0.0,0.0,10.5,22.0,39441.49,40845.97
2015-03-05,2.333,1.3331250000000001,3.6,0.2,1.9,951.7,10.5,1.2,6.65,12.6,30.2,2162.11,41018.69
2015-03-06,3.667,2.250125,1.1,-2.0,-0.6,952.7,10.4,0.0,7.49,13.7,46.1,450.1,41192.27
2015-03-07,4.333,3.541625,-0.2,-1.9,-1.3,958.2,25.5,0.0,17.85,19.2,57.2,0.0,41366.59
2015-03-08,3.667,2.29175,0.9,-2.9,-1.2,961.1,4.9,0.0,3.5,17.0,52.2,2341.13,41541.53
2015-03-09,3.333,1.124875,2.2,-4.1,-1.0,959.9,1.7,0.3,1.12,12.2,43.2,27765.31,41716.96
2015-03-10,1.667,0.999875,3.0,-3.3,-0.4,957.2,0.2,0.0,0.56,8.7,23.0,26191.98,41892.76
2015-03-11,3.0,2.0,4.3,-4.5,0.7,951.5,0.0,0.0,0.0,7.9,17.6,36373.09,42068.83
2015-03-12,3.333,1.83325,3.9,-2.4,1.1,947.5,4.6,2.5,1.61,8.0,16.9,21073.91,42245.03
2015-03-13,3.333,1.33325,6.8,-1.8,2.2,949.2,0.0,0.0,0.0,7.0,14.4,36634.55,42421.25
2015-03-14,2.333,1.33325,4.2,-0.1,1.7,953.2,1.0,0.3,0.49,8.2,22.0,10775.99,42597.39
2015-03-15,2.667,1.70825,5.1,0.3,2.5,961.2,0.0,0.0,0.0,8.8,23.4,15297.02,42773.3
2015-03-16,3.667,2.3333749999999998,7.3,1.2,3.5,965.4,0.0,0.0,0.0,13.4,34.2,37558.6,42948.9
2015-03-17,7.667,6.000125,8.2,0.3,3.2,963.0,0.0,0.0,0.0,15.9,38.9,40575.15,43124.06
2015-03-18,6.0,4.916625,5.8,-2.3,1.7,957.6,0.0,0.0,0.0,9.3,29.9,40539.31,43298.65
2015-03-19,5.0,3.791625,5.2,-1.9,2.1,953.7,5.2,1.3,2.8,13.0,37.1,13447.41,43472.57
2015-03-20,4.667,3.5,3.6,-2.5,0.4,955.0,0.5,0.1,0.42,14.6,36.4,41093.3,43645.71
2015-03-21,4.0,2.458375,10.2,-0.2,4.3,953.9,0.0,0.0,0.0,8.8,23.8,41508.47,43818.06
2015-03-22,6.333,2.8748750000000003,13.5,1.8,7.0,950.4,0.2,0.2,0.0,8.1,25.9,36398.62,43990.83
2015-03-23,4.333,3.29175,12.2,3.1,7.0,950.9,0.2,0.2,0.0,13.3,32.8,35096.64,44164.28
2015-03-24,3.667,2.166625,12.8,1.6,6.8,952.7,0.0,0.0,0.0,10.5,27.0,26967.0,44338.29
2015-03-25,3.667,2.75,12.6,-0.1,6.4,950.3,0.1,0.1,0.0,9.9,28.8,23007.51,44512.76
2015-03-26,3.0,1.916625,16.4,2.8,9.1,948.0,0.0,0.0,0.0,11.7,31.0,37279.37,44687.59
2015-03-27,3.0,1.8747500000000001,13.0,7.7,10.1,939.8,11.3,11.3,0.0,8.5,18.0,11066.24,44862.66
2015-03-28,3.333,1.91675,8.9,3.0,6.8,939.9,12.1,12.0,0.07,12.7,27.4,0.0,45037.87
2015-03-29,4.0,2.375,8.0,2.5,4.6,943.9,8.1,3.4,3.29,14.0,34.9,1544.37,45213.12
2015-03-30,2.0,1.000125,13.7,-0.4,6.3,941.6,1.1,1.1,0.0,16.3,37.8,31342.89,45388.3
2015-03-31,3.0,2.0416250000000002,13.0,4.9,7.9,943.0,2.6,2.6,0.0,16.6,42.5,42085.17,45563.3
2015-04-01,3.0,1.70825,9.5,3.5,6.0,943.0,1.6,1.6,0.0,10.0,29.5,20441.63,45738.0
2015-04-02,4.667,2.4166250000000002,9.5,-2.2,4.2,948.4,0.2,0.1,0.07,21.5,54.7,45369.15,45912.31
2015-04-03,3.333,2.666625,6.3,0.4,3.0,947.1,0.3,0.0,0.42,22.5,56.2,28662.89,46086.1
2015-04-04,3.333,2.458375,8.5,-2.2,3.4,948.9,0.0,0.0,0.0,10.7,28.8,39068.91,46259.27
2015-04-05,3.0,1.54175,9.2,2.1,5.6,945.1,5.7,5.6,0.07,9.8,26.6,8209.02,46431.7
2015-04-06,2.333,1.3751250000000002,4.9,1.7,3.0,943.4,9.9,3.8,4.41,12.9,29.5,5517.18,46603.28
2015-04-07,2.333,0.95825,5.9,1.1,2.7,948.2,6.4,2.7,2.73,13.8,43.9,19678.71,46773.88
2015-04-08,1.667,0.708375,7.2,-2.8,2.5,952.3,1.3,0.7,0.7,15.0,42.8,46145.99,46943.38
2015-04-09,3.0,2.54175,8.2,0.3,4.8,955.4,0.3,0.3,0.0,18.4,46.4,29484.61,47111.67
2015-04-10,5.333,4.083125,12.5,1.9,7.6,961.2,0.0,0.0,0.0,9.7,31.0,46654.03,47278.74
2015-04-11,4.0,3.0,17.1,3.8,10.9,958.7,0.0,0.0,0.0,4.8,18.7,46721.98,47445.74
2015-04-12,1.333,0.791625,17.6,6.3,11.8,957.7,1.1,1.1,0.0,10.9,30.6,44976.4,47612.9
2015-04-13,2.333,1.499875,18.0,7.9,13.4,958.4,0.1,0.1,0.0,8.3,22.3,46800.0,47780.13
2015-04-14,4.333,2.25,14.6,6.3,10.8,956.5,0.8,0.8,0.0,18.7,47.9,37103.12,47947.3
2015-04-15,5.333,3.7501249999999997,15.6,4.5,9.8,956.1,0.0,0.0,0.0,9.7,26.6,46800.0,48114.31
2015-04-16,6.0,4.66675,20.7,6.4,13.7,953.1,0.0,0.0,0.0,14.6,38.5,46800.0,48281.03
2015-04-17,5.0,3.41675,21.3,6.7,14.1,950.2,0.0,0.0,0.0,16.4,40.0,46785.67,48447.37
2015-04-18,3.333,2.375,18.1,8.7,12.2,946.8,8.9,8.9,0.0,19.6,53.6,38027.61,48613.19
2015-04-19,3.0,2.0416250000000002,10.9,4.5,7.3,951.3,1.5,1.4,0.07,10.7,29.9,30631.08,48778.38
2015-04-20,3.0,2.166625,11.8,1.6,7.2,949.7,0.0,0.0,0.0,17.7,47.2,46800.0,48942.82
2015-04-21,4.333,3.58325,12.0,3.6,7.6,949.7,0.8,0.8,0.0,18.6,45.0,46226.56,49106.37
2015-04-22,3.333,2.2916250000000002,12.0,2.4,7.4,952.1,5.0,5.0,0.0,13.5,50.4,46800.0,49268.92
2015-04-23,3.333,1.25,16.7,4.0,10.6,954.4,0.0,0.0,0.0,8.6,23.4,46800.0,49430.33
2015-04-24,2.333,0.7915000000000001,17.7,4.5,11.7,952.0,0.0,0.0,0.0,9.4,26.6,43335.08,49590.48
2015-04-25,0.333,0.08325,16.6,8.3,12.7,951.3,1.0,1.0,0.0,8.3,19.4,45789.36,49749.21
2015-04-26,1.0,0.33325,19.0,7.5,13.9,949.2,0.0,0.0,0.0,9.5,26.3,46800.0,49906.39
2015-04-27,1.667,1.083375,21.3,9.3,15.5,947.9,0.0,0.0,0.0,11.5,29.9,44040.63,50061.89
2015-04-28,2.333,1.33325,18.3,9.9,14.4,942.8,3.9,3.9,0.0,14.4,47.9,45465.61,50215.55
2015-04-29,1.667,0.875,13.0,6.3,9.7,947.3,0.6,0.6,0.0,16.3,45.4,37356.88,50367.23
2015-04-30,2.333,1.0,16.3,6.1,11.2,951.4,0.0,0.0,0.0,7.8,22.3,32766.47,50516.89
2015-05-01,2.0,1.25,20.1,9.0,14.6,949.2,0.1,0.1,0.0,12.1,32.8,46800.0,50665.64
2015-05-02,3.0,1.79175,17.7,10.2,13.2,946.6,3.3,3.3,0.0,13.7,37.4,6719.74,50813.67
2015-05-03,3.0,1.749875,20.2,7.4,14.3,948.8,0.0,0.0,0.0,12.3,33.5,47039.26,50960.9
2015-05-04,2.667,1.75,23.1,14.4,18.6,950.9,0.0,0.0,0.0,7.1,22.0,34729.35,51107.17
2015-05-05,2.333,1.333375,24.7,15.4,20.4,951.3,0.1,0.1,0.0,8.5,24.8,46800.0,51252.37
2015-05-06,5.333,3.45825,29.3,16.1,22.8,949.8,0.0,0.0,0.0,7.3,17.6,47265.76,51396.36
2015-05-07,2.333,1.541875,22.7,14.2,18.5,949.8,6.3,6.3,0.0,9.7,27.7,30789.64,51539.03
2015-05-08,2.667,1.333625,21.2,11.7,16.3,951.5,0.0,0.0,0.0,9.4,21.6,48203.37,51680.23
2015-05-09,2.667,1.58325,19.3,11.7,15.4,950.2,1.7,1.7,0.0,10.3,31.0,42265.46,51819.82
2015-05-10,3.667,2.04175,18.4,10.1,13.7,951.9,8.0,8.0,0.0,9.9,34.9,42149.24,51957.67
2015-05-11,3.667,2.79175,12.8,9.3,11.2,954.1,5.5,5.5,0.0,13.0,38.5,4340.78,52093.63
2015-05-12,3.333,2.958375,17.1,6.4,12.2,958.4,0.6,0.6,0.0,14.6,41.8,47766.87,52227.55
2015-05-13,5.667,4.875,21.3,9.8,16.0,955.0,0.0,0.0,0.0,7.3,21.2,49404.6,52359.3
2015-05-14,3.0,2.041625,24.5,10.2,18.0,947.4,0.2,0.2,0.0,16.6,45.7,45488.92,52488.71
2015-05-15,2.333,1.75,25.7,12.9,19.9,948.7,0.5,0.5,0.0,16.3,49.0,49029.08,52615.63
2015-05-16,1.667,1.20825,26.7,15.0,21.0,953.0,0.0,0.0,0.0,9.0,32.0,32035.36,52739.9
2015-05-17,2.0,1.166625,22.9,15.6,18.9,954.9,1.2,1.2,0.0,9.9,26.3,37154.26,52861.36
2015-05-18,5.333,2.499875,22.9,13.5,17.8,952.3,3.0,3.0,0.0,10.1,28.1,42522.74,52979.85
2015-05-19,5.0,2.375,23.7,12.0,17.9,947.6,0.5,0.5,0.0,11.3,31.7,36465.24,53095.21
2015-05-20,2.667,1.500125,23.0,14.0,18.1,947.6,2.1,2.1,0.0,11.2,39.6,46510.22,53207.37
2015-05-21,1.0,0.45825,25.4,13.7,19.9,950.7,0.0,0.0,0.0,9.4,25.9,48953.88,53317.21
2015-05-22,1.333,0.499875,25.2,16.2,20.0,950.6,3.0,3.0,0.0,9.2,28.4,31924.77,53424.92
2015-05-23,1.333,0.625125,23.5,11.9,18.2,946.4,1.9,1.9,0.0,8.7,31.7,47049.32,53530.37
2015-05-24,1.667,0.9165,22.1,14.9,18.4,945.2,3.2,3.2,0.0,9.0,28.1,36866.71,53633.45
2015-05-25,0.667,0.416625,18.6,13.5,15.3,945.3,7.6,7.6,0.0,8.7,28.4,27043.06,53734.06
2015-05-26,2.333,1.416625,19.4,11.1,15.6,943.8,0.0,0.0,0.0,13.8,36.7,52127.03,53832.08
2015-05-27,2.333,1.08325,17.7,10.8,14.1,943.9,1.1,1.1,0.0,16.1,43.9,46384.17,53927.39
2015-05-28,2.333,1.58325,13.5,9.0,11.1,948.0,0.0,0.0,0.0,14.8,36.7,14440.67,54019.89
2015-05-29,2.0,1.75,15.3,9.1,12.0,949.5,0.0,0.0,0.0,10.8,27.7,27691.18,54109.46
2015-05-30,2.0,1.083375,20.7,9.0,15.2,950.8,0.0,0.0,0.0,7.6,19.4,53112.78,54195.97
2015-05-31,1.667,1.125,21.7,12.6,17.6,952.8,0.0,0.0,0.0,8.6,23.0,53484.77,54279.31
2015-06-01,3.0,1.541625,22.2,13.3,18.0,954.5,0.0,0.0,0.0,12.4,32.4,52370.23,54359.36
2015-06-02,0.333,0.291375,23.2,12.5,18.1,955.0,0.0,0.0,0.0,13.1,37.1,53579.2,54436.0
2015-06-03,1.333,0.75,24.1,13.8,19.3,956.5,0.0,0.0,0.0,13.7,41.0,51625.43,54509.1
2015-06-04,1.0,0.333125,25.0,15.8,20.6,955.8,0.0,0.0,0.0,10.9,35.6,44978.26,54578.57
2015-06-05,0.333,0.24975000000000003,20.5,13.3,17.4,956.7,2.3,2.3,0.0,11.2,43.2,42232.55,54644.27
2015-06-06,2.0,1.000125,22.1,12.5,17.3,958.6,0.0,0.0,0.0,16.1,45.4,52849.3,54706.08
2015-06-07,3.0,1.54175,22.8,12.2,17.8,959.1,0.0,0.0,0.0,17.2,45.7,53786.76,54763.88
2015-06-08,6.0,4.29175,22.2,13.0,17.5,954.5,0.0,0.0,0.0,13.2,36.7,53822.58,54817.56
2015-06-09,3.667,2.75,22.2,13.0,18.0,950.7,0.0,0.0,0.0,15.6,39.6,53856.59,54867.05
2015-06-10,3.0,2.583375,23.7,15.1,19.0,952.0,2.5,2.5,0.0,14.1,42.5,45128.35,54912.74
2015-06-11,3.0,2.124875,22.3,13.2,18.2,953.6,1.5,1.5,0.0,14.1,40.3,48040.46,54954.71
2015-06-12,2.333,1.541625,26.0,16.0,20.9,954.9,0.0,0.0,0.0,9.0,24.5,53951.11,54992.94
2015-06-13,2.667,2.1666250000000002,27.6,15.7,21.9,953.8,0.2,0.2,0.0,9.0,20.5,53979.89,55027.42
2015-06-14,4.333,3.0835,29.4,18.0,24.5,951.8,0.0,0.0,0.0,5.8,18.4,46322.4,55058.1
2015-06-15,3.667,2.625,29.1,19.1,24.8,949.8,0.0,0.0,0.0,11.6,29.9,54000.0,55084.98
2015-06-16,3.0,2.3335,24.2,16.4,20.9,949.1,7.1,7.1,0.0,15.9,43.6,43157.36,55108.01
2015-06-17,4.0,2.583375,23.4,14.4,18.3,948.0,4.8,4.8,0.0,8.4,29.9,36949.02,55127.21
2015-06-18,2.667,1.5,15.5,13.4,14.8,945.7,9.8,9.8,0.0,9.4,30.2,0.0,55142.53
2015-06-19,2.333,0.70825,20.6,12.5,16.3,946.3,3.8,3.8,0.0,9.4,28.1,46781.81,55153.96
2015-06-20,0.333,0.1665,20.7,13.9,17.3,947.3,0.6,0.6,0.0,11.8,33.1,46732.26,55161.49
2015-06-21,3.667,1.458375,15.3,12.1,13.6,948.5,10.1,10.1,0.0,12.3,31.0,15096.32,55165.12
2015-06-22,8.333,4.4165,18.7,11.0,15.1,951.9,0.1,0.1,0.0,8.9,25.2,53976.73,55164.82
2015-06-23,7.667,5.208375,23.5,12.4,18.2,950.9,0.0,0.0,0.0,6.9,19.4,54000.0,55160.6
2015-06-24,4.0,2.91675,25.1,15.9,20.3,951.0,3.6,3.6,0.0,8.5,21.6,52834.98,55152.44
2015-06-25,5.667,3.875,17.7,11.3,14.5,954.2,8.5,8.5,0.0,16.0,40.3,46442.99,55140.35
2015-06-26,2.667,1.750125,17.2,8.3,12.8,949.6,7.6,7.6,0.0,14.1,40.7,42102.48,55124.31
2015-06-27,2.667,1.916625,19.9,12.0,15.3,949.5,1.4,1.4,0.0,8.9,29.9,32729.79,55104.34
2015-06-28,3.667,2.666625,21.7,11.8,16.7,949.5,7.0,7.0,0.0,10.9,28.1,49946.84,55080.42
2015-06-29,2.0,1.166625,21.3,13.3,17.1,952.8,10.6,10.6,0.0,8.5,26.6,39424.58,55052.55
2015-06-30,2.333,1.291625,20.8,13.6,17.0,954.1,10.0,10.0,0.0,10.7,27.7,37685.77,55020.4
2015-07-01,2.0,1.083375,21.2,12.2,17.0,956.5,3.6,3.6,0.0,4.0,18.0,42147.45,54984.01
2015-07-02,0.667,0.37475,23.8,12.8,18.9,958.0,0.1,0.1,0.0,8.5,24.1,48357.61,54943.45
2015-07-03,0.667,0.416625,23.1,16.2,19.8,959.3,0.1,0.1,0.0,13.8,36.7,53527.23,54898.83
2015-07-04,5.333,2.458125,22.5,14.5,18.7,959.1,0.5,0.5,0.0,14.3,42.8,52895.8,54850.24
2015-07-05,5.333,3.291625,24.4,16.0,20.6,956.0,0.0,0.0,0.0,8.6,24.1,54000.0,54797.79
2015-07-06,3.667,2.08325,27.3,17.8,23.1,955.3,0.0,0.0,0.0,9.4,24.5,53994.56,54741.57
2015-07-07,2.0,1.125125,29.7,18.4,24.5,954.8,0.0,0.0,0.0,8.2,22.3,53955.19,54681.69
2015-07-08,1.333,0.958375,30.2,19.6,24.7,950.4,0.0,0.0,0.0,9.5,27.4,53914.33,54618.25
2015-07-09,1.667,0.9585,29.1,17.8,23.4,947.8,0.2,0.2,0.0,10.1,25.6,53661.97,54551.35
2015-07-10,4.667,1.291625,23.6,14.9,19.3,953.1,0.0,0.0,0.0,12.6,32.4,53828.52,54481.1
2015-07-11,4.667,3.6251249999999997,23.2,13.5,18.3,954.1,0.0,0.0,0.0,10.1,28.8,53769.55,54407.61
2015-07-12,3.0,2.70825,25.2,15.3,20.6,952.8,0.0,0.0,0.0,9.2,27.4,53693.71,54330.97
2015-07-13,5.667,4.125,27.7,17.6,23.0,951.7,0.0,0.0,0.0,8.2,26.3,53614.83,54251.28
2015-07-14,3.0,1.375,23.8,16.5,20.6,952.2,2.4,2.4,0.0,15.3,38.2,41729.68,54168.65
2015-07-15,2.333,1.541625,25.2,16.4,21.0,954.8,0.0,0.0,0.0,11.8,30.2,53448.46,54083.19
2015-07-16,3.0,1.7085,28.2,18.2,23.4,956.5,0.0,0.0,0.0,11.2,26.6,53199.8,53995.0
2015-07-17,1.333,0.958125,29.7,20.1,25.1,956.6,0.0,0.0,0.0,6.9,19.8,53271.17,53904.17
2015-07-18,1.333,0.5,30.3,19.4,25.0,955.2,0.0,0.0,0.0,10.1,28.1,53178.68,53810.8
2015-07-19,0.667,0.29150000000000004,31.4,18.5,24.9,953.3,0.0,0.0,0.0,9.0,21.6,53083.68,53714.91
2015-07-20,1.333,0.625,31.6,18.9,25.6,950.0,0.0,0.0,0.0,8.8,27.7,52747.15,53615.67
2015-07-21,2.333,1.999875,29.8,21.3,25.9,952.1,0.0,0.0,0.0,10.8,28.1,52078.76,53512.97
2015-07-22,3.0,1.5,29.9,18.4,24.6,953.4,0.0,0.0,0.0,12.0,32.4,51991.73,53406.98
2015-07-23,5.333,3.291875,29.6,16.6,23.4,950.5,0.0,0.0,0.0,13.7,37.4,52305.42,53297.86
2015-07-24,2.0,1.333375,28.8,18.3,23.3,948.7,0.0,0.0,0.0,12.3,32.8,51925.69,53185.76
2015-07-25,2.667,1.83325,30.1,18.8,24.8,947.3,0.0,0.0,0.0,6.6,18.7,51540.44,53070.85
2015-07-26,2.667,1.583375,30.2,20.9,25.4,947.5,0.0,0.0,0.0,13.4,32.0,50895.96,52953.27
2015-07-27,3.0,2.0835,30.6,19.0,25.0,946.3,0.0,0.0,0.0,10.0,30.2,49229.06,52833.17
2015-07-28,3.0,1.83325,28.8,21.3,25.2,946.5,0.0,0.0,0.0,7.8,21.6,49959.17,52710.72
2015-07-29,1.667,1.166625,32.7,19.8,26.5,947.1,0.0,0.0,0.0,8.8,26.6,49668.73,52586.04
2015-07-30,4.333,2.25,33.6,19.8,27.0,946.7,0.0,0.0,0.0,9.7,20.5,49379.68,52459.29
2015-07-31,3.667,2.70825,28.8,21.0,24.2,949.1,8.7,8.7,0.0,8.0,26.3,41243.04,52330.6
2015-08-01,3.0,2.125,26.5,17.8,22.1,953.3,0.0,0.0,0.0,13.5,33.1,48130.74,52200.12
2015-08-02,3.333,2.2915,28.0,17.0,22.7,955.5,0.0,0.0,0.0,11.2,31.7,47252.6,52067.97
2015-08-03,2.667,1.583375,28.6,16.8,23.0,954.4,0.1,0.1,0.0,12.7,34.2,47235.01,51934.3
2015-08-04,2.667,1.541625,29.1,17.7,23.5,952.5,0.0,0.0,0.0,12.2,33.1,47316.3,51799.24
2015-08-05,2.333,1.1665,28.7,19.2,23.6,952.3,0.6,0.6,0.0,15.8,43.9,41812.28,51662.9
2015-08-06,3.333,2.3748750000000003,28.4,19.4,23.8,953.3,0.7,0.7,0.0,14.8,46.8,45908.08,51525.42
2015-08-07,5.0,2.916625,29.2,18.8,23.9,954.1,0.0,0.0,0.0,16.9,47.9,46864.53,51386.92
2015-08-08,3.0,2.416875,27.5,18.4,22.8,955.8,0.0,0.0,0.0,18.8,48.6,47118.41,51247.41
2015-08-09,3.333,2.333125,27.5,16.9,22.1,954.8,0.0,0.0,0.0,12.4,35.3,47276.66,51105.82
2015-08-10,2.667,2.083375,27.4,18.6,23.0,951.9,0.0,0.0,0.0,11.5,29.5,47192.05,50961.99
2015-08-11,2.667,1.75,28.9,18.6,24.0,950.5,0.0,0.0,0.0,11.4,29.9,46800.0,50816.07
2015-08-12,3.333,2.375,30.0,19.5,25.0,952.0,0.0,0.0,0.0,14.0,38.9,46800.0,50668.21
2015-08-13,4.333,2.08325,29.3,19.8,24.9,951.6,0.1,0.1,0.0,12.9,36.7,46800.0,50518.56
2015-08-14,1.0,0.500125,29.7,20.6,25.2,950.0,0.0,0.0,0.0,8.5,20.9,46800.0,50367.26
2015-08-15,6.0,3.95825,29.7,20.6,25.5,948.2,0.0,0.0,0.0,6.9,17.6,46800.0,50214.44
2015-08-16,5.667,4.0835,30.9,21.2,25.6,946.9,0.6,0.6,0.0,12.3,30.2,46800.0,50060.25
2015-08-17,4.333,3.625,26.2,18.1,22.1,946.8,3.7,3.7,0.0,9.7,31.3,37277.81,49904.82
2015-08-18,3.0,1.875,26.1,18.1,22.1,948.7,0.0,0.0,0.0,8.9,19.8,46761.92,49748.28
2015-08-19,4.0,3.208375,27.1,17.1,22.1,950.7,0.0,0.0,0.0,10.6,23.8,46024.6,49590.76
2015-08-20,3.333,2.583375,23.4,16.0,19.1,952.1,11.5,11.5,0.0,11.0,28.1,37242.2,49432.37
2015-08-21,2.333,1.33325,17.7,14.1,15.6,954.8,0.0,0.0,0.0,12.0,30.2,11427.12,49273.26
2015-08-22,3.333,1.95825,17.3,13.3,14.7,953.2,4.0,4.0,0.0,9.7,25.2,12920.17,49113.53
2015-08-23,5.333,3.6251249999999997,21.1,13.1,16.5,952.1,0.1,0.1,0.0,7.1,18.4,38585.31,48953.3
2015-08-24,3.0,1.62525,23.8,13.7,18.4,953.5,0.0,0.0,0.0,8.1,23.0,46800.0,48792.69
2015-08-25,2.667,1.958375,26.6,14.1,20.4,954.4,0.0,0.0,0.0,7.6,19.8,46800.0,48631.81
2015-08-26,4.667,3.91675,26.4,16.8,21.3,955.0,0.0,0.0,0.0,10.4,27.0,46800.0,48470.78
2015-08-27,6.333,4.958375,27.1,16.0,21.3,956.2,0.0,0.0,0.0,9.4,27.4,46800.0,48309.69
2015-08-28,5.667,4.5,28.8,15.9,21.7,957.1,0.0,0.0,0.0,8.5,21.6,46800.0,48148.55
2015-08-29,4.333,2.66675,29.1,18.3,23.3,958.9,0.0,0.0,0.0,12.1,29.9,46800.0,47986.24
2015-08-30,1.667,0.9167500000000001,30.0,18.6,23.9,959.8,0.0,0.0,0.0,12.0,34.2,46800.0,47822.58
2015-08-31,1.667,1.04175,30.9,18.5,24.1,957.3,0.0,0.0,0.0,9.8,27.0,46729.54,47657.69
2015-09-01,1.667,1.125125,31.5,16.8,23.8,952.8,0.0,0.0,0.0,8.2,21.6,46627.89,47491.67
2015-09-02,3.0,1.70825,31.7,19.7,25.1,949.5,0.0,0.0,0.0,7.6,19.1,46525.28,47324.66
2015-09-03,3.333,1.833375,31.0,21.0,25.7,949.5,0.0,0.0,0.0,8.2,21.6,46421.81,47156.77
2015-09-04,4.333,3.333125,31.5,20.2,26.1,950.7,0.0,0.0,0.0,10.3,29.2,46317.6,46988.1
2015-09-05,3.667,2.54175,32.1,19.4,26.3,950.8,0.0,0.0,0.0,16.3,44.6,46099.26,46818.78
2015-09-06,4.0,2.708375,26.4,19.1,22.6,949.6,2.3,2.3,0.0,17.0,52.6,43282.68,46648.91
2015-09-07,6.333,4.333375,19.8,15.4,17.6,953.8,0.0,0.0,0.0,8.5,20.9,18708.04,46478.6
2015-09-08,6.0,3.083375,18.9,11.1,14.7,954.2,1.0,1.0,0.0,9.0,27.4,38952.66,46307.96
2015-09-09,6.0,5.333375,19.7,10.3,15.2,954.1,0.0,0.0,0.0,8.0,23.8,26676.68,46137.09
2015-09-10,4.333,2.375,16.8,13.4,15.0,951.0,21.3,21.3,0.0,13.2,34.2,1484.27,45966.08
2015-09-11,7.0,4.91675,19.9,14.4,16.5,953.5,1.0,1.0,0.0,8.2,25.2,26419.74,45795.06
2015-09-12,4.333,2.875,17.9,13.4,15.1,956.5,0.1,0.1,0.0,9.2,22.0,13980.12,45624.12
2015-09-13,3.667,2.29175,22.4,10.6,15.9,956.5,0.0,0.0,0.0,6.9,19.1,41340.38,45453.35
2015-09-14,4.667,2.66675,24.6,11.8,17.7,954.9,0.0,0.0,0.0,7.5,19.8,43500.58,45282.85
2015-09-15,4.0,3.1248750000000003,26.9,13.0,19.4,954.2,0.0,0.0,0.0,7.6,20.2,42863.42,45112.74
2015-09-16,3.333,2.499875,28.4,13.9,20.6,953.4,0.0,0.0,0.0,7.9,19.1,42215.81,44943.1
2015-09-17,4.333,2.0415,30.9,17.8,23.5,953.0,0.0,0.0,0.0,9.1,16.9,42526.76,44773.92
2015-09-18,3.333,2.541625,31.8,20.2,25.1,954.2,0.0,0.0,0.0,10.8,28.4,42514.98,44604.08
2015-09-19,4.667,2.625125,29.1,18.3,23.4,953.7,0.0,0.0,0.0,11.6,31.3,42297.48,44433.35
2015-09-20,7.0,4.375,27.3,17.6,21.7,948.5,0.2,0.2,0.0,10.7,24.5,42017.11,44261.85
2015-09-21,3.333,1.91675,22.2,15.9,18.6,947.0,0.0,0.0,0.0,11.4,28.4,31611.4,44089.7
2015-09-22,3.667,2.208375,20.8,14.9,17.4,947.8,1.4,1.4,0.0,10.7,29.2,1663.05,43916.98
2015-09-23,3.667,2.499875,23.7,14.5,18.3,946.7,0.0,0.0,0.0,8.1,24.5,39926.83,43743.82
2015-09-24,2.667,1.708375,23.7,15.9,19.4,947.6,0.1,0.1,0.0,8.0,20.9,36286.33,43570.32
2015-09-25,3.0,1.58325,23.3,15.1,19.0,948.8,0.0,0.0,0.0,9.8,35.6,39871.21,43396.57
2015-09-26,2.0,0.999875,17.6,14.0,15.7,949.7,8.6,8.6,0.0,7.6,24.8,4394.16,43222.69
2015-09-27,1.333,0.749875,14.3,12.7,13.3,952.0,19.0,19.0,0.0,7.4,26.3,0.0,43048.78
2015-09-28,1.667,0.833375,13.4,10.8,12.5,955.1,7.6,7.6,0.0,7.9,20.5,0.0,42874.95
2015-09-29,2.667,1.124875,10.7,9.1,9.9,956.9,0.7,0.7,0.0,10.4,24.8,0.0,42701.29
2015-09-30,0.667,0.33337500000000003,13.7,7.8,10.1,959.0,0.0,0.0,0.0,13.2,34.9,37140.83,42527.93
2015-10-01,3.667,2.125,15.2,6.5,10.2,961.3,0.0,0.0,0.0,9.4,27.4,38660.06,42354.95
2015-10-02,3.667,2.625125,15.3,7.7,11.1,962.0,0.0,0.0,0.0,10.5,27.7,26165.58,42182.48
2015-10-03,3.333,2.25,20.1,8.7,13.8,960.1,0.0,0.0,0.0,6.4,17.6,39951.85,42010.6
2015-10-04,4.333,3.04175,22.0,11.9,16.6,957.7,0.0,0.0,0.0,6.5,15.8,31383.72,41839.44
2015-10-05,5.0,3.0001249999999997,21.6,12.9,17.4,952.3,0.0,0.0,0.0,8.0,24.1,36291.65,41669.11
2015-10-06,4.333,3.1666250000000002,18.1,10.8,14.9,947.8,3.1,3.1,0.0,12.1,33.5,37417.26,41499.71
2015-10-07,7.333,5.625,17.9,12.0,14.5,946.3,2.9,2.9,0.0,6.6,19.4,15578.56,41331.23
2015-10-08,5.667,4.875125,13.0,10.2,12.0,950.4,18.4,18.4,0.0,11.9,30.6,0.0,41162.45
2015-10-09,4.667,3.91675,13.4,9.8,11.0,952.9,8.7,8.7,0.0,7.6,29.9,6392.92,40993.15
2015-10-10,3.333,2.375,12.3,8.8,10.4,951.7,13.5,13.5,0.0,11.2,38.5,0.0,40823.42
2015-10-11,3.667,2.5,18.6,10.9,13.8,941.8,5.8,5.8,0.0,13.7,54.0,20751.89,40653.42
2015-10-12,5.0,3.29175,12.8,9.2,11.4,947.2,2.1,2.1,0.0,8.0,20.9,3192.26,40483.24
2015-10-13,4.333,3.6665,13.8,7.3,9.7,954.3,0.0,0.0,0.0,6.4,15.5,25429.88,40313.02
2015-10-14,4.333,3.5,18.4,6.5,11.1,954.0,1.7,1.7,0.0,7.9,24.1,36259.52,40142.88
2015-10-15,2.667,2.0,19.4,6.8,12.2,954.5,0.0,0.0,0.0,10.4,27.7,37366.23,39972.95
2015-10-16,2.667,1.583375,16.6,8.2,11.8,955.3,1.6,1.6,0.0,11.1,36.7,29637.6,39803.34
2015-10-17,3.667,2.29175,19.1,8.1,13.3,954.3,0.0,0.0,0.0,10.2,25.9,35851.07,39634.2
2015-10-18,4.667,3.25,19.2,10.4,14.3,953.9,0.0,0.0,0.0,9.6,27.7,36000.0,39465.65
2015-10-19,1.667,0.91675,19.4,8.9,13.5,950.0,0.0,0.0,0.0,14.2,33.8,36000.0,39297.82
2015-10-20,2.667,2.125,18.2,9.4,13.1,947.4,11.7,11.7,0.0,11.6,31.3,24239.53,39130.85
2015-10-21,3.667,2.166625,10.0,5.8,7.8,950.4,2.9,2.9,0.0,8.5,24.5,31752.8,38964.89
2015-10-22,2.0,1.16675,6.8,5.4,6.1,946.1,11.3,11.3,0.0,11.7,30.2,0.0,38800.06
2015-10-23,2.333,1.458375,7.0,5.5,6.2,949.2,7.4,7.4,0.0,13.3,37.8,0.0,38636.51
2015-10-24,3.667,1.9585,11.6,3.4,7.2,955.2,0.0,0.0,0.0,8.4,24.1,35673.62,38474.39
2015-10-25,2.667,1.625125,13.5,2.8,7.9,956.8,0.0,0.0,0.0,4.8,14.8,36244.92,38313.84
2015-10-26,0.667,0.249875,13.7,4.9,9.0,956.4,0.0,0.0,0.0,6.0,18.4,36000.0,38155.01
2015-10-27,2.0,0.749875,13.8,4.4,8.1,957.0,0.0,0.0,0.0,8.9,21.6,33136.92,37997.93
2015-10-28,1.0,0.166625,12.1,3.4,6.8,957.1,0.0,0.0,0.0,7.7,19.8,31101.76,37841.25
2015-10-29,2.333,0.875,12.5,0.8,5.8,954.9,0.0,0.0,0.0,8.3,22.3,35954.52,37684.71
2015-10-30,3.0,1.875,11.7,1.4,5.8,959.0,0.0,0.0,0.0,12.4,32.8,35878.97,37528.46
2015-10-31,2.667,1.375,8.3,4.8,6.3,966.7,0.0,0.0,0.0,17.7,45.0,23795.87,37372.65
2015-11-01,3.333,2.1248750000000003,8.1,1.1,4.1,970.7,0.0,0.0,0.0,14.1,37.4,35726.49,37217.43
2015-11-02,2.667,0.9165,11.7,1.0,5.2,966.7,0.0,0.0,0.0,5.5,19.1,35649.69,37062.95
2015-11-03,5.0,3.9998750000000003,14.4,4.4,8.2,961.2,0.0,0.0,0.0,3.6,12.2,35572.6,36909.36
2015-11-04,5.333,3.8748750000000003,15.0,3.9,8.4,956.1,0.0,0.0,0.0,3.4,9.7,35495.29,36756.84
2015-11-05,4.0,2.958375,14.0,3.2,7.7,953.4,0.0,0.0,0.0,3.8,10.8,35417.83,36605.54
2015-11-06,4.333,2.70825,12.6,2.9,6.8,956.1,0.0,0.0,0.0,5.6,13.0,35340.29,36455.63
2015-11-07,6.0,4.125,11.4,2.5,5.8,959.2,0.0,0.0,0.0,7.9,18.4,35262.74,36307.27
2015-11-08,4.333,2.4166250000000002,11.0,2.5,6.3,961.2,0.0,0.0,0.0,8.9,21.6,25873.06,36160.64
2015-11-09,4.667,3.8335,15.8,1.8,8.2,957.5,0.0,0.0,0.0,10.6,36.0,33119.77,36015.93
2015-11-10,5.333,4.45825,15.5,6.3,10.2,955.3,0.0,0.0,0.0,12.1,34.9,21851.88,35873.3
2015-11-11,4.667,3.4583749999999998,17.7,5.8,10.9,955.6,0.0,0.0,0.0,13.1,40.7,34261.52,35732.94
2015-11-12,1.667,0.958375,17.5,8.5,12.3,959.4,0.0,0.0,0.0,9.0,22.3,34308.08,35595.04
2015-11-13,3.667,2.54175,16.5,6.6,11.4,961.3,0.0,0.0,0.0,8.6,17.6,34354.35,35459.8
2015-11-14,3.0,2.0415,16.5,3.9,9.7,957.5,0.0,0.0,0.0,12.6,31.3,34045.72,35327.4
2015-11-15,3.0,1.9165,12.5,1.6,6.7,954.2,0.0,0.0,0.0,8.9,22.0,32977.26,35198.05
2015-11-16,3.333,2.666625,13.9,2.5,8.0,949.5,0.0,0.0,0.0,14.4,38.9,31481.27,35071.81
2015-11-17,3.0,1.8335,14.8,7.0,10.2,954.2,0.0,0.0,0.0,7.2,22.0,32246.78,34947.38
2015-11-18,5.0,2.625125,16.4,3.4,8.7,952.1,0.0,0.0,0.0,9.7,23.0,31074.84,34824.53
2015-11-19,3.667,1.708375,16.3,4.9,9.5,954.9,0.0,0.0,0.0,8.7,20.9,32940.52,34703.42
2015-11-20,2.333,0.9165000000000001,15.2,2.9,7.6,948.3,0.0,0.0,0.0,12.0,28.1,32579.31,34584.18
2015-11-21,2.0,0.5415,14.2,2.8,8.3,935.0,0.0,0.0,0.0,18.3,58.0,24564.26,34466.98
2015-11-22,0.667,0.33337500000000003,13.9,9.1,12.0,933.6,11.4,11.4,0.0,21.6,65.9,6789.67,34351.97
2015-11-23,0.667,0.25,11.5,5.2,8.3,950.3,3.1,3.1,0.0,6.7,39.2,30192.67,34239.32
2015-11-24,0.0,0.0,7.9,4.4,6.5,954.0,5.9,5.9,0.0,8.2,34.9,1367.07,34129.19
2015-11-25,0.0,0.0,9.3,5.0,6.3,946.0,4.6,4.6,0.0,9.0,38.5,21376.98,34021.74
2015-11-26,1.333,0.33325,7.5,3.2,5.0,937.1,8.0,8.0,0.0,9.3,22.3,6541.18,33917.15
2015-11-27,3.0,1.541625,4.1,1.8,2.6,942.7,7.2,5.0,1.61,13.0,41.4,0.0,33815.57
2015-11-28,2.667,1.541625,6.3,2.0,3.7,942.5,0.1,0.1,0.0,10.1,29.9,8114.32,33717.18
2015-11-29,3.0,1.875125,3.9,-1.0,1.9,952.3,0.0,0.0,0.0,19.1,47.9,5914.21,33622.17
2015-11-30,5.0,2.95825,8.6,-1.8,2.0,955.6,0.0,0.0,0.0,9.8,28.1,31463.58,33530.7
2015-12-01,3.667,2.66675,11.4,0.2,4.8,954.5,0.0,0.0,0.0,15.2,37.1,26607.26,33442.95
2015-12-02,2.667,2.0,7.8,3.4,6.2,959.0,2.7,2.7,0.0,14.6,39.2,9995.28,33359.09
2015-12-03,1.333,0.833125,9.2,4.9,7.0,963.5,0.0,0.0,0.0,10.2,29.2,7583.76,33279.31
2015-12-04,2.333,0.9998750000000001,11.3,2.8,6.7,965.8,0.0,0.0,0.0,6.4,14.0,31670.1,33203.78
2015-12-05,3.667,2.749875,9.3,1.3,5.2,967.1,0.0,0.0,0.0,5.6,16.9,31657.58,33132.68
2015-12-06,4.333,3.54175,10.9,0.5,5.0,966.8,0.0,0.0,0.0,5.4,15.1,31647.71,33066.11
2015-12-07,3.667,3.375,9.7,2.4,5.3,966.9,0.0,0.0,0.0,6.2,16.2,28102.14,33003.29
2015-12-08,3.667,2.2501249999999997,6.5,0.3,2.8,967.2,0.0,0.0,0.0,7.7,15.1,26031.0,32944.04
2015-12-09,3.333,1.874875,5.8,-0.2,1.8,964.7,0.0,0.0,0.0,5.9,17.3,30092.56,32888.45
2015-12-10,5.0,3.66675,2.6,-0.1,1.0,964.2,0.0,0.0,0.0,6.6,19.1,339.13,32836.57
2015-12-11,4.333,3.33325,2.3,-0.4,0.6,962.5,0.0,0.0,0.0,8.3,22.3,0.0,32788.47
2015-12-12,3.333,2.333375,5.1,-1.7,1.2,958.8,0.0,0.0,0.0,8.3,23.8,31646.37,32744.23
2015-12-13,2.667,1.625125,9.4,1.0,4.0,956.7,0.0,0.0,0.0,7.1,17.6,31655.29,32703.9
2015-12-14,5.333,2.875,8.6,1.0,3.9,956.6,0.0,0.0,0.0,7.4,18.4,31666.67,32667.56
2015-12-15,4.667,2.833375,6.6,0.2,2.5,959.5,0.0,0.0,0.0,6.3,13.3,31680.46,32635.25
2015-12-16,3.667,1.0415,2.9,-1.4,0.3,960.8,0.0,0.0,0.14,6.3,17.3,4029.38,32607.05
2015-12-17,3.667,1.374875,2.1,-0.7,0.1,964.4,0.0,0.0,0.0,8.9,25.6,13318.51,32583.01
2015-12-18,2.667,1.12525,5.6,-1.8,1.0,960.8,0.0,0.0,0.0,6.0,17.6,28867.51,32563.19
2015-12-19,4.0,1.833375,8.1,1.5,4.1,959.3,0.0,0.0,0.0,5.6,13.7,30393.82,32547.65
2015-12-20,6.667,5.58325,8.5,1.0,4.2,963.1,0.0,0.0,0.0,4.0,11.5,31783.32,32536.43
2015-12-21,6.667,3.875,9.6,1.3,4.3,963.6,0.0,0.0,0.0,6.9,16.6,31810.24,32529.59
2015-12-22,4.333,2.5415,9.7,0.8,4.5,964.4,0.0,0.0,0.0,8.0,23.0,31839.13,32527.18
2015-12-23,3.333,2.2916250000000002,11.8,2.3,6.1,964.2,0.0,0.0,0.0,6.2,13.3,31869.92,32529.24
2015-12-24,3.333,2.458375,11.1,3.1,6.5,963.0,0.0,0.0,0.0,4.4,13.3,31902.28,32535.81
2015-12-25,2.333,1.958375,9.1,0.6,4.4,964.0,0.0,0.0,0.0,8.8,19.1,31913.81,32546.94
2015-12-26,4.333,2.7498750000000003,7.6,0.3,3.6,966.6,0.0,0.0,0.0,8.3,16.6,31930.2,32562.69
2015-12-27,3.0,2.33325,11.4,2.0,5.7,964.9,0.0,0.0,0.0,4.4,11.9,31951.63,32583.22
2015-12-28,2.0,1.166625,11.9,3.4,6.8,962.7,0.0,0.0,0.0,7.8,16.9,31977.86,32608.48
2015-12-29,2.333,1.5,7.0,2.2,4.0,959.1,0.0,0.0,0.0,7.9,23.4,20312.33,32638.39
2015-12-30,1.333,0.583375,2.1,-5.7,-1.8,963.1,0.4,0.0,0.49,13.0,31.7,26871.08,32672.84
2015-12-31,5.667,4.25,-5.1,-9.3,-6.7,964.4,0.0,0.0,0.0,16.0,42.8,32084.28,32711.74
2016-01-01,6.0,3.25,-0.1,-9.6,-5.7,959.1,0.0,0.0,0.0,8.7,23.8,32128.66,32754.98
2016-01-02,3.0,2.20825,0.8,-4.6,-2.6,956.0,0.1,0.0,0.28,7.3,18.4,32177.32,32802.45
2016-01-03,2.667,1.583375,-2.6,-9.6,-4.9,949.5,11.3,0.0,7.98,12.4,31.0,0.0,32854.06
2016-01-04,2.0,1.166875,1.0,-11.4,-5.8,940.5,8.0,0.0,5.74,8.4,42.5,19878.91,32909.69
2016-01-05,2.333,1.416625,7.6,-2.4,1.9,936.0,3.2,0.4,1.96,8.4,47.5,32277.41,32969.24
2016-01-06,4.667,3.041625,6.5,1.9,3.5,936.7,27.8,27.8,0.0,8.6,24.5,0.0,33032.59
2016-01-07,4.0,2.7083749999999998,4.2,0.2,2.2,930.5,6.8,6.7,0.21,15.7,40.3,15524.09,33099.65
2016-01-08,3.0,1.7915,5.7,-2.5,1.7,942.5,0.0,0.0,0.14,18.3,41.4,32297.56,33170.3
2016-01-09,2.0,1.375,8.8,1.1,3.8,947.5,0.0,0.0,0.0,8.9,25.6,32309.03,33244.43
2016-01-10,2.667,1.95825,8.0,2.3,4.5,943.6,0.0,0.0,0.0,8.9,32.4,29735.32,33321.94
2016-01-11,4.0,2.583375,9.7,0.5,4.2,942.6,0.0,0.0,0.0,14.2,34.6,32339.24,33402.71
2016-01-12,4.0,2.666625,12.7,1.0,5.6,936.6,3.3,3.3,0.0,19.8,67.3,30172.33,33486.64
2016-01-13,4.0,2.5416250000000002,9.0,-0.8,3.0,943.0,0.8,0.8,0.0,9.6,29.5,31545.07,33573.61
2016-01-14,2.667,1.91675,6.8,-0.9,2.6,951.2,0.1,0.0,0.07,15.2,37.4,32400.0,33663.52
2016-01-15,2.0,1.16675,7.0,-0.4,3.0,944.6,3.8,3.2,0.49,10.0,41.4,1512.17,33756.37
2016-01-16,1.333,0.624875,4.9,-3.0,0.7,940.7,26.2,5.6,14.42,11.0,26.3,0.0,33853.19
2016-01-17,1.333,0.666625,-3.1,-7.2,-4.5,937.1,12.8,0.0,9.24,15.4,40.7,1802.5,33954.08
2016-01-18,3.0,0.833375,-4.7,-9.5,-6.9,943.4,1.2,0.0,1.33,12.9,29.5,4147.26,34058.83
2016-01-19,4.333,1.999875,-4.6,-12.0,-9.1,950.1,0.0,0.0,0.0,7.8,17.6,32400.0,34167.26
2016-01-20,4.667,3.541625,-1.9,-17.6,-9.2,951.1,0.0,0.0,0.0,6.2,13.3,32400.0,34279.15
2016-01-21,5.667,4.125125,1.2,-13.4,-6.5,952.4,0.0,0.0,0.0,9.8,22.0,32400.0,34394.33
2016-01-22,3.333,2.7498750000000003,-3.7,-9.8,-7.0,962.0,0.0,0.0,0.0,10.1,23.0,32491.1,34512.6
2016-01-23,3.667,2.375,-4.2,-18.4,-10.2,964.8,0.0,0.0,0.0,3.8,10.1,31679.76,34633.76
2016-01-24,4.0,2.041625,-2.6,-13.1,-8.0,963.4,0.0,0.0,0.28,7.3,16.2,26367.87,34757.63
2016-01-25,0.667,0.29150000000000004,-0.6,-6.8,-3.9,962.8,0.0,0.0,0.0,8.9,21.2,30650.69,34884.03
2016-01-26,1.667,0.833375,3.8,-6.1,-1.0,958.5,1.6,0.0,1.33,9.8,28.4,15450.71,35012.77
2016-01-27,2.0,0.916625,8.2,-3.1,2.1,960.8,0.0,0.0,0.0,8.2,18.7,30581.06,35143.69
2016-01-28,2.333,1.041625,11.5,-0.2,4.7,958.8,0.0,0.0,0.0,9.0,19.4,32593.11,35276.6
2016-01-29,0.667,0.5835,10.5,0.4,5.2,960.7,0.0,0.0,0.0,10.7,21.2,32899.13,35411.34
2016-01-30,0.667,0.33325000000000005,9.5,2.1,4.9,961.6,0.0,0.0,0.0,8.7,17.6,33203.38,35547.73
2016-01-31,3.667,2.083375,8.4,0.9,4.2,952.1,0.0,0.0,0.0,12.4,28.8,24893.23,35685.61
2016-02-01,3.667,1.45825,9.8,1.7,5.2,952.1,0.0,0.0,0.0,21.0,51.1,28087.27,35824.83
2016-02-02,2.667,1.208375,15.2,3.1,8.2,958.5,0.0,0.0,0.0,8.9,25.2,32323.06,35965.22
2016-02-03,4.667,1.875125,16.7,4.4,9.1,951.3,0.0,0.0,0.0,10.4,28.8,34059.34,36106.62
2016-02-04,2.333,1.20825,10.3,0.9,4.7,946.5,2.3,0.9,1.05,15.9,43.9,19743.95,36249.04
2016-02-05,3.333,2.3748750000000003,0.4,-2.4,-0.5,952.0,7.5,0.0,5.39,10.6,27.0,253.43,36393.85
2016-02-06,2.333,1.70825,2.8,-4.2,-1.0,960.3,0.0,0.0,0.0,11.4,28.8,34826.44,36541.25
2016-02-07,3.667,1.791625,6.3,-2.4,1.1,958.3,0.0,0.0,0.0,8.1,19.8,34906.04,36691.08
2016-02-08,5.0,2.374875,7.3,-0.2,3.1,955.2,0.0,0.0,0.0,8.9,23.4,33485.7,36843.12
2016-02-09,3.0,1.916625,11.8,1.6,4.9,952.5,0.0,0.0,0.0,11.0,25.2,35065.82,36997.22
2016-02-10,2.667,1.0,12.1,-0.1,5.2,938.4,2.9,2.9,0.0,25.1,79.6,22642.61,37153.18
2016-02-11,3.333,2.0416250000000002,8.6,0.1,4.9,941.2,7.8,6.9,0.63,16.6,48.2,25746.27,37310.83
2016-02-12,3.667,2.58325,11.5,1.1,5.4,944.6,6.5,4.2,1.68,10.9,31.0,25200.0,37470.01
2016-02-13,3.0,1.5835,12.0,2.1,6.0,936.2,8.9,8.9,0.0,14.0,51.8,15145.57,37630.54
2016-02-14,3.0,2.1666250000000002,16.2,-0.1,7.0,937.0,0.0,0.0,0.0,19.9,52.2,35908.73,37792.27
2016-02-15,4.333,2.1666250000000002,18.9,5.5,11.4,943.4,0.0,0.0,0.0,25.0,68.0,35545.48,37955.02
2016-02-16,5.333,4.375,20.4,7.5,12.9,956.8,0.0,0.0,0.0,11.2,38.9,32371.33,38118.64
2016-02-17,5.667,4.208375,16.1,6.9,10.8,959.8,0.0,0.0,0.0,8.6,23.8,22248.37,38282.98
2016-02-18,5.0,3.9998750000000003,9.5,5.1,7.0,954.4,0.1,0.1,0.0,13.3,36.0,6786.4,38447.89
2016-02-19,3.667,3.041625,11.4,4.3,7.1,949.3,3.2,3.2,0.0,10.8,35.3,17138.86,38613.21
2016-02-20,2.333,1.166625,6.6,3.0,5.1,953.2,9.3,8.2,0.77,7.6,20.2,0.0,38778.81
2016-02-21,1.667,1.00025,9.9,-2.1,3.9,953.4,0.0,0.0,0.0,15.8,41.4,30234.12,38944.53
2016-02-22,1.0,0.54175,17.7,1.8,9.1,951.8,0.0,0.0,0.0,9.7,26.6,38351.21,39110.24
2016-02-23,3.0,1.208375,20.0,4.7,11.7,947.9,0.0,0.0,0.0,15.6,41.0,38557.7,39275.81
2016-02-24,2.667,1.625,11.2,2.8,8.4,944.8,4.7,4.7,0.0,14.0,38.2,4849.03,39441.22
2016-02-25,2.0,1.291875,12.6,0.4,5.1,949.1,0.0,0.0,0.0,11.9,33.1,38739.88,39607.83
2016-02-26,3.667,1.500125,12.7,1.6,6.6,944.1,0.1,0.1,0.0,15.9,51.8,35070.3,39775.91
2016-02-27,1.333,0.70825,11.2,5.1,7.4,947.6,1.7,1.7,0.0,8.0,23.4,31836.05,39945.3
2016-02-28,1.333,0.70825,13.3,2.2,6.8,953.6,0.0,0.0,0.0,10.0,28.8,34815.5,40115.88
2016-02-29,2.0,0.916625,16.3,1.0,8.0,950.7,0.0,0.0,0.0,11.6,38.5,39121.65,40287.49
2016-03-01,3.0,1.9585,14.6,5.5,9.6,944.7,2.0,2.0,0.0,11.2,56.2,36960.37,40460.03
2016-03-02,2.667,1.541625,10.4,3.9,7.6,943.4,0.3,0.3,0.0,7.1,20.2,29740.21,40633.34
2016-03-03,2.333,1.624875,13.1,3.1,7.8,935.5,0.0,0.0,0.0,12.7,32.0,39420.09,40807.29
2016-03-04,2.667,0.833375,8.1,3.2,5.7,932.6,8.4,7.6,0.56,14.1,37.1,24454.73,40981.77
2016-03-05,2.0,0.708125,13.0,1.6,6.3,943.2,2.6,0.6,1.4,11.8,30.6,39600.0,41156.65
2016-03-06,6.333,3.083375,15.9,3.2,8.3,942.4,0.0,0.0,0.0,17.4,43.2,34937.33,41331.8
2016-03-07,4.667,3.7085,17.3,1.1,9.0,938.0,0.5,0.5,0.0,16.4,47.5,39600.0,41507.1
2016-03-08,2.333,1.75,12.3,4.5,8.0,943.2,8.0,8.0,0.0,6.6,38.5,38027.18,41682.42
2016-03-09,2.0,1.625,9.5,4.4,7.1,943.4,3.8,3.8,0.0,9.4,27.4,2442.84,41857.65
2016-03-10,2.667,1.75,7.0,5.0,6.2,938.3,14.2,14.2,0.0,7.9,32.0,0.0,42032.66
2016-03-11,5.333,3.08325,8.5,4.0,5.8,946.3,6.0,6.0,0.0,8.6,20.5,12869.88,42207.33
2016-03-12,3.333,2.25,10.3,2.3,5.9,952.1,0.7,0.7,0.0,10.9,29.9,15652.68,42381.55
2016-03-13,1.667,0.6667500000000001,5.7,2.0,4.1,950.9,6.0,6.0,0.0,14.5,35.6,1126.93,42555.18
2016-03-14,5.0,2.08325,4.2,-1.2,2.0,951.8,1.5,1.2,0.28,15.9,43.6,25657.73,42728.13
2016-03-15,5.333,3.5415,7.5,-1.9,2.3,951.6,0.0,0.0,0.0,8.1,21.6,37102.64,42900.38
2016-03-16,5.0,3.1251249999999997,6.6,-1.3,2.1,957.4,0.0,0.0,0.0,12.0,30.6,34107.61,43073.19
2016-03-17,4.667,3.5001249999999997,10.5,-0.3,4.2,959.0,0.0,0.0,0.0,6.1,16.9,40547.65,43246.78
2016-03-18,2.333,1.95825,11.9,1.0,6.1,950.2,0.0,0.0,0.0,11.6,31.3,40824.57,43421.06
2016-03-19,3.667,2.79175,10.5,0.1,5.1,946.1,0.0,0.0,0.0,18.2,46.4,39851.6,43595.93
2016-03-20,3.667,2.16675,12.5,1.4,6.3,950.4,0.0,0.0,0.0,16.6,36.7,40441.34,43771.26
2016-03-21,2.333,1.66675,14.6,1.1,7.7,948.8,0.4,0.4,0.0,17.7,45.0,27980.43,43946.96
2016-03-22,2.333,1.4165,17.7,5.0,10.2,942.8,1.6,1.6,0.0,18.1,51.8,28607.42,44122.9
2016-03-23,3.667,2.125125,12.3,5.8,8.6,934.8,6.5,6.5,0.0,12.3,42.5,12554.41,44299.0
2016-03-24,2.667,1.458375,7.0,3.1,5.1,933.6,10.4,9.6,0.56,17.1,37.8,4334.21,44475.14
2016-03-25,3.0,1.166625,6.6,-1.0,3.0,946.2,0.9,0.9,0.0,14.9,38.9,39581.24,44651.21
2016-03-26,0.667,0.41675,9.0,0.3,4.1,950.3,0.0,0.0,0.0,8.5,20.2,41309.3,44827.1
2016-03-27,3.333,2.541625,8.0,1.1,4.1,949.9,3.4,1.0,1.75,7.0,25.2,32909.0,45002.71
2016-03-28,3.667,1.9585,12.6,0.3,6.0,950.0,0.0,0.0,0.0,11.5,30.2,38492.84,45177.92
2016-03-29,3.333,2.45825,13.7,1.4,7.6,949.5,0.1,0.1,0.0,17.5,41.8,35321.03,45352.62
2016-03-30,3.333,2.4165,17.9,4.7,11.1,954.1,0.0,0.0,0.0,10.1,29.2,39517.57,45526.71
2016-03-31,3.0,1.375,20.2,5.8,12.9,954.1,0.0,0.0,0.0,13.5,33.8,44189.87,45700.06
2016-04-01,1.333,0.45825,22.8,7.8,14.6,951.8,0.0,0.0,0.0,12.9,34.2,43183.81,45872.56
2016-04-02,5.0,2.45825,20.2,10.5,14.8,954.0,0.4,0.4,0.0,9.4,27.4,45500.83,46044.1
2016-04-03,4.333,2.625125,20.2,6.8,13.1,955.7,0.0,0.0,0.0,7.2,18.4,43305.4,46214.55
2016-04-04,2.667,1.375,22.8,9.5,15.9,950.9,0.0,0.0,0.0,8.3,22.3,45839.55,46383.92
2016-04-05,2.667,1.291625,23.3,10.5,17.0,948.0,0.0,0.0,0.0,8.9,15.8,43146.24,46553.38
2016-04-06,2.333,1.541625,23.7,12.1,18.2,947.0,0.2,0.2,0.0,6.3,18.0,44788.41,46723.15
2016-04-07,5.667,2.333375,24.0,12.5,17.9,946.7,0.5,0.5,0.0,11.6,28.1,46346.32,46893.12
2016-04-08,4.667,1.333375,21.1,11.1,15.8,940.5,0.4,0.4,0.0,11.3,33.8,38397.52,47063.21
2016-04-09,1.0,0.33325,17.7,8.9,13.4,937.0,0.0,0.0,0.0,11.2,26.6,37289.83,47233.28
2016-04-10,2.667,1.54175,14.3,8.5,11.1,938.9,6.0,6.0,0.0,12.5,37.1,26372.21,47403.24
2016-04-11,3.0,1.000125,10.3,6.8,8.5,943.7,6.0,6.0,0.0,15.9,41.4,0.0,47572.97
2016-04-12,5.0,3.041625,19.0,5.7,12.5,948.1,0.0,0.0,0.0,13.2,37.1,46800.0,47742.36
2016-04-13,5.0,3.79175,23.6,7.8,15.8,947.7,0.3,0.3,0.0,16.6,41.0,42595.98,47911.3
2016-04-14,4.667,3.5415,21.7,10.1,15.0,942.3,2.7,2.7,0.0,22.9,58.3,27822.68,48079.66
2016-04-15,4.0,1.666625,16.9,7.7,12.2,948.1,1.2,1.2,0.0,17.5,46.8,45380.34,48247.34
2016-04-16,3.667,2.166625,23.1,9.3,15.8,951.4,0.0,0.0,0.0,17.3,41.4,46800.0,48414.2
2016-04-17,4.0,3.16675,26.4,10.6,17.9,953.0,0.0,0.0,0.0,14.7,37.8,46800.0,48580.12
2016-04-18,2.333,1.083375,27.3,13.0,20.1,953.3,0.0,0.0,0.0,15.6,41.8,46800.0,48744.98
2016-04-19,1.0,0.333125,25.6,15.6,20.0,949.0,0.0,0.0,0.0,8.7,23.4,25639.6,48908.65
2016-04-20,1.333,0.70825,17.3,7.8,11.3,951.8,6.0,6.0,0.0,21.4,57.2,37065.32,49071.0
2016-04-21,1.667,1.041625,15.9,4.6,10.2,959.4,0.0,0.0,0.0,7.6,23.0,46800.0,49231.89
2016-04-22,4.0,2.4583749999999998,20.4,5.4,13.4,952.4,0.0,0.0,0.0,13.7,36.4,44949.96,49391.18
2016-04-23,4.667,2.208375,19.1,9.3,14.3,943.7,0.0,0.0,0.0,8.1,25.6,42593.95,49548.74
2016-04-24,4.0,2.166625,15.9,9.4,12.1,935.2,12.5,12.5,0.0,14.8,43.9,29072.49,49704.53
2016-04-25,1.667,1.208375,14.0,5.3,9.2,935.7,6.1,6.1,0.0,11.2,36.0,40733.76,49859.68
2016-04-26,2.667,1.3335,8.6,2.2,5.4,941.4,10.9,6.2,3.36,19.0,48.6,24234.35,50014.42
2016-04-27,3.0,2.1666250000000002,16.4,2.9,9.6,947.7,0.0,0.0,0.0,16.1,40.3,46913.94,50168.62
2016-04-28,2.0,0.916625,18.3,6.8,12.8,950.2,0.0,0.0,0.0,8.9,20.5,46873.71,50322.16
2016-04-29,1.0,0.541625,13.8,8.3,11.2,950.5,4.5,4.5,0.0,8.0,17.6,1997.7,50474.92
2016-04-30,3.0,1.7081250000000001,15.3,8.8,11.7,952.3,3.1,3.1,0.0,7.7,22.0,35208.78,50626.78
2016-05-01,4.0,2.83325,18.1,5.8,12.5,950.7,0.3,0.3,0.0,11.6,29.9,34438.11,50777.6
2016-05-02,5.667,3.750125,14.6,8.2,11.1,947.2,5.2,5.2,0.0,19.4,51.1,17880.05,50927.25
2016-05-03,3.333,2.20825,11.5,7.5,9.2,940.1,15.0,15.0,0.0,10.5,37.8,10895.75,51075.6
2016-05-04,1.667,0.833375,10.0,6.9,8.1,943.6,8.7,8.7,0.0,12.1,34.2,14400.0,51222.51
2016-05-05,2.333,1.541625,13.4,5.9,9.5,949.4,3.6,3.6,0.0,13.3,51.8,36031.1,51367.85
2016-05-06,4.333,2.79175,16.5,7.1,11.5,950.8,4.7,4.7,0.0,6.9,27.4,46992.99,51511.46
2016-05-07,3.667,1.958375,16.6,7.7,12.4,949.4,0.6,0.6,0.0,7.2,24.5,47009.65,51653.2
2016-05-08,6.333,5.708375,17.0,8.2,12.5,950.8,2.8,2.8,0.0,8.1,23.8,44621.39,51792.92
2016-05-09,6.333,3.833375,18.2,9.2,13.5,953.5,0.4,0.4,0.0,6.1,24.1,47476.86,51930.47
2016-05-10,3.667,2.7498750000000003,19.0,9.1,13.9,953.2,1.5,1.5,0.0,5.2,18.4,39365.79,52065.69
2016-05-11,2.667,1.249875,22.1,10.9,16.0,948.9,2.0,2.0,0.0,10.2,32.8,38823.14,52198.42
2016-05-12,1.0,0.750125,20.7,11.3,16.4,941.4,4.4,4.4,0.0,9.2,33.8,24319.64,52328.5
2016-05-13,2.333,1.583375,20.2,10.1,15.4,938.0,1.9,1.9,0.0,21.1,55.8,48009.1,52455.76
2016-05-14,3.333,2.08325,19.0,10.2,14.8,941.4,1.1,1.1,0.0,20.1,58.0,48975.57,52580.15
2016-05-15,3.667,2.5833749999999998,19.3,8.4,14.1,944.9,1.3,1.3,0.0,11.9,33.5,49353.32,52702.64
2016-05-16,3.333,2.5415,13.0,7.7,10.7,949.3,1.9,1.9,0.0,11.4,37.4,28320.87,52823.4
2016-05-17,3.333,2.708375,14.3,4.8,9.9,951.1,0.0,0.0,0.0,10.4,28.8,50198.74,52942.33
2016-05-18,2.667,1.708375,15.2,6.7,11.6,951.0,0.0,0.0,0.0,13.7,38.9,50901.4,53059.3
2016-05-19,2.667,1.708375,19.5,8.1,14.0,949.0,0.0,0.0,0.0,16.6,42.1,50238.23,53174.19
2016-05-20,2.333,1.374875,19.3,10.6,14.9,948.3,2.0,2.0,0.0,9.3,23.0,29170.93,53286.89
2016-05-21,4.667,2.791625,15.3,10.5,13.0,949.2,8.2,8.2,0.0,12.0,34.6,361.41,53397.24
2016-05-22,2.667,1.583375,18.5,7.3,13.3,953.2,0.1,0.1,0.0,11.5,31.3,50684.75,53505.15
2016-05-23,1.667,0.791625,23.2,10.9,17.2,950.7,0.0,0.0,0.0,11.8,26.3,51725.8,53610.48
2016-05-24,2.333,1.08325,20.5,11.7,15.8,943.1,2.9,2.9,0.0,19.8,54.4,46257.01,53713.1
2016-05-25,1.0,0.499875,15.6,9.0,11.9,941.3,2.8,2.8,0.0,22.3,69.1,32009.38,53812.87
2016-05-26,1.333,0.5415,18.8,12.0,14.9,946.7,5.2,5.2,0.0,16.6,53.3,42555.28,53909.67
2016-05-27,3.0,2.20825,21.3,10.8,16.4,951.6,0.0,0.0,0.0,13.5,42.1,52449.74,54003.35
2016-05-28,4.0,2.7498750000000003,24.0,14.1,19.4,952.3,0.0,0.0,0.0,7.3,16.6,53133.9,54093.79
2016-05-29,3.0,1.625,26.3,15.7,21.3,949.2,0.0,0.0,0.0,11.6,28.8,52411.22,54180.83
2016-05-30,4.0,2.291625,26.4,14.5,20.6,947.3,0.9,0.9,0.0,16.1,36.7,47733.7,54264.37
2016-05-31,3.667,2.1666250000000002,23.4,13.9,19.5,948.8,0.1,0.1,0.0,11.7,31.7,53435.49,54344.24
2016-06-01,2.0,1.291625,26.1,15.9,21.1,950.6,0.0,0.0,0.0,10.5,31.7,50400.0,54420.3
2016-06-02,1.0,0.541625,21.9,14.1,18.3,947.7,0.0,0.0,0.0,13.6,36.7,52340.72,54492.44
2016-06-03,1.0,0.41650000000000004,20.6,14.2,17.5,945.6,0.8,0.8,0.0,13.0,36.4,51614.44,54560.56
2016-06-04,1.333,0.6665,20.3,12.4,16.7,946.7,1.2,1.2,0.0,9.7,28.4,49603.98,54625.22
2016-06-05,5.333,3.625,22.6,13.9,18.4,949.7,0.2,0.2,0.0,6.2,20.9,51581.08,54686.54
2016-06-06,5.333,3.458375,19.5,13.6,16.3,950.2,7.5,7.5,0.0,13.2,33.8,34147.4,54744.44
2016-06-07,3.0,2.0,19.9,13.6,16.1,953.5,9.2,9.2,0.0,12.2,31.0,32373.73,54798.89
2016-06-08,2.0,1.333375,18.6,11.0,14.8,954.1,1.4,1.4,0.0,9.4,24.1,46950.3,54849.83
2016-06-09,2.0,0.75,21.3,10.9,16.3,949.8,0.0,0.0,0.0,8.1,16.9,53879.73,54897.19
2016-06-10,3.333,1.3331250000000001,22.1,11.4,17.1,948.3,0.0,0.0,0.0,8.4,19.8,47363.74,54940.93
2016-06-11,3.333,2.08325,24.0,12.9,19.2,949.4,0.0,0.0,0.0,13.1,35.6,53944.99,54981.0
2016-06-12,3.667,2.29175,24.5,14.1,19.6,947.7,0.8,0.8,0.0,12.8,36.7,49183.53,55017.34
2016-06-13,3.667,1.8335,20.3,14.5,17.8,940.2,5.2,5.2,0.0,12.7,34.9,21305.68,55049.92
2016-06-14,6.333,2.79175,19.3,11.0,15.8,937.9,0.5,0.5,0.0,14.3,43.6,50183.54,55078.67
2016-06-15,4.333,2.2916250000000002,24.1,11.6,18.4,942.4,0.0,0.0,0.0,16.6,43.6,54000.0,55103.56
2016-06-16,2.333,1.6665,28.4,14.9,21.5,951.0,0.0,0.0,0.0,10.9,29.2,54000.0,55124.54
2016-06-17,2.667,1.833375,33.1,17.5,25.2,953.7,0.0,0.0,0.0,12.4,37.1,54000.0,55141.56
2016-06-18,2.333,1.95825,33.9,20.9,27.4,952.7,0.0,0.0,0.0,10.9,38.2,54000.0,55154.6
2016-06-19,2.0,1.125125,29.3,20.6,25.0,951.6,0.0,0.0,0.0,15.2,42.5,38173.98,55163.6
2016-06-20,1.333,0.875,31.4,16.5,24.0,953.2,0.1,0.1,0.0,14.5,29.9,51918.68,55168.54
2016-06-21,1.0,0.625125,31.0,17.1,24.1,956.7,0.0,0.0,0.0,13.7,33.5,53872.35,55169.37
2016-06-22,4.667,2.083375,29.8,17.9,24.1,957.5,0.0,0.0,0.0,13.9,36.7,54000.0,55166.08
2016-06-23,3.667,2.0835,28.1,19.3,24.2,957.4,0.0,0.0,0.0,15.3,41.0,54000.0,55158.61
2016-06-24,3.667,2.625,28.4,18.3,23.4,955.8,3.6,3.6,0.0,15.9,49.7,53810.31,55146.85
2016-06-25,2.667,1.7085,27.1,17.2,22.5,952.7,0.5,0.5,0.0,15.9,45.7,54000.0,55130.83
2016-06-26,3.667,2.208375,27.6,15.2,21.8,950.6,0.0,0.0,0.0,12.6,32.4,50684.32,55110.62
2016-06-27,3.0,1.791625,26.8,19.0,22.5,949.5,1.4,1.4,0.0,5.9,22.3,51844.08,55086.28
2016-06-28,2.333,1.4165,22.2,16.2,19.2,948.9,6.6,6.6,0.0,17.9,41.0,44054.22,55057.87
2016-06-29,1.667,1.041875,22.6,16.4,19.1,950.2,1.7,1.7,0.0,12.4,33.1,39876.04,55025.48
2016-06-30,3.0,1.25,27.4,16.9,22.1,952.6,0.0,0.0,0.0,7.8,16.2,54000.0,54989.18
2016-07-01,3.333,1.499875,28.2,20.5,23.8,953.5,0.4,0.4,0.0,6.8,21.6,51868.8,54949.04
2016-07-02,3.667,1.500125,27.6,19.7,23.3,953.3,3.4,3.4,0.0,7.8,24.5,50233.27,54905.13
2016-07-03,2.667,1.916625,27.3,18.9,23.3,951.6,0.0,0.0,0.0,8.3,22.0,54000.0,54857.53
2016-07-04,2.0,1.333375,24.7,17.4,21.2,953.5,0.0,0.0,0.0,12.3,34.9,52437.93,54806.32
2016-07-05,1.333,0.666625,25.2,15.8,20.5,953.7,0.0,0.0,0.0,10.6,24.5,52534.94,54751.59
2016-07-06,2.667,0.875,27.1,17.0,21.8,950.5,0.0,0.0,0.0,8.1,25.6,53960.6,54693.4
2016-07-07,4.667,3.41675,24.7,16.3,20.7,953.0,0.0,0.0,0.0,15.9,42.1,53920.49,54631.84
2016-07-08,4.0,3.33325,24.4,14.3,19.5,956.2,0.0,0.0,0.0,7.5,19.8,53879.22,54566.99
2016-07-09,3.333,2.6665,27.8,17.0,22.5,954.0,0.0,0.0,0.0,10.4,31.7,53836.94,54498.94
2016-07-10,2.667,2.208375,27.0,17.4,22.6,954.0,0.0,0.0,0.0,11.0,30.6,53789.21,54427.76
2016-07-11,2.667,2.3333749999999998,28.4,18.2,23.6,954.0,0.0,0.0,0.0,8.7,22.7,53715.61,54353.53
2016-07-12,4.333,3.1666250000000002,29.4,15.7,23.2,952.2,0.0,0.0,0.0,9.8,26.6,53639.07,54276.34
2016-07-13,3.0,1.833375,31.1,16.6,24.2,949.9,0.0,0.0,0.0,8.5,21.6,53559.64,54196.19
2016-07-14,4.0,2.333375,32.6,19.2,26.5,946.8,0.0,0.0,0.0,11.8,33.8,53476.74,54112.37
2016-07-15,3.0,2.375125,26.4,19.1,23.0,947.1,3.8,3.8,0.0,13.1,43.6,50061.79,54024.79
2016-07-16,3.0,1.70825,21.6,17.2,19.2,945.9,21.2,21.2,0.0,10.1,30.2,40077.55,53933.61
2016-07-17,2.0,1.2915,21.0,15.1,17.8,948.9,1.4,1.4,0.0,13.3,32.4,41441.31,53838.98
2016-07-18,1.333,0.666625,20.7,14.2,17.1,951.4,0.7,0.7,0.0,17.4,45.0,31171.29,53741.06
2016-07-19,5.0,1.16675,22.3,14.2,18.3,952.1,2.1,2.1,0.0,13.2,34.9,50581.67,53639.99
2016-07-20,5.0,3.0,22.9,15.0,18.8,952.5,0.1,0.1,0.0,10.4,29.2,47151.32,53535.93
2016-07-21,2.667,1.25,25.0,14.7,20.0,952.6,0.0,0.0,0.0,12.1,31.0,51994.69,53429.02
2016-07-22,2.667,1.83325,27.8,16.7,22.8,953.4,0.0,0.0,0.0,7.6,22.7,52309.42,53319.4
2016-07-23,3.0,1.625,29.7,19.6,25.1,953.6,0.0,0.0,0.0,7.6,21.6,51930.56,53207.23
2016-07-24,4.667,2.3335,29.3,20.4,25.1,952.9,0.0,0.0,0.0,11.1,27.0,51188.01,53092.62
2016-07-25,4.0,3.208375,28.3,17.5,23.6,951.7,0.0,0.0,0.0,11.8,33.1,49172.94,52975.74
2016-07-26,1.333,0.916625,26.6,18.0,22.6,951.5,0.0,0.0,0.0,12.7,32.0,49220.55,52856.72
2016-07-27,2.0,0.541625,26.6,18.0,22.5,952.2,0.2,0.2,0.0,12.2,32.8,49949.34,52735.69
2016-07-28,4.0,2.7916250000000002,28.4,18.7,23.7,952.0,0.0,0.0,0.0,9.1,25.9,49657.99,52612.78
2016-07-29,3.667,2.75,28.2,19.3,23.4,950.8,0.4,0.4,0.0,7.4,23.8,41539.09,52488.12
2016-07-30,3.0,1.208375,27.2,18.8,23.1,951.7,0.1,0.1,0.0,7.6,22.3,48400.07,52361.84
2016-07-31,1.667,0.666625,28.5,19.1,24.3,952.1,0.0,0.0,0.0,8.2,18.4,48793.55,52234.07
2016-08-01,1.333,0.58325,30.8,19.3,25.2,950.6,0.0,0.0,0.0,8.1,24.8,47835.3,52104.92
2016-08-02,5.0,2.6665,25.9,18.9,22.1,951.4,4.2,4.2,0.0,8.2,29.2,46175.81,51974.42
2016-08-03,5.0,4.16675,25.3,14.8,20.3,951.7,0.0,0.0,0.0,12.3,31.7,47305.99,51841.52
2016-08-04,4.0,3.000125,27.0,16.7,22.1,953.1,0.0,0.0,0.0,11.6,27.4,48343.64,51706.09
2016-08-05,4.0,2.9583749999999998,29.6,16.7,23.4,951.6,0.0,0.0,0.0,7.6,23.4,48069.16,51568.28
2016-08-06,3.333,2.66675,29.5,16.9,23.7,951.2,0.0,0.0,0.0,12.5,31.3,47797.28,51428.23
2016-08-07,4.333,2.333375,28.0,18.5,23.2,954.1,0.0,0.0,0.0,14.4,33.8,46800.0,51286.12
2016-08-08,3.667,2.250125,24.8,17.9,21.1,955.7,4.0,4.0,0.0,13.6,36.7,31412.73,51142.07
2016-08-09,3.333,2.5,26.0,16.3,21.0,952.7,0.0,0.0,0.0,13.4,45.7,46800.0,50996.25
2016-08-10,3.667,3.0,27.6,18.3,23.1,950.0,0.0,0.0,0.0,7.6,24.1,46892.28,50848.8
2016-08-11,3.0,1.875,27.2,18.8,22.5,950.7,6.3,6.3,0.0,9.8,27.7,45736.98,50699.85
2016-08-12,3.667,2.125,20.9,12.9,16.7,955.1,3.0,3.0,0.0,13.8,35.3,39194.47,50549.54
2016-08-13,1.667,1.125,19.5,12.1,15.9,958.5,0.2,0.2,0.0,11.7,32.0,42219.69,50398.0
2016-08-14,1.667,0.791625,23.1,12.7,17.9,959.0,0.0,0.0,0.0,9.4,25.9,46800.0,50245.37
2016-08-15,1.333,0.666625,26.1,14.4,20.1,956.5,0.0,0.0,0.0,9.3,25.9,46800.0,50091.78
2016-08-16,3.333,1.083375,27.8,16.6,22.4,952.7,0.0,0.0,0.0,6.2,18.0,46800.0,49937.34
2016-08-17,3.0,1.75,29.6,18.8,24.3,949.3,0.0,0.0,0.0,11.5,34.6,46800.0,49782.19
2016-08-18,3.0,1.4585,26.5,17.9,21.6,949.3,5.6,5.6,0.0,9.2,27.7,41575.95,49626.43
2016-08-19,1.333,0.874875,24.3,18.0,20.7,950.0,1.9,1.9,0.0,8.0,25.2,40121.14,49470.2
2016-08-20,2.0,0.749875,25.9,15.9,20.5,952.8,0.2,0.2,0.0,11.5,30.6,46800.0,49313.6
2016-08-21,3.667,1.583375,27.5,16.9,22.1,953.7,0.0,0.0,0.0,10.0,29.2,46800.0,49156.75
2016-08-22,1.333,0.916625,27.9,18.5,22.5,952.8,1.1,1.1,0.0,10.9,29.9,45716.22,48999.64
2016-08-23,5.0,2.749875,22.0,15.3,18.4,955.1,0.1,0.1,0.0,9.8,24.5,24141.54,48841.18
2016-08-24,5.333,3.04175,24.0,14.8,19.0,955.3,2.4,2.4,0.0,14.5,35.6,40628.39,48681.17
2016-08-25,3.333,2.375,23.4,15.8,19.2,955.5,0.0,0.0,0.0,15.6,36.0,40173.68,48519.75
2016-08-26,2.667,1.4585,22.9,14.4,18.5,957.3,0.0,0.0,0.0,16.9,45.0,46800.0,48357.03
2016-08-27,2.333,1.1251250000000002,23.9,12.9,18.0,958.0,0.0,0.0,0.0,15.3,41.4,46800.0,48193.14
2016-08-28,1.0,0.458125,24.5,14.1,19.4,956.2,0.0,0.0,0.0,13.7,38.9,46800.0,48028.22
2016-08-29,3.0,1.416625,24.8,15.6,20.6,953.3,0.3,0.3,0.0,13.0,37.1,46800.0,47862.36
2016-08-30,4.333,3.0,27.0,18.1,22.5,953.4,0.1,0.1,0.0,10.4,27.7,46749.55,47695.71
2016-08-31,2.667,1.333625,25.0,17.3,21.0,956.4,0.3,0.3,0.0,9.4,27.0,46646.97,47528.35
2016-09-01,5.0,3.958375,24.5,15.7,20.1,956.6,0.6,0.6,0.0,14.2,32.8,45001.69,47360.42
2016-09-02,6.0,4.25,24.2,15.0,19.6,954.1,0.0,0.0,0.0,13.2,38.9,46311.22,47192.01
2016-09-03,5.667,4.458375,23.4,15.9,19.9,953.9,0.1,0.1,0.0,10.9,29.9,46336.21,47023.25
2016-09-04,4.333,3.875,25.6,15.6,20.5,954.5,0.0,0.0,0.0,8.9,24.5,46231.96,46854.23
2016-09-05,4.667,3.0415,26.8,14.7,20.9,950.3,0.0,0.0,0.0,13.2,35.6,41155.74,46685.06
2016-09-06,3.667,2.791625,20.3,15.1,17.3,950.5,4.0,4.0,0.0,14.1,36.4,2121.52,46515.86
2016-09-07,3.333,2.4165,20.7,14.6,17.3,955.2,4.5,4.5,0.0,16.3,41.8,4737.44,46346.71
2016-09-08,3.667,2.5416250000000002,25.3,12.1,18.5,952.9,0.4,0.4,0.0,15.0,41.8,41334.09,46177.72
2016-09-09,2.0,0.833375,24.5,14.1,19.1,950.9,0.6,0.6,0.0,15.3,42.5,35292.22,46009.0
2016-09-10,1.667,0.791625,24.4,13.7,18.7,952.4,0.1,0.1,0.0,16.2,49.7,35209.11,45840.64
2016-09-11,1.0,0.750125,25.6,14.3,19.6,953.0,0.0,0.0,0.0,14.9,38.5,43212.08,45672.62
2016-09-12,2.0,1.125125,25.0,15.8,19.9,954.9,0.0,0.0,0.0,15.3,41.4,43507.56,45503.83
2016-09-13,1.667,1.000125,23.2,14.9,18.7,953.6,0.0,0.0,0.0,13.5,35.6,42650.68,45334.08
2016-09-14,3.0,1.874875,24.2,14.8,19.2,951.6,0.0,0.0,0.0,7.4,18.7,42863.62,45163.45
2016-09-15,2.667,1.375125,25.0,15.7,20.3,953.4,0.0,0.0,0.0,9.1,18.0,42852.49,44992.06
2016-09-16,1.667,0.5,26.9,15.9,21.2,954.5,0.0,0.0,0.0,8.5,20.5,42841.65,44820.02
2016-09-17,1.333,0.624875,28.1,15.7,21.7,951.4,0.0,0.0,0.0,13.5,34.9,41273.53,44647.43
2016-09-18,2.333,1.624875,25.6,18.3,21.6,948.9,0.6,0.6,0.0,7.2,22.3,41664.04,44474.4
2016-09-19,3.0,1.999875,23.7,15.1,19.2,943.3,0.4,0.4,0.0,14.8,40.3,21575.89,44301.05
2016-09-20,4.333,3.16675,17.7,11.4,14.0,942.9,1.9,1.9,0.0,18.0,42.8,15664.44,44127.45
2016-09-21,4.0,1.75,16.2,9.7,13.0,949.6,0.1,0.1,0.0,9.5,29.2,39776.45,43953.73
2016-09-22,2.0,0.750125,15.9,7.8,11.6,953.4,0.0,0.0,0.0,11.3,30.6,39918.42,43779.98
2016-09-23,1.333,0.666625,17.1,7.2,11.7,958.9,0.0,0.0,0.0,9.1,27.4,40889.71,43606.3
2016-09-24,2.333,0.916625,18.7,8.9,13.4,960.1,0.0,0.0,0.0,7.5,18.0,41236.04,43432.8
2016-09-25,4.333,3.416625,16.5,9.3,12.9,955.4,0.1,0.1,0.0,6.8,18.7,35010.76,43259.58
2016-09-26,4.333,3.416625,15.0,9.3,12.2,954.8,0.8,0.8,0.0,10.5,26.3,40051.47,43086.74
2016-09-27,5.667,4.29175,16.3,7.6,11.5,958.7,0.0,0.0,0.0,9.4,22.3,36686.99,42914.4
2016-09-28,5.667,4.416625,19.2,8.3,13.5,962.6,0.0,0.0,0.0,5.8,16.6,40432.67,42742.64
2016-09-29,5.333,4.375,20.7,8.0,14.5,960.6,0.0,0.0,0.0,8.7,26.3,40467.03,42571.57
2016-09-30,5.0,3.33325,23.8,10.4,16.8,956.9,0.0,0.0,0.0,6.3,14.8,40187.72,42401.3
2016-10-01,4.333,3.125,24.1,12.9,18.4,953.9,0.0,0.0,0.0,5.9,15.5,39908.14,42231.81
2016-10-02,4.333,3.0415,25.4,12.0,18.3,952.8,0.0,0.0,0.0,8.8,23.4,39942.72,42061.92
2016-10-03,3.667,2.666625,23.4,13.7,17.6,952.4,0.4,0.4,0.0,9.4,28.8,36334.17,41891.39
2016-10-04,5.0,3.541625,16.9,10.0,13.8,952.6,2.3,2.3,0.0,11.1,29.2,30710.46,41720.36
2016-10-05,3.333,2.4998750000000003,12.3,6.5,9.2,951.0,0.0,0.0,0.0,15.8,40.7,30008.27,41548.92
2016-10-06,2.333,1.291625,16.0,4.9,9.1,951.8,0.5,0.5,0.0,15.1,36.4,27010.53,41377.19
2016-10-07,2.667,1.3335,14.5,7.5,10.6,948.9,9.0,9.0,0.0,7.3,28.1,9516.98,41205.29
2016-10-08,3.333,1.791625,10.6,5.8,8.1,949.8,6.9,6.9,0.0,14.8,37.8,21980.96,41033.35
2016-10-09,2.0,1.25,16.1,4.7,9.4,955.1,0.0,0.0,0.0,7.5,22.3,38941.49,40861.47
2016-10-10,3.333,2.083375,12.7,7.7,9.9,953.0,8.9,8.9,0.0,9.3,22.0,0.0,40689.77
2016-10-11,1.0,0.375,14.2,7.9,11.0,946.0,7.4,7.4,0.0,9.0,24.1,979.62,40518.38
2016-10-12,3.0,1.0,15.0,6.5,10.2,942.8,13.7,13.7,0.0,16.0,47.2,29867.16,40347.42
2016-10-13,6.333,4.58325,13.6,3.1,8.2,952.6,0.0,0.0,0.0,13.0,37.4,38535.18,40177.0
2016-10-14,5.667,2.833625,17.7,6.7,11.0,956.4,0.0,0.0,0.0,7.5,16.6,38000.54,40007.26
2016-10-15,3.0,2.333375,20.6,6.5,12.4,957.0,0.0,0.0,0.0,7.9,19.1,36000.0,39838.31
2016-10-16,5.0,2.9583749999999998,17.6,8.6,12.6,955.0,10.2,10.2,0.0,7.5,23.8,15841.01,39670.29
2016-10-17,4.0,3.45825,9.6,6.0,7.3,962.3,2.6,2.6,0.0,11.1,27.4,0.0,39503.34
2016-10-18,3.0,2.08325,11.6,5.9,7.9,961.2,0.0,0.0,0.0,10.5,27.4,28204.21,39337.56
2016-10-19,2.667,1.416625,7.9,5.9,6.9,956.2,5.8,5.8,0.0,9.5,21.2,0.0,39173.13
2016-10-20,1.333,0.458125,14.8,6.1,9.4,954.6,0.0,0.0,0.0,7.6,25.2,29971.22,39010.16
2016-10-21,0.667,0.16662500000000002,16.1,4.6,9.6,952.0,0.0,0.0,0.0,10.6,29.2,32466.73,38848.66
2016-10-22,2.333,1.208375,15.1,7.1,10.5,950.8,1.8,1.8,0.0,8.8,28.1,8221.72,38687.31
2016-10-23,3.0,2.0,17.6,8.0,12.1,954.9,0.0,0.0,0.0,5.7,18.4,32503.66,38525.87
2016-10-24,3.667,3.041875,18.1,9.8,12.9,959.7,0.0,0.0,0.0,7.2,18.4,32780.72,38364.47
2016-10-25,6.333,5.124750000000001,17.9,8.7,12.0,961.3,0.0,0.0,0.0,6.9,16.9,33308.74,38203.26
2016-10-26,5.667,4.750249999999999,17.1,7.2,11.6,955.6,1.4,1.4,0.0,11.8,33.1,14348.35,38042.37
2016-10-27,4.667,3.875,10.9,6.2,9.1,958.9,0.7,0.7,0.0,11.5,28.8,22711.33,37881.96
2016-10-28,4.333,3.083375,6.6,1.7,4.8,964.1,0.0,0.0,0.0,14.8,39.2,24601.0,37722.18
2016-10-29,5.333,3.666625,9.5,-0.2,3.8,960.8,0.0,0.0,0.0,8.4,23.4,35895.58,37563.17
2016-10-30,4.0,3.08325,9.2,3.0,6.2,956.9,0.0,0.0,0.0,14.0,37.1,32400.0,37405.08
2016-10-31,3.0,2.0,8.4,2.4,4.6,957.4,0.0,0.0,0.0,13.9,35.6,34460.96,37248.08
2016-11-01,3.667,2.41675,8.6,-1.0,3.4,957.7,0.0,0.0,0.0,12.7,36.4,35665.7,37092.33
2016-11-02,4.333,2.66675,12.6,-0.3,4.9,952.9,0.0,0.0,0.0,10.4,29.9,35588.83,36937.99
2016-11-03,4.0,3.0835,14.3,1.1,6.5,950.5,1.7,1.7,0.0,8.2,27.4,28917.59,36785.23
2016-11-04,2.667,0.91675,10.9,1.6,5.6,956.5,2.2,1.9,0.21,5.2,18.7,35435.1,36634.22
2016-11-05,0.667,0.375,14.8,5.3,8.9,953.9,0.0,0.0,0.0,12.7,36.0,31419.7,36485.13
2016-11-06,2.0,1.08325,17.4,4.4,10.0,947.3,0.0,0.0,0.0,11.4,40.3,29403.7,36338.14
2016-11-07,2.0,0.750125,19.2,6.9,12.1,943.3,0.0,0.0,0.0,21.6,58.3,30411.54,36193.44
2016-11-08,1.0,0.416625,19.3,9.2,14.1,940.5,2.7,2.7,0.0,22.9,66.2,18350.01,36051.22
2016-11-09,2.667,1.500125,14.1,7.2,11.4,938.8,19.4,19.4,0.0,12.2,58.3,0.0,35911.64
2016-11-10,4.667,2.708375,11.0,4.0,7.3,945.3,4.2,4.2,0.0,15.1,40.3,33549.89,35774.78
2016-11-11,4.333,2.375,12.5,5.0,7.9,950.6,1.5,1.5,0.0,9.9,27.0,33244.58,35639.28
2016-11-12,4.0,3.25,14.4,2.7,7.6,947.5,5.9,5.9,0.0,17.3,48.6,26438.24,35504.91
2016-11-13,4.667,3.54175,6.3,-0.3,3.5,951.2,0.4,0.4,0.0,24.1,60.5,32629.16,35371.8
2016-11-14,3.0,2.33325,3.4,-2.5,-0.1,960.7,0.0,0.0,0.0,9.2,26.3,33335.77,35240.13
2016-11-15,3.333,1.6665,2.3,-1.3,0.2,963.7,0.0,0.0,0.0,5.4,16.6,30731.65,35110.06
2016-11-16,1.667,0.9167500000000001,4.6,-1.6,1.1,959.6,0.0,0.0,0.0,4.3,16.6,33314.97,34981.73
2016-11-17,1.333,0.62475,10.0,0.5,4.5,955.5,0.0,0.0,0.0,6.8,16.6,30685.27,34855.34
2016-11-18,2.0,0.499875,12.1,2.3,6.2,956.6,0.0,0.0,0.0,6.2,16.2,32589.61,34731.02
2016-11-19,0.667,0.25,12.9,2.2,6.1,956.5,0.0,0.0,0.0,10.3,20.9,32583.4,34608.98
2016-11-20,1.0,0.5,12.2,1.9,5.4,956.3,0.0,0.0,0.0,7.4,16.9,32058.23,34489.37
2016-11-21,2.333,1.333375,10.7,1.0,4.5,958.5,0.0,0.0,0.0,7.1,20.2,32014.62,34372.38
2016-11-22,4.333,2.1666250000000002,10.1,1.1,4.2,959.5,0.0,0.0,0.0,6.3,18.0,31973.11,34258.18
2016-11-23,4.0,2.250125,10.1,0.9,4.4,960.7,0.0,0.0,0.0,6.6,14.8,31933.78,34146.97
2016-11-24,4.667,3.41675,12.5,3.1,6.8,958.2,0.0,0.0,0.0,5.0,15.5,31896.69,34038.93
2016-11-25,5.333,3.95825,13.5,3.2,7.6,954.3,0.0,0.0,0.0,6.4,18.4,31861.92,33934.24
2016-11-26,3.0,2.5,12.2,4.0,6.9,953.0,0.0,0.0,0.0,7.2,19.4,29872.11,33833.1
2016-11-27,2.667,2.0416250000000002,12.2,2.2,6.2,947.8,0.8,0.8,0.0,14.5,36.0,31746.01,33735.7
2016-11-28,2.667,1.875,6.2,0.6,4.2,946.5,1.4,0.5,0.7,9.7,23.8,19630.03,33642.23
2016-11-29,2.0,1.208375,0.1,-5.1,-2.1,953.1,10.9,0.0,7.7,13.9,36.0,0.0,33552.89
2016-11-30,1.333,0.6248750000000001,-3.3,-9.5,-6.3,959.3,0.0,0.0,0.07,7.3,22.0,26411.08,33467.77
2016-12-01,1.667,0.5,1.0,-12.9,-5.4,953.4,0.3,0.0,0.28,11.9,33.5,22200.0,33385.91
2016-12-02,1.333,0.833375,6.0,-4.3,0.7,944.7,0.3,0.3,0.07,21.0,57.2,24885.1,33307.11
2016-12-03,1.0,0.33325,2.3,-3.8,-0.2,954.8,0.0,0.0,0.0,16.9,48.6,31674.33,33231.47
2016-12-04,0.667,0.16662500000000002,3.3,-2.4,-0.1,961.1,0.0,0.0,0.0,6.1,15.5,31662.52,33159.1
2016-12-05,2.333,0.875,3.4,-2.0,0.1,964.0,0.0,0.0,0.0,9.0,19.8,31653.23,33090.1
2016-12-06,3.333,1.5831250000000001,5.4,-0.3,1.6,960.1,0.0,0.0,0.0,10.6,29.2,31646.42,33024.57
2016-12-07,3.0,2.0835,0.4,-2.5,-0.7,965.7,0.0,0.0,0.0,9.9,28.1,16006.07,32962.61
2016-12-08,4.333,3.458375,3.3,-2.3,-0.5,969.1,0.0,0.0,0.0,9.3,24.8,31640.15,32904.32
2016-12-09,4.667,3.6251249999999997,10.0,-1.0,2.8,961.5,0.0,0.0,0.0,10.2,24.5,29659.16,32849.81
2016-12-10,4.0,3.0,7.7,-0.6,2.4,958.5,0.0,0.0,0.0,10.4,29.2,31643.47,32799.17
2016-12-11,4.333,2.7916250000000002,10.9,0.3,4.3,952.0,0.0,0.0,0.0,7.3,19.4,31648.67,32752.51
2016-12-12,2.333,1.249875,5.8,-0.0,2.2,948.4,0.0,0.0,0.07,14.0,36.4,24061.22,32709.91
2016-12-13,1.667,0.875,1.6,-4.8,-1.2,956.7,1.3,0.1,1.12,16.8,46.8,9032.63,32671.49
2016-12-14,1.333,0.875,3.1,-4.7,-2.0,960.2,0.0,0.0,0.0,9.5,26.3,31677.93,32637.33
2016-12-15,1.0,0.416625,2.7,-2.9,-0.2,956.8,0.6,0.0,0.63,13.7,34.2,27208.65,32607.54
2016-12-16,1.0,0.291625,1.6,-3.0,-1.4,964.0,0.0,0.0,0.14,10.7,28.8,29553.73,32582.19
2016-12-17,3.333,1.124875,2.2,-5.2,-2.1,969.3,0.0,0.0,0.0,9.2,23.8,31727.08,32561.38
2016-12-18,3.0,1.875,4.9,-2.7,0.0,964.6,0.0,0.0,0.0,8.0,25.2,31747.72,32545.21
2016-12-19,2.0,1.208375,4.7,-3.7,0.2,964.5,0.0,0.0,0.0,7.6,21.6,31770.41,32533.75
2016-12-20,2.667,1.333375,4.5,-4.2,-0.6,962.7,0.0,0.0,0.0,8.1,21.6,31795.34,32527.07
2016-12-21,6.0,3.20825,-1.2,-5.7,-3.2,965.5,0.0,0.0,0.0,11.2,33.5,24623.18,32525.08
2016-12-22,4.667,3.5,2.6,-5.8,-2.2,964.9,0.0,0.0,0.0,9.5,29.2,27784.14,32527.69
2016-12-23,4.0,3.375,5.4,-2.2,0.7,962.8,0.0,0.0,0.0,9.3,25.6,31887.37,32534.87
2016-12-24,3.333,2.625,3.8,-2.5,0.1,961.9,0.0,0.0,0.0,5.7,14.8,31914.04,32546.54
2016-12-25,4.0,3.375,3.4,-3.1,-0.6,957.3,0.0,0.0,0.14,11.6,32.4,22537.74,32562.67
2016-12-26,4.667,3.458375,3.6,-0.8,1.2,957.3,7.6,2.5,3.64,8.3,26.6,0.0,32583.18
2016-12-27,3.667,2.416625,6.6,-4.4,1.6,958.0,0.3,0.3,0.0,16.2,42.1,16871.08,32608.0
2016-12-28,2.0,1.25,0.3,-4.8,-1.6,955.3,4.2,0.0,3.01,18.7,51.1,12627.74,32637.09
2016-12-29,2.0,1.0415,-1.9,-5.1,-3.3,959.5,2.6,0.0,2.1,14.6,41.0,28888.27,32670.39
2016-12-30,1.333,0.541625,-3.5,-9.8,-5.5,963.8,0.0,0.0,0.21,14.3,41.8,23730.38,32707.8
2016-12-31,3.333,2.5416250000000002,-1.6,-5.9,-3.9,962.2,0.6,0.0,0.84,7.8,25.9,14555.14,32749.27
2017-01-01,3.667,2.625,3.4,-6.6,-2.8,957.5,0.0,0.0,0.0,10.6,21.6,32169.42,32794.74
2017-01-02,2.333,1.5,6.8,-4.0,-0.5,953.1,0.0,0.0,0.0,8.3,18.0,32219.87,32844.13
2017-01-03,3.667,2.3335,7.1,-3.1,-0.0,952.2,0.0,0.0,0.0,15.4,31.3,31457.63,32897.36
2017-01-04,3.667,2.20825,6.3,-3.2,0.0,947.6,0.8,0.0,0.56,13.4,29.5,29354.48,32954.36
2017-01-05,4.0,3.125,2.1,-2.0,0.3,940.5,8.3,0.7,5.32,8.6,16.9,2120.25,33015.07
2017-01-06,3.667,2.916875,-1.4,-12.0,-5.4,943.5,15.2,0.0,10.64,19.1,42.8,0.0,33079.39
2017-01-07,4.333,3.416625,-12.3,-16.3,-14.4,951.3,1.0,0.0,0.7,24.5,46.1,25397.55,33147.26
2017-01-08,4.0,3.083375,-12.4,-17.0,-15.1,951.3,0.0,0.0,0.0,20.5,38.5,30491.9,33218.59
2017-01-09,3.333,2.458125,-9.7,-17.5,-13.3,950.5,1.4,0.0,0.98,18.0,34.6,17833.74,33293.41
2017-01-10,3.667,2.125125,-9.2,-15.2,-12.6,949.8,4.8,0.0,3.36,12.6,27.0,13146.1,33372.54
2017-01-11,2.667,1.791625,-5.7,-13.3,-9.8,949.1,0.6,0.1,0.35,8.9,15.5,30167.53,33456.07
2017-01-12,2.333,0.95825,-2.7,-15.4,-9.2,950.7,0.0,0.0,0.0,12.3,22.3,29861.56,33543.8
2017-01-13,1.667,0.875,2.0,-11.8,-4.5,946.8,0.0,0.0,0.0,16.1,27.0,28158.24,33635.55
2017-01-14,1.667,0.9167500000000001,2.9,-4.4,-1.9,938.4,3.4,1.0,1.68,16.6,30.6,15300.68,33731.13
2017-01-15,2.0,1.16675,-0.6,-10.8,-5.9,948.4,0.0,0.0,0.0,11.9,16.2,32400.0,33830.35
2017-01-16,0.667,0.291625,-0.1,-11.5,-5.3,949.2,0.6,0.0,0.42,16.5,33.8,13411.06,33933.05
2017-01-17,2.0,0.6248750000000001,0.2,-4.8,-2.6,951.4,2.8,0.0,2.03,11.4,31.0,11009.21,34039.03
2017-01-18,3.667,2.75,-1.9,-5.2,-4.2,958.3,2.9,0.0,2.1,14.2,31.7,2302.48,34148.12
2017-01-19,3.333,2.2085,-4.0,-8.1,-5.6,962.9,5.5,0.0,3.85,14.8,29.2,0.0,34260.15
2017-01-20,3.333,2.249875,-3.9,-9.4,-6.6,965.7,0.1,0.0,0.07,6.5,9.7,32400.0,34374.92
2017-01-21,3.333,2.2498750000000003,-1.7,-10.2,-6.9,963.8,0.0,0.0,0.0,9.1,12.6,32497.81,34492.29
2017-01-22,3.333,2.208375,-1.3,-11.7,-7.4,964.2,0.0,0.0,0.0,13.7,19.1,32457.25,34612.08
2017-01-23,2.0,1.000125,-1.2,-10.8,-6.1,961.1,0.0,0.0,0.0,11.6,23.8,31269.58,34734.11
2017-01-24,2.0,0.583375,-1.5,-6.7,-4.8,954.0,0.0,0.0,0.0,8.4,13.3,13090.45,34858.24
2017-01-25,3.0,1.083375,-4.0,-11.1,-7.9,955.5,0.0,0.0,0.0,10.2,20.9,32686.5,34984.29
2017-01-26,3.667,2.1251249999999997,-2.2,-8.8,-6.5,961.2,0.1,0.0,0.07,8.9,17.6,29122.65,35112.11
2017-01-27,4.333,3.291625,-3.1,-16.5,-8.8,962.1,0.0,0.0,0.0,10.8,14.8,32953.02,35241.55
2017-01-28,3.333,1.958375,0.0,-9.1,-4.4,958.8,0.0,0.0,0.0,10.6,15.5,32561.6,35372.45
2017-01-29,2.667,1.666625,0.8,-8.7,-5.3,958.9,0.0,0.0,0.0,13.6,19.1,33216.45,35504.81
2017-01-30,2.667,1.45825,-1.7,-7.7,-4.7,960.1,0.0,0.0,0.0,14.2,27.7,32825.61,35639.95
2017-01-31,4.667,3.58325,-0.9,-9.0,-4.9,960.5,0.0,0.0,0.0,11.4,23.8,33475.32,35778.07
2017-02-01,5.0,3.9165,3.8,-9.8,-3.6,960.1,0.0,0.0,0.0,10.2,19.8,33775.65,35918.97
2017-02-02,4.333,3.54175,8.5,-2.1,1.5,959.8,0.0,0.0,0.0,8.8,17.3,32400.0,36062.47
2017-02-03,4.333,3.2498750000000003,11.2,-1.4,3.9,954.6,0.0,0.0,0.0,9.8,17.6,28571.2,36208.35
2017-02-04,3.333,2.33325,11.8,-0.6,4.5,949.1,2.0,2.0,0.0,10.8,31.7,24340.91,36356.44
2017-02-05,3.667,2.91675,12.7,0.1,4.6,944.8,5.7,5.7,0.0,13.1,29.9,23131.39,36506.55
2017-02-06,3.667,2.625125,11.5,0.2,4.2,944.0,0.0,0.0,0.0,14.0,31.0,23968.79,36658.5
2017-02-07,2.667,1.833375,5.9,1.5,3.8,944.9,9.1,9.1,0.0,9.0,17.3,0.0,36812.12
2017-02-08,1.667,1.04175,3.5,-1.3,1.2,951.8,1.6,0.8,0.56,7.9,18.4,14749.32,36967.22
2017-02-09,2.333,1.70825,1.8,-2.9,-0.9,958.9,0.0,0.0,0.0,11.2,25.9,14244.73,37123.65
2017-02-10,2.333,1.8331250000000001,0.2,-3.1,-2.0,961.2,0.0,0.0,0.0,14.8,32.4,2514.38,37281.22
2017-02-11,2.667,0.79175,1.8,-4.3,-1.7,961.6,0.0,0.0,0.0,15.3,33.8,33646.78,37439.79
2017-02-12,1.667,0.6248750000000001,1.0,-4.7,-2.5,965.0,0.0,0.0,0.0,16.1,36.0,35369.42,37599.19
2017-02-13,2.333,1.249875,1.9,-6.3,-3.1,965.6,0.0,0.0,0.0,11.5,25.9,35568.9,37759.27
2017-02-14,0.667,0.208375,5.0,-7.8,-2.3,965.3,0.0,0.0,0.0,13.5,25.2,36266.69,37919.86
2017-02-15,1.333,0.5835,6.8,-2.3,0.7,964.8,0.0,0.0,0.0,18.1,36.4,36299.93,38080.83
2017-02-16,3.333,1.95825,8.9,-2.9,1.4,965.6,0.0,0.0,0.0,11.4,15.5,36661.99,38242.02
2017-02-17,4.333,3.25,12.6,-3.4,2.6,958.7,0.0,0.0,0.0,10.2,21.2,37021.82,38403.29
2017-02-18,4.333,2.7915,12.1,1.9,5.2,954.5,0.3,0.3,0.0,10.1,18.7,35862.96,38564.64
2017-02-19,3.333,2.124875,6.1,-0.3,2.4,954.7,3.5,2.7,0.56,17.7,36.7,14044.41,38727.45
2017-02-20,3.333,2.0,4.0,-3.2,0.4,954.8,1.6,0.1,1.05,18.7,36.7,32419.39,38891.96
2017-02-21,2.0,1.0,9.2,-4.9,0.9,950.9,0.0,0.0,0.0,12.2,27.0,38437.16,39058.02
2017-02-22,3.667,2.04175,13.6,0.4,6.8,950.5,0.0,0.0,0.0,18.0,37.4,38528.87,39225.5
2017-02-23,3.333,2.33325,16.6,3.5,8.1,948.4,0.0,0.0,0.0,13.3,27.7,38621.99,39394.22
2017-02-24,4.667,3.16675,17.4,3.5,8.9,945.9,0.0,0.0,0.0,14.4,30.2,38716.38,39564.06
2017-02-25,2.667,1.41675,7.5,2.2,5.0,950.9,3.1,3.1,0.0,18.8,46.1,0.0,39734.87
2017-02-26,1.0,0.33337500000000003,8.7,-1.0,3.7,957.2,0.0,0.0,0.0,15.1,34.9,37776.1,39906.51
2017-02-27,3.0,1.583375,15.0,0.4,6.9,952.8,0.0,0.0,0.0,10.7,16.2,39006.04,40078.84
2017-02-28,2.667,1.875,16.3,3.6,8.7,949.0,0.0,0.0,0.0,12.8,27.0,39104.36,40251.73
2017-03-01,5.667,4.25,17.2,2.1,8.2,942.7,5.1,5.1,0.0,22.8,52.2,38735.84,40425.05
2017-03-02,5.333,4.124875,11.6,2.9,5.8,948.3,0.8,0.8,0.0,22.1,44.6,39302.92,40598.66
2017-03-03,4.0,3.125,14.0,-0.3,7.7,953.2,0.0,0.0,0.0,11.1,24.8,39402.94,40772.43
2017-03-04,4.333,3.375,15.9,-0.4,7.1,954.0,0.0,0.0,0.0,14.2,32.8,39503.3,40946.24
2017-03-05,4.333,3.16675,15.3,0.7,7.0,950.7,0.0,0.0,0.0,12.2,27.0,37710.81,41119.97
2017-03-06,5.0,3.5,13.0,2.0,6.1,944.2,6.7,6.7,0.0,13.7,41.4,27348.86,41293.48
2017-03-07,3.333,2.916625,14.3,2.1,7.5,940.8,0.5,0.5,0.0,13.4,31.7,28131.76,41466.65
2017-03-08,3.667,2.3335,11.2,3.9,8.2,944.2,11.5,11.5,0.0,15.7,34.6,6525.85,41639.35
2017-03-09,3.667,2.75,10.0,5.1,7.4,950.2,1.7,1.7,0.0,11.4,27.0,15635.24,41811.47
2017-03-10,3.333,2.1248750000000003,5.4,3.1,4.2,944.4,18.6,18.6,0.0,11.2,20.9,0.0,41983.01
2017-03-11,3.667,1.083375,7.1,2.8,4.6,945.0,2.4,2.4,0.0,17.3,32.0,492.81,42155.23
2017-03-12,3.667,1.66675,7.2,1.5,3.9,946.7,7.1,6.9,0.14,13.4,27.4,1263.63,42328.4
2017-03-13,1.333,0.5,5.8,1.1,2.9,950.5,14.4,12.5,1.33,12.3,23.0,0.0,42502.38
2017-03-14,1.667,1.0,10.4,2.3,5.3,955.8,3.6,3.6,0.0,14.9,32.0,19100.44,42677.07
2017-03-15,3.0,1.41675,9.7,2.2,5.4,957.0,0.2,0.2,0.0,15.9,33.5,37926.45,42852.37
2017-03-16,2.667,1.08325,10.9,1.5,5.8,953.5,1.0,1.0,0.0,11.6,28.1,37878.76,43028.14
2017-03-17,1.333,0.583125,9.9,-1.5,5.1,950.7,0.3,0.3,0.0,16.0,31.3,36123.62,43204.29
2017-03-18,1.0,0.375,16.3,-0.9,6.9,946.1,0.1,0.1,0.0,14.2,30.2,38661.08,43380.7
2017-03-19,0.667,0.33337500000000003,14.4,7.2,10.1,944.3,1.1,1.1,0.0,27.2,66.2,29373.0,43557.27
2017-03-20,0.667,0.249875,17.5,3.4,10.1,947.5,0.0,0.0,0.0,17.3,43.9,36850.15,43733.88
2017-03-21,5.333,3.45825,20.3,6.5,11.8,948.2,0.0,0.0,0.0,10.1,16.9,40837.61,43910.42
2017-03-22,4.333,3.75,19.6,5.4,11.9,949.7,0.0,0.0,0.0,13.9,32.4,41373.94,44086.78
2017-03-23,4.0,1.91675,20.8,4.5,11.5,953.6,0.0,0.0,0.0,11.9,24.1,40661.18,44262.85
2017-03-24,2.333,1.333375,21.2,4.8,12.0,956.5,0.4,0.4,0.0,12.0,23.0,42135.64,44438.52
2017-03-25,1.333,0.666625,18.8,6.8,12.7,955.3,0.0,0.0,0.0,16.0,34.2,40434.86,44613.68
2017-03-26,1.667,0.75,13.4,4.2,8.6,949.7,3.5,3.5,0.0,22.6,46.4,29542.23,44788.21
2017-03-27,6.333,4.70825,10.1,-0.3,4.6,956.0,0.1,0.1,0.0,9.5,25.6,42864.53,44962.0
2017-03-28,5.333,3.7915,15.1,-0.1,7.1,956.3,0.0,0.0,0.0,9.1,16.6,44444.88,45134.94
2017-03-29,4.333,3.3748750000000003,18.7,2.6,10.0,955.7,0.0,0.0,0.0,10.4,19.8,44766.05,45306.9
2017-03-30,4.333,3.2916250000000002,19.5,4.3,11.4,955.0,0.4,0.4,0.0,12.6,28.1,44583.88,45477.89
2017-03-31,4.667,3.958375,15.0,4.6,9.7,958.9,2.4,2.4,0.0,13.7,31.7,44107.91,45649.1
2017-04-01,4.333,2.958375,17.9,2.5,9.3,955.9,0.0,0.0,0.0,10.7,22.3,45278.27,45820.74
2017-04-02,3.0,1.7915,19.0,3.4,10.0,954.8,0.0,0.0,0.0,15.9,34.6,45449.59,45992.73
2017-04-03,2.0,0.958375,17.8,1.9,9.8,953.2,0.0,0.0,0.0,18.0,36.4,45181.84,46164.96
2017-04-04,4.667,2.9585,14.0,6.5,9.4,951.8,2.2,2.2,0.0,12.5,29.2,36120.41,46337.31
2017-04-05,3.333,1.9165,16.1,3.7,9.6,951.0,6.8,6.8,0.0,14.3,31.3,44069.65,46509.69
2017-04-06,3.0,1.5415,14.0,6.0,9.4,946.7,3.4,3.4,0.0,23.7,49.3,39095.88,46681.98
2017-04-07,3.333,2.000125,9.6,3.5,6.6,949.2,0.3,0.3,0.0,22.9,47.9,46307.18,46854.08
2017-04-08,4.333,2.91675,11.8,2.6,6.9,951.3,0.6,0.6,0.0,26.4,55.8,43017.8,47025.88
2017-04-09,4.667,2.583375,16.0,4.2,9.7,957.5,0.0,0.0,0.0,15.4,32.4,41323.24,47197.26
2017-04-10,2.333,1.12475,18.2,5.5,10.9,956.9,0.0,0.0,0.0,12.6,26.3,46690.51,47368.11
2017-04-11,3.667,2.291625,20.3,3.8,11.6,951.6,0.1,0.1,0.0,11.8,22.7,46758.64,47538.32
2017-04-12,3.0,1.0415,18.2,7.4,12.1,952.1,0.0,0.0,0.0,16.5,34.9,46800.0,47707.76
2017-04-13,2.333,0.9165,19.5,6.2,12.3,947.4,0.0,0.0,0.0,12.4,28.8,46800.0,47876.32
2017-04-14,3.333,2.54175,17.9,6.0,12.2,948.3,0.0,0.0,0.0,19.0,40.3,41968.52,48043.87
2017-04-15,3.333,1.291625,19.5,6.6,12.5,950.0,0.3,0.3,0.0,11.7,23.8,46800.0,48210.29
2017-04-16,1.333,0.791625,19.3,8.9,12.9,946.0,3.0,3.0,0.0,12.5,32.8,36926.44,48375.45
2017-04-17,1.333,0.791625,10.6,5.2,7.8,946.4,14.6,14.6,0.0,13.4,29.5,8197.29,48539.23
2017-04-18,3.0,1.33325,11.6,3.3,7.1,948.0,7.9,7.9,0.0,14.2,28.1,34849.4,48701.47
2017-04-19,4.333,2.58325,14.9,2.0,7.0,944.5,18.0,17.5,0.35,25.1,50.0,25940.07,48862.19
2017-04-20,5.667,3.79175,8.7,1.8,4.2,947.1,3.7,3.2,0.35,24.9,52.9,36652.69,49022.5
2017-04-21,5.0,2.33325,6.6,1.1,3.4,954.0,1.5,1.5,0.0,21.2,45.0,44519.14,49182.64
2017-04-22,5.667,4.91675,9.2,-1.2,4.3,954.4,0.0,0.0,0.0,19.0,37.4,46025.37,49342.48
2017-04-23,5.333,4.45825,13.5,3.4,7.7,950.5,1.6,1.6,0.0,28.1,54.4,44446.65,49501.92
2017-04-24,4.0,3.33325,12.4,-0.1,6.4,956.3,0.0,0.0,0.0,16.1,34.6,46800.0,49660.82
2017-04-25,3.0,2.375,18.7,1.2,9.5,954.4,0.0,0.0,0.0,11.0,27.0,46800.0,49819.08
2017-04-26,2.667,2.0415,21.2,4.8,12.3,952.2,0.0,0.0,0.0,10.3,26.3,46800.0,49976.56
2017-04-27,2.333,1.541625,22.9,6.3,14.4,951.2,0.0,0.0,0.0,11.5,24.5,46923.63,50133.14
2017-04-28,2.333,1.291625,26.2,8.9,17.4,949.4,0.0,0.0,0.0,11.6,27.0,46882.59,50288.69
2017-04-29,2.0,1.458375,22.6,11.7,16.5,947.6,1.3,1.3,0.0,14.9,38.2,20183.59,50443.08
2017-04-30,2.0,1.29175,16.5,9.0,11.5,949.6,2.7,2.7,0.0,8.0,20.9,13268.69,50596.17
2017-05-01,2.333,1.124875,20.6,7.9,13.7,950.3,1.4,1.4,0.0,15.5,32.0,31613.43,50747.81
2017-05-02,2.0,0.916625,22.5,7.8,15.0,951.8,0.0,0.0,0.0,13.2,32.4,47385.76,50897.87
2017-05-03,1.333,0.666625,24.1,9.1,16.3,952.2,0.0,0.0,0.0,14.2,31.7,44861.58,51046.22
2017-05-04,3.333,1.166625,22.8,10.5,16.3,950.9,0.4,0.4,0.0,20.9,41.8,46918.08,51192.68
2017-05-05,3.0,0.8748750000000001,19.1,11.1,14.4,949.7,8.6,8.6,0.0,10.2,32.0,40051.45,51337.12
2017-05-06,1.667,1.04175,16.8,8.5,12.4,948.8,4.8,4.8,0.0,22.6,44.3,30666.15,51479.37
2017-05-07,3.0,1.91675,16.6,7.3,12.3,943.7,5.8,5.8,0.0,12.3,37.8,30960.9,51619.29
2017-05-08,2.333,1.333375,16.2,8.0,12.3,941.5,0.9,0.9,0.0,20.5,42.1,45511.18,51756.71
2017-05-09,2.0,1.33325,16.0,7.3,11.6,941.5,1.0,1.0,0.0,10.9,28.1,37345.17,51891.56
2017-05-10,2.667,1.250125,15.5,8.3,11.4,947.3,0.2,0.2,0.0,14.6,33.1,45748.34,52024.92
2017-05-11,2.667,1.375125,21.8,5.6,13.5,950.4,0.0,0.0,0.0,9.2,24.8,49147.22,52156.94
2017-05-12,2.667,1.70825,23.3,8.6,15.1,947.9,1.4,1.4,0.0,13.2,38.9,31777.36,52287.52
2017-05-13,1.333,0.875,26.6,11.3,17.9,946.6,0.0,0.0,0.0,22.2,45.4,48725.81,52416.54
2017-05-14,3.0,2.083375,21.9,12.8,17.0,952.7,1.8,1.8,0.0,21.4,42.1,49381.41,52543.87
2017-05-15,3.667,2.375125,20.5,9.5,15.5,957.3,0.5,0.5,0.0,11.4,27.7,49700.25,52669.36
2017-05-16,3.0,1.875,20.1,10.4,15.7,958.2,0.3,0.3,0.0,12.8,29.2,46884.28,52792.91
2017-05-17,2.333,1.791625,16.9,9.6,13.6,955.4,3.9,3.9,0.0,18.9,40.7,37710.93,52914.37
2017-05-18,3.667,1.916625,18.4,10.2,14.0,954.8,0.8,0.8,0.0,15.1,34.9,48109.99,53033.62
2017-05-19,3.667,2.583375,20.4,8.7,14.0,952.0,0.5,0.5,0.0,11.8,27.0,50808.9,53150.49
2017-05-20,4.333,3.6251249999999997,23.2,9.8,16.3,948.8,0.0,0.0,0.0,11.8,24.5,50602.45,53264.88
2017-05-21,2.667,1.958375,18.9,10.3,14.8,946.9,2.8,2.8,0.0,13.8,34.9,40776.58,53376.61
2017-05-22,3.0,2.208375,20.1,9.2,15.2,949.1,4.2,4.2,0.0,13.7,37.4,47647.32,53485.56
2017-05-23,3.0,1.791625,19.6,11.2,15.6,952.2,6.5,6.5,0.0,11.5,28.4,41893.68,53591.58
2017-05-24,1.333,0.70825,17.0,11.7,14.1,951.6,5.1,5.1,0.0,8.2,20.9,28222.22,53694.51
2017-05-25,1.0,0.541625,18.1,10.5,14.1,949.3,0.7,0.7,0.0,15.5,34.9,37700.61,53794.21
2017-05-26,1.0,0.45825000000000005,18.3,12.3,14.4,948.7,0.8,0.8,0.0,5.8,22.3,29716.62,53890.53
2017-05-27,5.667,1.708375,15.9,12.2,13.9,950.6,7.4,7.4,0.0,12.5,28.4,24573.94,53983.31
2017-05-28,7.0,3.875125,17.1,9.6,13.3,956.0,12.0,12.0,0.0,12.1,36.4,41732.38,54072.4
2017-05-29,4.0,1.666625,19.6,9.1,14.9,955.4,8.1,8.1,0.0,9.6,24.5,49902.56,54157.72
2017-05-30,3.333,1.125,23.5,10.4,16.6,952.2,0.5,0.5,0.0,10.9,19.1,53105.56,54239.97
2017-05-31,1.667,0.83325,25.8,14.5,19.5,953.4,0.0,0.0,0.0,12.0,26.6,52381.8,54319.28
2017-06-01,2.667,1.375,26.7,13.8,20.5,954.1,0.3,0.3,0.0,10.6,22.3,51057.7,54395.56
2017-06-02,1.667,1.04175,25.4,15.0,20.2,953.8,0.6,0.6,0.0,10.1,21.2,50931.53,54468.75
2017-06-03,3.667,1.75,23.4,14.3,18.7,951.5,4.4,4.4,0.0,17.5,37.4,25279.26,54538.75
2017-06-04,0.667,0.374875,21.7,14.3,18.0,951.2,2.5,2.5,0.0,16.6,34.9,45400.94,54605.5
2017-06-05,2.667,1.166625,23.4,13.4,18.3,950.8,0.0,0.0,0.0,14.1,36.4,51584.24,54668.9
2017-06-06,2.0,1.04175,24.1,13.8,18.8,949.4,0.3,0.3,0.0,9.4,22.3,49035.94,54728.89
2017-06-07,1.667,1.04175,24.6,15.3,19.9,949.7,0.9,0.9,0.0,15.8,33.8,44899.91,54785.37
2017-06-08,1.333,0.70825,17.6,14.0,16.2,951.1,6.4,6.4,0.0,22.3,45.0,16256.98,54838.28
2017-06-09,2.333,0.75,19.7,12.5,15.7,951.9,0.3,0.3,0.0,13.7,27.0,36035.41,54887.54
2017-06-10,1.333,0.666625,24.2,9.3,17.0,952.6,0.0,0.0,0.0,9.2,18.0,53786.24,54933.06
2017-06-11,5.0,2.541625,20.6,13.8,17.1,952.4,4.3,4.3,0.0,8.5,23.4,32342.71,54974.79
2017-06-12,2.333,1.6665,23.7,13.9,18.4,953.1,0.4,0.4,0.0,10.7,21.2,53973.05,55012.64
2017-06-13,2.667,1.541625,27.7,15.6,21.1,950.6,0.0,0.0,0.0,13.6,30.2,54000.0,55046.54
2017-06-14,2.333,1.25,26.7,16.0,21.3,950.4,0.9,0.9,0.0,17.1,35.6,48614.19,55076.42
2017-06-15,1.667,0.791625,24.4,14.9,19.6,952.6,2.3,2.3,0.0,8.4,20.9,54000.0,55102.21
2017-06-16,5.0,3.41675,25.8,13.8,19.5,952.2,0.0,0.0,0.0,7.8,19.1,54000.0,55123.83
2017-06-17,4.0,2.75,20.1,14.0,17.3,949.2,3.7,3.7,0.0,20.8,43.2,35848.14,55141.24
2017-06-18,3.333,2.33325,17.8,11.4,13.8,948.9,6.9,6.9,0.0,16.9,36.7,38487.04,55154.39
2017-06-19,2.0,1.166625,20.8,12.2,16.6,953.6,5.3,5.3,0.0,15.3,36.4,50366.13,55163.32
2017-06-20,1.0,0.416625,24.6,13.2,19.0,954.4,0.4,0.4,0.0,10.2,24.1,54000.0,55168.1
2017-06-21,1.667,0.791625,26.8,13.9,20.3,951.8,0.0,0.0,0.0,10.5,22.7,54000.0,55168.75
2017-06-22,2.333,1.0415,27.3,14.9,21.4,952.7,0.0,0.0,0.0,10.2,26.6,54000.0,55165.32
2017-06-23,2.333,1.083375,30.8,16.1,23.3,952.7,0.0,0.0,0.0,12.3,28.8,54000.0,55157.83
2017-06-24,2.667,2.0833749999999998,28.3,16.8,23.3,952.2,0.0,0.0,0.0,15.3,31.3,54000.0,55146.33
2017-06-25,3.333,2.20825,29.5,16.2,22.7,952.1,0.0,0.0,0.0,10.6,15.5,54000.0,55130.86
2017-06-26,2.333,1.66675,29.0,16.0,22.9,949.5,1.6,1.6,0.0,11.9,27.0,52495.81,55111.45
2017-06-27,1.667,1.04175,29.4,17.5,22.6,949.7,0.0,0.0,0.0,12.4,29.5,54000.0,55088.16
2017-06-28,1.667,0.83325,28.9,18.3,23.2,947.9,0.4,0.4,0.0,12.8,31.7,54000.0,55061.03
2017-06-29,2.0,1.041875,34.0,17.1,25.7,946.6,0.5,0.5,0.0,10.9,33.5,54000.0,55030.09
2017-06-30,1.667,0.7085,34.6,20.1,26.2,949.2,0.0,0.0,0.0,10.1,21.2,54000.0,54995.42
2017-07-01,3.333,2.54175,36.8,19.9,28.0,948.2,0.0,0.0,0.0,12.3,26.6,53776.62,54957.05
2017-07-02,4.333,3.083375,29.0,18.8,23.5,946.8,2.5,2.5,0.0,10.1,24.1,51545.53,54915.04
2017-07-03,2.0,1.29175,20.4,16.4,17.9,946.5,41.6,41.6,0.0,20.5,38.5,20546.87,54869.44
2017-07-04,1.667,0.874875,23.1,15.3,18.9,953.4,0.5,0.5,0.0,13.7,28.8,48478.78,54820.3
2017-07-05,0.667,0.29150000000000004,24.8,11.7,18.8,955.9,0.0,0.0,0.0,10.5,26.3,54000.0,54767.69
2017-07-06,3.0,1.41675,27.1,13.7,20.9,955.1,0.0,0.0,0.0,6.4,15.1,53970.13,54711.65
2017-07-07,2.0,0.999875,28.1,14.9,21.9,954.8,0.0,0.0,0.0,11.7,27.0,53932.12,54652.25
2017-07-08,1.0,0.499875,28.5,15.0,22.2,952.3,0.0,0.0,0.0,10.5,22.3,53893.2,54589.47
2017-07-09,5.333,3.45825,29.1,16.9,23.4,952.3,0.4,0.4,0.0,9.5,18.0,53667.22,54522.74
2017-07-10,3.667,1.7085,29.9,17.9,24.0,953.3,0.0,0.0,0.0,11.9,28.4,53810.6,54452.0
2017-07-11,2.333,1.70825,31.6,17.9,24.3,953.0,0.0,0.0,0.0,11.6,26.3,53739.04,54377.41
2017-07-12,1.333,0.8335,31.0,19.0,25.3,950.8,0.0,0.0,0.0,12.8,31.3,53661.62,54299.09
2017-07-13,1.333,0.708375,28.8,19.6,24.4,948.8,0.2,0.2,0.0,13.9,32.4,53236.92,54217.18
2017-07-14,0.667,0.41650000000000004,25.7,14.3,20.2,949.6,0.0,0.0,0.0,8.7,19.1,48972.27,54131.82
2017-07-15,1.0,0.6667500000000001,25.0,15.7,20.1,948.7,1.2,1.2,0.0,10.7,24.8,50855.71,54043.15
2017-07-16,6.0,4.333375,17.5,14.3,16.0,951.7,25.3,25.3,0.0,7.3,23.0,0.0,53951.31
2017-07-17,5.667,3.583375,19.9,14.0,16.1,953.8,13.9,13.9,0.0,19.5,41.8,26303.35,53856.44
2017-07-18,3.0,1.416625,22.8,15.2,18.8,956.1,1.5,1.5,0.0,10.6,34.6,48912.2,53758.65
2017-07-19,1.333,0.666625,25.5,12.7,19.5,955.5,0.0,0.0,0.0,8.7,21.6,52756.46,53658.1
2017-07-20,3.0,1.4585,26.5,13.6,20.7,951.9,0.0,0.0,0.0,10.2,22.3,52380.54,53554.92
2017-07-21,3.667,2.583125,28.6,16.3,22.3,952.0,0.0,0.0,0.0,8.7,19.1,52351.26,53449.22
2017-07-22,4.333,2.8331250000000003,30.6,16.8,23.1,952.9,0.0,0.0,0.0,8.4,13.0,52136.18,53341.15
2017-07-23,4.0,2.66675,31.4,19.1,24.7,951.8,0.0,0.0,0.0,9.5,20.2,50448.51,53230.82
2017-07-24,3.333,2.375,31.6,19.3,25.3,947.3,0.2,0.2,0.0,11.1,23.8,48772.36,53118.37
2017-07-25,3.0,2.249875,29.4,18.1,22.9,941.0,0.0,0.0,0.0,17.3,39.2,49846.26,53003.92
2017-07-26,4.0,1.999875,25.1,16.5,19.9,942.3,0.6,0.6,0.0,8.1,27.4,49205.97,52887.59
2017-07-27,2.667,1.25,23.4,15.8,19.0,943.6,5.8,5.8,0.0,13.0,27.0,37617.78,52769.5
2017-07-28,2.667,1.66675,23.0,14.5,19.0,947.8,0.0,0.0,0.0,21.9,46.4,48961.0,52649.65
2017-07-29,1.333,0.791625,27.7,14.1,21.5,953.4,0.0,0.0,0.0,15.7,34.2,49351.19,52527.08
2017-07-30,1.0,0.6667500000000001,29.1,15.5,22.3,954.9,0.0,0.0,0.0,10.8,25.6,49402.03,52401.65
2017-07-31,1.0,0.541625,29.9,16.0,22.8,955.0,0.0,0.0,0.0,12.7,29.9,49115.67,52273.52
2017-08-01,2.333,1.083375,28.2,16.1,22.2,957.3,0.0,0.0,0.0,14.0,33.8,48830.98,52142.85
2017-08-02,1.667,1.000125,28.9,16.4,22.9,957.1,0.0,0.0,0.0,12.5,30.6,48549.99,52009.8
2017-08-03,3.667,1.875125,32.2,16.8,24.8,954.6,0.0,0.0,0.0,10.1,23.8,48607.78,51874.52
2017-08-04,4.333,3.5415,33.4,16.0,25.3,952.2,0.0,0.0,0.0,10.2,25.2,47994.81,51737.17
2017-08-05,3.667,2.9585,33.9,20.3,26.8,951.4,0.0,0.0,0.0,12.0,27.4,47051.3,51597.89
2017-08-06,4.333,2.5415,33.9,22.1,27.6,951.1,0.1,0.1,0.0,14.3,31.7,47115.83,51456.82
2017-08-07,2.0,1.166875,33.8,21.7,26.7,951.4,0.0,0.0,0.0,10.4,25.2,46878.33,51314.12
2017-08-08,2.0,1.000125,31.6,18.7,24.4,954.3,0.6,0.6,0.0,9.4,31.7,46800.0,51169.92
2017-08-09,1.333,0.874875,30.7,20.0,24.8,955.7,0.0,0.0,0.0,14.6,34.2,46845.42,51024.35
2017-08-10,2.0,1.08325,30.1,19.0,24.6,954.9,0.0,0.0,0.0,13.3,30.6,46884.19,50877.56
2017-08-11,3.0,1.666625,31.9,17.7,24.9,951.6,0.0,0.0,0.0,11.6,24.8,46923.47,50729.66
2017-08-12,3.333,2.04175,32.0,18.4,25.4,947.3,0.0,0.0,0.0,17.1,37.8,46800.0,50580.8
2017-08-13,2.333,1.791625,22.7,14.9,17.7,947.8,18.4,18.4,0.0,22.5,44.6,11860.73,50431.09
2017-08-14,2.0,1.08325,23.5,14.4,18.6,953.2,0.0,0.0,0.0,15.9,35.6,42205.96,50280.65
2017-08-15,1.0,0.499875,26.0,15.1,20.2,955.3,0.1,0.1,0.0,12.2,22.7,46800.0,50129.61
2017-08-16,2.0,1.374875,26.2,16.0,21.4,954.3,2.3,2.3,0.0,9.2,36.0,46800.0,49978.08
2017-08-17,4.667,3.62525,27.0,15.5,21.7,953.9,0.0,0.0,0.0,11.4,28.4,46800.0,49826.07
2017-08-18,4.667,3.250125,27.8,14.5,21.2,954.9,0.0,0.0,0.0,10.7,27.0,46800.0,49672.48
2017-08-19,4.667,4.08325,29.6,17.5,22.8,953.9,0.0,0.0,0.0,10.6,22.7,46800.0,49517.13
2017-08-20,5.0,3.2915,30.1,14.6,22.7,951.2,0.0,0.0,0.0,11.0,26.3,46800.0,49360.15
2017-08-21,3.0,2.25,22.5,16.8,19.2,950.6,0.9,0.9,0.0,20.5,42.8,33129.28,49201.68
2017-08-22,4.667,3.0,23.6,13.0,17.9,951.6,0.0,0.0,0.0,15.6,30.6,45546.01,49041.85
2017-08-23,4.667,3.54175,22.5,10.1,16.5,953.3,0.0,0.0,0.0,14.1,31.7,46800.0,48880.78
2017-08-24,3.667,2.0,24.2,9.8,17.3,956.3,0.0,0.0,0.0,9.4,16.6,46800.0,48718.62
2017-08-25,1.667,1.04175,27.0,13.6,19.9,958.0,0.0,0.0,0.0,6.8,19.8,46800.0,48555.47
2017-08-26,1.333,0.70825,29.0,13.6,21.3,956.7,0.0,0.0,0.0,10.0,24.1,46800.0,48391.46
2017-08-27,3.0,1.916625,30.2,16.3,22.8,953.3,0.0,0.0,0.0,10.1,25.2,46800.0,48226.71
2017-08-28,0.667,0.541875,30.1,15.3,23.2,950.6,0.0,0.0,0.0,13.0,28.4,46800.0,48061.33
2017-08-29,4.0,1.7915,20.2,15.9,17.8,951.5,11.4,11.4,0.0,11.9,29.5,8604.45,47895.44
2017-08-30,2.0,0.791625,23.7,14.7,18.1,954.6,0.6,0.6,0.0,9.6,24.8,44771.14,47729.15
2017-08-31,5.333,3.833375,25.9,10.1,18.0,953.7,0.0,0.0,0.0,9.7,18.4,46667.7,47562.57
2017-09-01,4.0,3.0,29.7,13.2,20.8,950.7,0.0,0.0,0.0,11.1,20.9,46565.84,47395.8
2017-09-02,4.667,3.25025,30.0,17.8,23.2,948.9,0.0,0.0,0.0,10.1,22.3,46463.85,47228.96
2017-09-03,2.667,1.79175,27.5,15.2,20.9,944.6,0.3,0.3,0.0,14.3,40.0,44194.48,47062.14
2017-09-04,4.667,2.916875,21.0,11.9,16.0,950.5,0.0,0.0,0.0,19.9,43.9,46259.81,46895.45
2017-09-05,4.0,2.416625,21.2,10.0,15.1,954.1,0.0,0.0,0.0,12.1,28.4,30086.57,46728.99
2017-09-06,3.333,1.874875,22.6,9.2,15.6,952.5,0.0,0.0,0.0,17.2,37.4,45988.15,46562.76
2017-09-07,7.667,3.5836249999999996,27.6,13.2,19.4,951.3,0.0,0.0,0.0,11.1,25.6,43889.85,46395.64
2017-09-08,8.333,6.08325,26.9,14.6,20.0,950.4,0.0,0.0,0.0,12.3,27.0,44503.83,46227.42
2017-09-09,2.333,0.70825,27.1,14.1,20.4,948.1,0.1,0.1,0.0,11.7,29.5,35424.02,46058.22
2017-09-10,3.0,1.0,26.9,13.3,19.5,947.8,0.0,0.0,0.0,11.5,26.3,44477.5,45888.14
2017-09-11,3.333,2.54175,29.7,15.1,21.7,945.9,0.0,0.0,0.0,18.5,38.5,44152.03,45717.31
2017-09-12,5.333,2.7916250000000002,27.3,16.6,20.8,943.5,0.2,0.2,0.0,21.6,45.0,29864.42,45545.83
2017-09-13,5.333,2.333375,25.4,15.6,20.2,952.2,0.0,0.0,0.0,17.8,39.6,42318.73,45373.8
2017-09-14,5.333,3.166625,28.2,14.3,20.3,952.5,0.0,0.0,0.0,10.9,25.6,43179.6,45201.32
2017-09-15,5.667,4.25,28.9,14.4,21.2,950.1,0.0,0.0,0.0,13.5,32.8,42856.46,45028.51
2017-09-16,5.333,3.8748750000000003,30.0,14.7,21.9,951.2,0.0,0.0,0.0,12.6,30.6,42845.92,44855.48
2017-09-17,4.0,2.749875,32.9,15.3,22.9,950.8,0.1,0.1,0.0,10.2,26.6,42428.25,44682.31
2017-09-18,4.333,3.41675,28.3,14.6,21.1,950.4,0.0,0.0,0.0,13.1,30.2,41969.48,44509.12
2017-09-19,2.667,1.875,29.7,15.4,21.5,946.9,0.1,0.1,0.0,10.4,33.1,41063.81,44336.0
2017-09-20,3.333,2.0,24.6,14.6,18.7,944.9,1.9,1.9,0.0,18.4,41.4,41096.24,44163.05
2017-09-21,2.333,1.33325,17.9,10.4,13.7,948.4,0.0,0.0,0.0,20.9,43.9,41441.56,43990.39
2017-09-22,2.333,1.2915,14.7,10.1,12.2,952.2,0.1,0.1,0.0,24.5,50.0,18928.17,43818.09
2017-09-23,2.333,1.083375,18.9,11.5,14.4,955.2,0.0,0.0,0.0,21.8,43.2,33029.33,43646.28
2017-09-24,2.667,1.4585,22.5,10.2,15.8,955.1,0.0,0.0,0.0,11.4,25.9,40907.77,43475.05
2017-09-25,2.333,0.9581250000000001,20.6,13.2,15.9,955.0,0.1,0.1,0.0,17.2,36.0,7409.59,43304.49
2017-09-26,2.0,0.749875,14.7,13.0,13.9,954.5,18.2,18.2,0.0,5.6,25.9,0.0,43134.6
2017-09-27,6.333,4.2085,13.7,10.6,11.5,958.7,23.2,23.2,0.0,10.6,20.2,0.0,42964.21
2017-09-28,6.667,4.875125,14.1,9.9,11.3,961.8,0.5,0.5,0.0,16.2,33.5,6087.86,42793.1
2017-09-29,3.333,2.5,12.5,7.9,10.3,960.5,0.0,0.0,0.0,17.1,36.0,19163.19,42621.39
2017-09-30,4.0,2.83325,12.6,7.4,9.9,957.7,0.0,0.0,0.0,13.1,31.0,24160.66,42449.18
2017-10-01,3.333,2.41675,14.7,6.7,10.4,957.7,0.0,0.0,0.0,10.9,27.0,36082.35,42276.59
2017-10-02,3.333,1.2081250000000001,16.3,7.8,11.3,959.7,0.0,0.0,0.0,13.3,29.2,38399.58,42103.71
2017-10-03,3.0,1.33325,18.7,5.5,11.2,958.0,0.0,0.0,0.0,11.9,25.6,39957.96,41930.68
2017-10-04,2.333,1.1665,18.5,7.6,12.2,958.7,0.0,0.0,0.0,14.3,32.4,39572.35,41757.6
2017-10-05,3.333,1.166625,22.7,9.3,14.8,954.1,0.0,0.0,0.0,9.7,20.5,39501.88,41584.56
2017-10-06,2.667,1.916625,21.8,10.3,14.8,945.2,0.5,0.5,0.0,15.5,34.2,37705.95,41411.71
2017-10-07,1.667,0.791625,9.8,2.0,6.1,945.9,41.1,39.4,1.19,14.8,27.4,0.0,41239.14
2017-10-08,1.667,0.6248750000000001,12.4,1.9,7.2,948.4,9.3,7.9,0.98,23.8,49.3,33316.98,41066.97
2017-10-09,2.0,0.33325,14.9,6.3,10.3,951.8,0.0,0.0,0.0,16.1,36.0,36489.77,40895.33
2017-10-10,2.0,0.4165,17.0,6.7,10.9,955.1,0.0,0.0,0.0,8.4,18.7,38858.23,40724.31
2017-10-11,4.667,4.000125,18.2,8.2,11.8,957.6,0.0,0.0,0.0,10.1,21.6,38757.13,40554.04
2017-10-12,5.0,3.8748750000000003,19.0,8.1,12.5,958.6,0.0,0.0,0.0,9.1,19.8,38657.18,40384.65
2017-10-13,5.667,4.208375,20.7,6.2,12.9,958.5,0.0,0.0,0.0,16.7,32.8,38253.89,40216.26
2017-10-14,5.0,4.04175,18.8,7.4,12.3,959.8,0.0,0.0,0.0,16.0,33.8,37986.47,40048.98
2017-10-15,5.333,3.5,19.4,7.2,12.3,962.4,0.0,0.0,0.0,10.2,21.2,37395.21,39882.95
2017-10-16,3.0,1.958375,21.5,7.7,13.5,962.6,0.0,0.0,0.0,10.9,15.8,37769.64,39718.17
2017-10-17,1.667,1.249875,21.7,9.7,14.3,961.6,0.0,0.0,0.0,10.1,14.0,37498.52,39553.35
2017-10-18,2.333,1.04175,22.0,9.9,14.2,957.2,0.0,0.0,0.0,9.6,16.6,37226.32,39388.24
2017-10-19,3.667,2.625,22.1,10.1,14.6,954.0,0.0,0.0,0.0,8.0,15.8,36303.83,39222.99
2017-10-20,3.667,1.708375,22.3,10.9,15.2,953.8,0.0,0.0,0.0,7.7,14.0,36678.12,39057.72
2017-10-21,3.0,2.0416250000000002,21.6,11.4,15.2,953.4,0.0,0.0,0.0,10.8,15.5,36401.93,38892.57
2017-10-22,3.0,1.29175,19.1,7.9,13.0,950.1,0.0,0.0,0.0,10.2,18.7,36000.0,38727.68
2017-10-23,2.333,1.04175,14.5,9.9,11.5,941.9,8.8,8.8,0.0,18.1,46.8,14795.69,38563.17
2017-10-24,4.667,2.875125,9.3,5.8,7.5,940.9,13.0,13.0,0.0,15.3,40.0,0.0,38399.21
2017-10-25,4.667,3.291625,8.9,4.4,6.5,956.1,8.9,8.9,0.0,8.3,17.3,0.0,38235.93
2017-10-26,4.333,3.041625,14.5,1.6,7.1,959.9,0.0,0.0,0.0,10.2,25.2,36000.0,38073.48
2017-10-27,2.0,1.0415,17.6,5.1,10.5,951.6,0.0,0.0,0.0,10.0,17.6,36000.0,37912.01
2017-10-28,2.0,1.25,11.9,5.0,8.3,946.5,6.8,6.8,0.0,25.4,52.9,26854.21,37751.66
2017-10-29,1.667,0.583375,13.0,5.0,8.8,941.5,0.8,0.8,0.0,27.1,53.3,32311.0,37592.61
2017-10-30,1.0,0.375,9.1,3.4,6.2,946.9,0.5,0.5,0.0,26.4,54.0,35700.45,37435.0
2017-10-31,1.667,0.416625,7.2,2.0,4.4,956.9,0.0,0.0,0.0,20.3,41.0,35759.34,37278.99
2017-11-01,1.333,0.583375,8.5,0.2,4.0,958.8,0.0,0.0,0.0,12.6,28.1,35518.45,37124.76
2017-11-02,3.0,1.83325,13.0,1.0,5.9,955.3,0.0,0.0,0.0,6.7,16.9,35607.67,36972.48
2017-11-03,3.333,1.95825,13.2,4.6,7.7,950.5,1.0,1.0,0.0,10.9,21.2,14256.77,36822.31
2017-11-04,1.333,0.791625,11.1,3.4,6.9,954.5,0.2,0.2,0.0,10.0,19.8,27014.01,36674.43
2017-11-05,0.667,0.20825000000000002,11.0,3.0,6.4,954.8,0.0,0.0,0.0,8.6,18.0,34689.1,36528.88
2017-11-06,0.667,0.125,12.0,0.7,5.3,952.2,0.0,0.0,0.0,13.1,29.2,35305.26,36384.3
2017-11-07,6.333,3.8335,11.4,3.2,6.6,955.3,0.0,0.0,0.0,16.2,34.9,33403.41,36240.43
2017-11-08,6.333,4.624875,9.3,7.3,7.8,954.2,5.1,5.1,0.0,17.2,35.3,72.29,36097.43
2017-11-09,3.667,3.333375,12.4,4.5,7.9,954.7,0.1,0.1,0.0,8.3,18.4,33840.44,35955.45
2017-11-10,4.0,3.41675,11.9,3.3,7.0,955.4,0.0,0.0,0.0,7.0,18.0,34582.88,35814.67
2017-11-11,3.0,1.70825,12.0,3.4,7.1,950.8,1.2,1.2,0.0,9.9,23.0,14956.75,35675.23
2017-11-12,2.333,1.29175,16.8,3.7,8.6,946.5,0.3,0.3,0.0,10.8,19.4,33125.04,35537.31
2017-11-13,2.333,1.4165,15.1,5.4,9.7,940.6,0.2,0.2,0.0,11.3,22.3,20392.83,35401.07
2017-11-14,3.0,2.5,14.1,7.9,10.4,947.2,0.1,0.1,0.0,9.4,21.2,27346.65,35266.69
2017-11-15,3.333,2.541625,10.5,8.0,8.7,955.5,1.1,1.1,0.0,17.8,35.6,0.0,35134.35
2017-11-16,4.333,2.6666250000000002,9.7,7.0,8.4,956.8,1.5,1.5,0.0,22.9,45.4,0.0,35004.23
2017-11-17,2.333,1.125,8.2,5.8,6.9,953.9,2.1,2.1,0.0,13.6,26.6,0.0,34876.51
2017-11-18,2.0,1.62525,9.3,6.3,7.2,950.1,0.7,0.7,0.0,8.4,19.1,0.0,34751.37
2017-11-19,2.333,1.041625,7.2,4.9,6.3,946.8,0.4,0.4,0.0,11.6,24.1,1799.25,34629.01
2017-11-20,3.667,1.249875,6.7,1.3,3.1,947.9,9.0,6.3,1.89,19.1,41.4,22901.73,34509.62
2017-11-21,5.0,3.91675,8.0,0.6,3.9,952.8,0.0,0.0,0.0,18.0,36.0,25821.84,34393.4
2017-11-22,3.0,2.333375,12.1,1.2,5.3,952.2,0.0,0.0,0.0,11.7,24.1,21179.12,34280.54
2017-11-23,2.667,2.083375,11.7,4.2,7.0,954.4,0.0,0.0,0.0,6.1,14.4,32212.06,34171.26
2017-11-24,3.333,1.874875,10.2,2.3,5.7,955.1,0.0,0.0,0.0,6.2,15.1,31966.05,34065.74
2017-11-25,3.333,1.291625,7.4,-0.1,2.6,954.6,0.7,0.7,0.0,12.6,24.5,31869.48,33964.07
2017-11-26,1.0,0.500125,8.8,-0.8,2.5,950.0,1.5,1.5,0.0,11.9,25.2,31858.41,33865.14
2017-11-27,2.0,1.166625,3.9,-0.2,1.5,948.1,28.6,9.8,13.16,16.7,31.7,0.0,33768.74
2017-11-28,3.333,1.541625,0.4,-5.5,-0.9,948.2,5.4,0.0,3.78,18.4,34.9,1526.34,33674.99
2017-11-29,2.0,1.083375,0.6,-6.5,-4.2,948.6,0.0,0.0,0.0,13.1,18.0,31757.33,33584.02
2017-11-30,4.0,2.208125,4.6,-6.9,0.0,943.0,1.0,1.0,0.0,15.6,28.8,22367.26,33495.95
2017-12-01,2.667,1.666625,7.7,3.2,5.5,943.4,22.5,22.5,0.0,9.6,18.7,0.0,33410.92
2017-12-02,2.333,0.58325,5.4,2.1,3.9,947.3,19.7,19.7,0.0,9.3,28.8,1841.85,33329.05
2017-12-03,0.667,0.16662500000000002,9.1,2.4,5.2,949.4,8.4,8.4,0.0,13.8,37.8,24825.63,33250.48
2017-12-04,4.0,1.916625,3.1,-2.2,0.8,955.2,1.7,0.2,1.05,18.0,36.4,29622.43,33175.34
2017-12-05,5.0,3.958375,2.6,-3.7,-0.9,959.2,0.0,0.0,0.0,22.4,45.0,30763.4,33103.76
2017-12-06,4.0,2.9166250000000002,4.3,-2.0,1.4,961.9,0.0,0.0,0.0,23.9,49.3,27067.36,33035.86
2017-12-07,3.333,2.2915,9.2,-1.9,2.5,959.9,0.0,0.0,0.0,14.0,29.5,31645.4,32971.8
2017-12-08,2.0,1.25,11.4,0.6,3.9,955.0,0.0,0.0,0.0,10.2,23.0,31641.89,32911.69
2017-12-09,1.667,0.75,12.1,-2.3,3.2,944.2,0.1,0.1,0.0,14.6,27.4,31640.69,32855.66
2017-12-10,1.333,0.5,2.9,-8.7,-0.8,946.8,4.1,0.8,2.31,21.8,43.9,28041.82,32803.86
2017-12-11,3.333,2.2498750000000003,9.8,-11.4,-0.9,949.3,0.0,0.0,0.0,14.2,23.4,30425.8,32756.39
2017-12-12,4.0,2.58325,12.7,-4.3,4.1,951.2,0.0,0.0,0.0,13.6,18.0,31651.01,32713.41
2017-12-13,2.667,1.458375,11.7,3.6,6.1,951.2,0.0,0.0,0.0,11.1,18.0,28800.0,32675.03
2017-12-14,2.667,0.791625,12.0,3.0,6.6,946.8,2.0,2.0,0.0,11.1,19.4,30043.16,32641.38
2017-12-15,1.333,0.70825,10.7,2.4,5.6,945.0,1.4,1.4,0.0,12.7,26.6,20037.68,32612.53
2017-12-16,2.0,0.625125,14.4,3.5,7.3,939.3,11.9,11.9,0.0,18.9,36.0,25161.14,32588.14
2017-12-17,4.667,3.5835,4.4,1.2,2.4,945.6,24.2,23.0,0.84,10.0,18.7,0.0,32568.09
2017-12-18,4.333,2.875,2.3,-1.3,0.6,951.3,0.8,0.1,0.49,12.3,24.1,10466.98,32552.37
2017-12-19,2.333,1.125,0.8,-2.9,-1.2,957.9,2.1,0.0,1.47,16.3,32.4,802.31,32540.98
2017-12-20,2.0,1.29175,-0.3,-4.9,-3.2,962.7,0.0,0.0,0.0,12.2,25.9,31789.35,32533.9
2017-12-21,1.0,0.45837500000000003,-0.1,-6.5,-3.4,963.6,0.0,0.0,0.0,13.7,28.8,31818.77,32531.13
2017-12-22,1.0,0.249875,1.8,-6.6,-3.5,959.9,0.0,0.0,0.0,10.0,22.7,31850.63,32532.64
2017-12-23,2.667,1.125125,4.2,-4.2,-0.7,956.8,0.2,0.0,0.14,16.3,36.4,19990.41,32538.43
2017-12-24,3.333,2.458125,7.1,-0.5,3.5,956.7,0.3,0.3,0.0,25.6,51.5,23501.26,32548.46
2017-12-25,3.0,2.083375,11.3,1.5,5.6,958.6,0.0,0.0,0.0,10.5,25.2,31931.06,32562.73
2017-12-26,3.667,2.2501249999999997,10.6,0.5,4.4,954.2,0.0,0.0,0.0,9.8,21.6,31950.18,32581.2
2017-12-27,2.667,1.833375,10.6,-0.9,3.2,946.1,0.0,0.0,0.0,12.1,23.0,31973.52,32603.85
2017-12-28,1.667,1.166625,10.1,-1.1,3.4,937.1,0.9,0.9,0.0,14.9,31.7,19588.64,32630.65
2017-12-29,2.333,0.875,7.8,1.5,3.7,939.2,3.3,3.3,0.0,13.5,25.9,18193.37,32661.57
2017-12-30,1.667,0.70825,3.4,-2.8,0.5,947.5,0.4,0.4,0.0,16.2,31.3,32068.56,32696.58
2017-12-31,2.0,0.624875,7.4,-4.2,0.6,952.4,0.0,0.0,0.0,9.8,18.7,27514.79,32735.64
2018-01-01,3.667,2.20825,11.8,-0.6,4.6,949.9,0.0,0.0,0.0,10.0,23.8,32152.44,32778.72
2018-01-02,2.0,1.125125,9.5,-0.7,3.2,942.0,2.5,2.5,0.0,11.9,24.1,25131.57,32825.79
2018-01-03,1.0,0.5,5.6,-2.0,2.5,944.5,0.1,0.1,0.0,18.2,36.4,26969.51,32876.8
2018-01-04,1.333,0.625,4.5,-2.1,1.4,941.7,2.4,1.0,0.98,15.2,31.3,8836.41,32931.78
2018-01-05,2.0,1.16675,7.3,-1.5,2.1,946.5,0.0,0.0,0.0,11.0,22.7,28838.42,32991.36
2018-01-06,1.333,0.374875,9.5,-1.8,3.1,951.8,0.0,0.0,0.0,11.9,24.5,32281.94,33055.55
2018-01-07,1.0,0.375,12.0,-1.1,4.4,957.2,0.0,0.0,0.0,12.1,19.8,32291.43,33124.2
2018-01-08,3.667,1.91675,9.0,0.4,4.8,962.7,0.0,0.0,0.0,9.1,17.6,23366.15,33197.15
2018-01-09,3.667,2.083375,10.2,1.7,4.8,963.6,0.0,0.0,0.0,19.7,38.9,23781.21,33274.24
2018-01-10,1.667,0.83325,4.3,1.6,2.5,956.4,0.3,0.3,0.0,14.6,31.3,0.0,33355.29
2018-01-11,1.0,0.416625,5.8,1.4,3.3,947.0,0.0,0.0,0.0,11.5,22.3,6959.4,33440.15
2018-01-12,1.333,0.791625,6.0,2.2,3.8,951.8,0.6,0.6,0.0,10.3,19.8,10812.16,33528.66
2018-01-13,3.0,1.45825,2.8,-1.8,0.8,956.7,1.5,0.7,0.56,17.2,36.0,170.14,33620.65
2018-01-14,4.667,2.333375,-0.5,-3.1,-2.1,959.3,0.6,0.0,0.42,17.8,37.4,6792.24,33715.97
2018-01-15,3.667,2.000125,-0.4,-4.3,-3.0,958.8,3.0,0.0,2.1,18.0,35.3,9775.43,33814.45
2018-01-16,2.0,0.958375,6.4,-4.6,-0.7,949.4,2.1,0.0,1.47,14.3,27.7,31267.28,33915.94
2018-01-17,0.667,0.16662500000000002,9.2,-2.9,2.4,934.9,8.5,8.5,0.0,24.6,62.6,23923.26,34020.29
2018-01-18,0.333,0.208125,2.6,-3.8,0.4,941.1,0.8,0.6,0.14,33.5,68.0,29391.56,34127.33
2018-01-19,2.667,1.79175,10.0,-4.6,1.6,946.3,0.0,0.0,0.0,10.8,23.8,32400.0,34236.92
2018-01-20,3.0,1.66675,6.5,-0.7,2.0,945.3,9.1,4.1,3.5,15.8,30.2,13040.37,34348.92
2018-01-21,3.0,2.04175,4.1,-4.0,-0.5,942.3,1.1,0.2,0.7,16.6,36.0,16357.57,34463.15
2018-01-22,3.333,2.41675,1.6,-2.6,-0.5,943.4,7.2,0.0,5.04,19.0,37.1,0.0,34579.51
2018-01-23,2.0,0.999875,-0.8,-7.1,-3.9,953.5,0.0,0.0,0.0,9.7,19.1,32400.0,34697.81
2018-01-24,4.0,1.541625,-0.5,-7.7,-3.6,964.3,0.4,0.0,0.35,8.3,16.2,17878.61,34818.08
2018-01-25,3.0,2.20825,0.8,-7.5,-4.4,962.8,0.0,0.0,0.0,8.3,14.0,32700.01,34941.56
2018-01-26,3.0,1.66675,2.6,-8.2,-3.4,959.1,0.0,0.0,0.0,14.2,19.8,33009.81,35068.41
2018-01-27,2.667,1.41675,4.8,-7.2,-1.1,962.7,0.0,0.0,0.0,13.0,19.1,32967.19,35198.43
2018-01-28,1.667,0.833375,8.3,-4.0,0.9,965.1,0.0,0.0,0.0,11.5,22.7,33273.49,35331.43
2018-01-29,1.0,0.666625,11.1,-4.1,2.3,962.8,0.0,0.0,0.0,13.0,26.6,32880.83,35467.2
2018-01-30,2.333,0.791625,13.3,0.7,5.1,958.6,0.0,0.0,0.0,18.2,39.2,33532.16,35605.55
2018-01-31,2.667,1.416625,8.9,-2.5,2.3,957.5,0.0,0.0,0.0,12.2,17.6,32793.37,35746.28
2018-02-01,2.667,0.833125,10.9,-3.2,2.4,949.9,0.0,0.0,0.0,12.8,24.8,33786.25,35889.2
2018-02-02,2.0,0.708375,12.1,0.6,4.8,947.1,0.5,0.5,0.0,13.0,42.5,24149.62,36034.13
2018-02-03,1.667,0.7915,16.3,3.0,8.0,941.0,2.5,2.5,0.0,16.8,35.3,28827.49,36180.9
2018-02-04,2.333,0.70825,8.5,1.4,6.0,943.3,13.1,13.1,0.0,17.6,37.1,15280.74,36329.31
2018-02-05,3.0,1.875,6.5,-1.6,1.8,954.7,0.0,0.0,0.0,13.9,25.9,33256.59,36479.2
2018-02-06,2.333,1.124875,7.3,-3.6,1.3,954.2,0.0,0.0,0.0,15.1,35.6,32869.62,36630.4
2018-02-07,1.667,0.5,5.3,0.8,2.3,951.8,0.1,0.1,0.0,17.5,37.4,28898.21,36782.75
2018-02-08,1.333,0.541625,10.6,-0.1,4.2,945.9,4.1,4.1,0.0,10.5,29.2,27838.89,36936.06
2018-02-09,2.667,0.916625,8.7,-0.0,3.4,948.6,0.0,0.0,0.0,16.6,34.6,35112.51,37090.2
2018-02-10,2.333,1.5415,6.3,-1.3,2.1,945.0,3.3,2.7,0.42,18.7,38.9,7991.79,37245.0
2018-02-11,0.667,0.33325000000000005,2.0,-1.8,0.5,940.5,4.6,0.4,2.94,11.3,22.3,523.45,37400.31
2018-02-12,1.667,0.75,5.5,-2.8,0.7,944.8,0.0,0.0,0.0,7.6,19.4,24827.29,37555.97
2018-02-13,0.667,0.416625,6.6,-3.2,0.7,945.8,2.1,1.0,0.77,16.2,35.3,21734.03,37711.98
2018-02-14,1.333,0.416625,3.2,-3.0,1.1,942.5,4.7,3.5,0.84,21.3,42.8,10074.66,37869.74
2018-02-15,4.667,2.083375,3.9,-5.0,-1.1,951.9,0.0,0.0,0.0,9.0,19.4,28011.16,38029.49
2018-02-16,2.333,1.7915,6.4,-3.3,1.1,957.6,0.0,0.0,0.0,7.8,21.6,35665.92,38191.07
2018-02-17,3.667,2.375,9.0,-2.7,2.4,957.3,0.0,0.0,0.0,12.0,16.9,37014.99,38354.3
2018-02-18,4.0,2.70825,6.6,-1.5,2.3,953.0,1.8,1.8,0.0,11.9,26.3,21839.97,38519.03
2018-02-19,4.0,2.91675,4.1,1.1,2.5,952.2,6.5,6.2,0.21,15.8,30.6,0.0,38685.1
2018-02-20,2.667,0.749875,4.1,0.4,1.7,948.8,0.0,0.0,0.0,20.3,43.2,18182.55,38852.37
2018-02-21,2.0,0.541625,5.1,1.7,2.8,945.8,0.9,0.9,0.0,22.7,46.8,18486.63,39020.68
2018-02-22,3.667,2.16675,5.0,2.0,3.2,946.0,1.1,1.1,0.0,18.7,38.5,10409.29,39189.88
2018-02-23,4.333,2.75,5.8,1.5,3.0,948.3,0.0,0.0,0.0,20.9,45.0,29187.84,39359.84
2018-02-24,3.333,1.749875,6.2,1.0,2.8,945.1,0.3,0.3,0.0,14.6,29.9,23322.02,39530.4
2018-02-25,2.0,0.833375,1.6,-4.1,-1.7,947.2,4.7,0.2,3.15,11.1,25.9,6527.49,39701.43
2018-02-26,3.0,1.583375,-4.2,-10.7,-7.5,942.8,13.3,0.0,9.31,18.3,37.4,0.0,39872.79
2018-02-27,5.333,2.7498750000000003,-1.7,-11.4,-7.4,939.5,2.5,0.0,1.75,19.0,37.8,26141.1,40044.36
2018-02-28,2.333,1.541625,-5.0,-13.9,-8.1,944.7,5.5,0.0,3.85,18.6,36.4,25451.0,40215.98
2018-03-01,2.667,1.375125,-3.4,-16.0,-10.2,951.6,0.0,0.0,0.0,14.2,27.0,32148.16,40387.53
2018-03-02,2.667,0.70825,1.7,-9.8,-3.9,940.4,3.8,3.0,0.56,16.4,54.4,1553.11,40558.88
2018-03-03,2.667,1.375,13.4,-0.8,4.3,934.1,3.2,3.2,0.0,13.3,42.1,38798.67,40729.91
2018-03-04,2.667,1.375125,8.6,0.8,4.3,937.8,6.8,6.8,0.0,12.1,26.6,4569.65,40900.48
2018-03-05,1.333,1.083125,4.8,0.4,1.9,942.2,0.5,0.5,0.0,21.1,43.2,14409.28,41070.6
2018-03-06,2.0,1.041875,12.2,0.9,4.9,936.4,1.5,1.5,0.0,16.1,47.9,20273.82,41241.57
2018-03-07,2.667,0.625,15.1,1.7,8.2,936.4,0.3,0.3,0.0,16.9,46.8,39600.0,41413.64
2018-03-08,1.667,0.791625,9.3,4.1,6.6,940.6,3.2,3.2,0.0,16.1,32.0,2979.38,41586.69
2018-03-09,4.333,2.0,12.6,0.1,6.6,950.1,0.0,0.0,0.0,13.5,27.0,39600.0,41760.6
2018-03-10,4.0,2.375,15.8,1.5,7.8,950.1,0.0,0.0,0.0,9.3,24.1,36964.81,41935.24
2018-03-11,2.333,1.0415,16.2,4.9,9.7,948.3,0.0,0.0,0.0,10.7,19.1,39600.0,42110.51
2018-03-12,1.0,0.416625,19.8,3.6,10.5,943.9,1.0,1.0,0.0,14.6,35.3,37540.68,42286.29
2018-03-13,1.0,0.583375,12.6,3.9,7.8,939.8,15.1,15.1,0.0,19.7,42.5,24594.9,42462.45
2018-03-14,4.0,1.75,11.9,3.2,7.0,943.0,2.9,2.9,0.0,14.1,29.9,25381.93,42638.88
2018-03-15,4.0,2.833375,12.3,2.8,6.5,945.0,0.7,0.7,0.0,10.7,27.4,31122.81,42815.47
2018-03-16,4.333,3.25,11.5,3.9,6.7,943.6,2.2,2.2,0.0,13.4,27.7,8162.39,42992.1
2018-03-17,4.333,2.6666250000000002,20.2,4.1,10.7,937.6,0.2,0.2,0.0,16.4,34.6,36834.71,43168.66
2018-03-18,6.0,3.0,12.4,4.8,8.6,933.9,11.8,11.8,0.0,17.7,37.4,4121.53,43345.04
2018-03-19,4.333,2.625,6.2,1.1,3.7,938.8,9.5,7.1,1.68,24.4,48.6,7780.93,43521.11
2018-03-20,3.0,1.458125,9.5,-0.3,4.4,940.0,8.7,1.0,5.39,15.0,35.6,32633.68,43696.78
2018-03-21,2.0,0.916625,10.5,1.3,4.9,947.1,7.7,7.7,0.0,16.8,49.3,20590.19,43871.92
2018-03-22,3.0,1.458375,1.2,-2.2,-0.8,949.4,7.4,0.0,5.25,19.3,50.8,102.67,44046.42
2018-03-23,4.0,2.79175,1.7,-4.4,-1.7,935.8,4.7,0.0,3.29,18.7,51.8,21800.31,44220.15
2018-03-24,2.667,2.0,2.2,-5.5,-1.9,938.5,5.8,0.0,4.06,11.1,24.5,16587.6,44393.02
2018-03-25,4.0,3.041625,5.9,-2.5,1.0,946.6,0.5,0.4,0.07,18.7,38.9,35129.03,44565.01
2018-03-26,3.0,2.375,7.8,1.5,4.6,944.1,2.1,2.1,0.0,16.7,33.8,8556.05,44737.34
2018-03-27,3.0,1.791625,8.3,2.2,4.8,945.6,1.5,1.5,0.0,14.0,28.8,12507.06,44910.23
2018-03-28,0.667,0.33325000000000005,9.7,-1.8,4.0,946.7,0.0,0.0,0.0,11.4,22.3,41818.01,45083.58
2018-03-29,1.667,0.8335,13.4,-0.6,5.4,946.4,0.0,0.0,0.0,10.6,16.9,41183.19,45257.3
2018-03-30,2.333,1.083375,18.0,0.5,8.3,949.7,0.0,0.0,0.0,12.3,22.7,41961.47,45431.27
2018-03-31,2.667,1.41675,21.3,4.0,10.8,946.3,0.0,0.0,0.0,14.4,35.6,29916.19,45605.38
2018-04-01,1.333,1.124875,14.3,5.7,8.9,937.4,6.6,6.6,0.0,20.6,47.9,28958.52,45779.54
2018-04-02,1.667,1.166625,12.7,1.4,7.0,948.3,0.0,0.0,0.0,19.6,42.1,44845.31,45953.64
2018-04-03,2.0,0.58325,17.3,3.7,9.3,954.8,0.0,0.0,0.0,9.8,25.2,45391.99,46127.56
2018-04-04,1.667,1.04175,21.1,2.8,11.1,953.5,0.0,0.0,0.0,11.4,25.9,45241.28,46301.2
2018-04-05,3.0,1.833375,19.2,6.8,12.9,948.7,0.9,0.9,0.0,12.1,26.3,31614.78,46474.46
2018-04-06,1.667,0.7917500000000001,12.9,8.6,11.2,948.1,8.4,8.4,0.0,9.9,20.5,0.0,46647.2
2018-04-07,2.0,0.916625,16.0,7.9,10.9,954.5,0.2,0.2,0.0,11.3,27.4,34178.72,46819.33
2018-04-08,2.333,1.166625,18.4,6.3,11.6,955.5,0.0,0.0,0.0,14.3,32.0,46443.19,46990.73
2018-04-09,4.333,2.208125,21.3,5.4,12.7,951.5,0.0,0.0,0.0,13.3,28.4,46605.86,47161.28
2018-04-10,4.0,3.125,21.7,6.3,13.4,948.0,0.0,0.0,0.0,9.4,22.3,46673.81,47330.86
2018-04-11,4.333,2.166625,21.2,10.6,15.2,945.7,0.0,0.0,0.0,10.0,20.5,46476.18,47499.34
2018-04-12,3.0,2.0,23.8,11.1,16.1,946.8,0.0,0.0,0.0,14.7,31.3,46800.0,47666.62
2018-04-13,3.667,1.91675,22.8,8.6,15.1,949.2,0.0,0.0,0.0,13.6,29.2,46800.0,47832.54
2018-04-14,2.0,1.33325,22.7,10.8,16.4,954.8,0.0,0.0,0.0,10.8,23.8,46397.16,47997.12
2018-04-15,2.333,1.29175,19.5,10.1,14.7,956.2,0.2,0.2,0.0,19.6,39.2,30019.82,48161.49
2018-04-16,1.0,0.45825,15.7,9.3,12.3,952.9,0.6,0.6,0.0,14.2,30.6,12439.8,48325.89
2018-04-17,1.0,0.5835,19.9,8.1,12.9,952.8,2.2,2.2,0.0,12.5,28.1,38782.49,48490.19
2018-04-18,2.0,1.291875,19.2,9.6,13.9,958.4,0.0,0.0,0.0,11.4,27.4,45042.89,48654.29
2018-04-19,1.0,0.33337500000000003,20.6,8.2,14.1,958.9,0.0,0.0,0.0,12.5,27.0,46693.81,48818.08
2018-04-20,6.0,4.624875,16.6,10.7,13.4,954.7,1.2,1.2,0.0,13.8,28.4,46800.0,48981.44
2018-04-21,3.333,2.541625,19.7,5.8,12.5,956.2,0.0,0.0,0.0,10.7,24.1,46800.0,49144.24
2018-04-22,1.667,1.208375,23.6,9.9,15.6,952.4,0.0,0.0,0.0,11.3,22.3,46800.0,49306.37
2018-04-23,3.0,1.41675,24.9,11.7,17.6,951.1,0.0,0.0,0.0,10.5,19.8,46800.0,49467.7
2018-04-24,2.0,0.95825,25.3,12.9,18.3,951.8,0.0,0.0,0.0,7.0,20.5,45382.4,49628.11
2018-04-25,2.0,0.916625,24.5,10.9,17.5,951.9,0.3,0.3,0.0,10.0,24.1,46800.0,49787.46
2018-04-26,1.667,0.9167500000000001,24.0,12.9,18.0,949.6,0.0,0.0,0.0,13.1,27.7,46800.0,49945.62
2018-04-27,2.667,1.208375,22.6,11.3,17.2,950.7,0.4,0.4,0.0,15.9,33.8,46800.0,50102.47
2018-04-28,1.667,0.708375,24.2,11.9,17.5,953.9,0.7,0.7,0.0,17.4,37.1,44490.04,50257.85
2018-04-29,1.333,0.70825,23.5,10.8,17.0,952.6,0.0,0.0,0.0,17.9,39.2,46197.57,50411.64
2018-04-30,2.333,1.25,24.4,10.1,16.5,950.4,1.5,1.5,0.0,13.2,26.3,38560.44,50563.67
2018-05-01,1.0,0.41650000000000004,23.6,10.3,17.2,949.7,0.1,0.1,0.0,11.8,25.6,42375.67,50713.81
2018-05-02,2.0,0.958375,26.1,9.7,17.7,948.3,0.0,0.0,0.0,17.1,36.4,47063.05,50861.9
2018-05-03,1.333,0.6248750000000001,23.8,10.9,17.1,946.2,0.6,0.6,0.0,15.8,35.6,39827.38,51007.8
2018-05-04,1.333,0.875,25.6,13.9,18.9,947.6,0.0,0.0,0.0,20.2,43.2,45712.99,51151.45
2018-05-05,5.667,2.875125,24.6,12.8,18.6,948.4,0.0,0.0,0.0,17.7,41.0,46956.15,51293.94
2018-05-06,5.667,3.70825,21.7,12.8,17.4,948.0,3.8,3.8,0.0,14.0,38.5,46800.0,51435.47
2018-05-07,4.0,3.0416250000000002,20.0,12.9,16.2,948.3,6.8,6.8,0.0,11.2,33.1,34157.26,51575.93
2018-05-08,3.667,2.8335,22.0,11.2,16.3,944.1,0.0,0.0,0.0,9.4,29.9,46855.09,51715.17
2018-05-09,4.0,2.7916250000000002,23.5,10.6,16.8,942.2,0.0,0.0,0.0,13.0,29.2,48165.42,51853.09
2018-05-10,3.333,2.41675,18.5,11.8,15.0,944.3,1.8,1.8,0.0,13.8,29.5,32767.94,51989.55
2018-05-11,3.667,2.833375,19.5,10.9,15.3,949.8,1.1,1.1,0.0,12.8,31.7,46788.85,52124.4
2018-05-12,3.667,1.750125,21.2,9.0,15.4,950.6,0.9,0.9,0.0,8.9,20.9,45022.33,52257.53
2018-05-13,2.333,1.916625,19.9,10.0,15.0,947.8,1.4,1.4,0.0,13.0,30.6,47715.78,52388.78
2018-05-14,2.0,0.9585,20.0,12.4,15.3,947.8,7.1,7.1,0.0,10.4,34.2,37156.51,52518.02
2018-05-15,1.333,0.625,22.6,10.6,17.0,948.7,0.8,0.8,0.0,11.7,38.2,46684.51,52645.11
2018-05-16,1.333,0.6665,23.6,12.5,17.3,948.3,0.6,0.6,0.0,9.8,25.2,47979.2,52769.89
2018-05-17,3.0,2.29175,22.6,11.2,16.9,949.7,0.2,0.2,0.0,12.5,29.5,48848.46,52892.22
2018-05-18,1.667,1.041625,23.2,11.9,17.2,950.7,1.2,1.2,0.0,9.3,24.1,42103.23,53011.94
2018-05-19,1.0,0.416625,19.9,13.2,15.8,950.0,3.0,3.0,0.0,10.7,27.7,34901.83,53128.9
2018-05-20,1.0,0.499875,21.2,10.0,15.9,952.2,0.0,0.0,0.0,8.4,21.6,49739.11,53242.95
2018-05-21,1.0,0.375,19.9,13.3,16.3,952.7,1.0,1.0,0.0,16.3,35.6,33977.39,53353.92
2018-05-22,2.0,1.166625,22.5,14.5,17.8,953.4,0.0,0.0,0.0,17.0,37.8,39024.58,53461.65
2018-05-23,3.333,1.874875,24.4,12.4,17.9,954.1,0.6,0.6,0.0,13.9,37.4,43811.89,53565.98
2018-05-24,1.333,0.666625,20.8,14.2,17.2,951.6,2.6,2.6,0.0,13.5,30.6,44939.77,53666.83
2018-05-25,1.333,0.583,23.7,10.8,17.9,951.5,2.9,2.9,0.0,13.4,36.4,51065.4,53765.03
2018-05-26,1.333,0.58325,23.2,11.6,17.7,954.9,1.2,1.2,0.0,17.0,36.7,51080.89,53860.72
2018-05-27,1.333,0.791625,22.4,11.7,17.8,956.1,0.7,0.7,0.0,11.1,27.4,50707.62,53953.8
2018-05-28,1.667,0.916625,23.2,13.7,18.3,956.1,0.0,0.0,0.0,14.2,31.3,49350.76,54044.18
2018-05-29,1.667,0.791875,23.3,11.7,18.0,955.5,0.0,0.0,0.0,15.3,36.4,52423.03,54131.74
2018-05-30,1.667,0.833375,23.8,13.4,18.5,953.7,0.0,0.0,0.0,14.8,34.6,49534.69,54216.42
2018-05-31,4.333,2.166625,25.3,12.8,19.1,952.7,0.0,0.0,0.0,10.6,25.6,53091.55,54298.08
2018-06-01,4.667,3.583375,27.1,13.1,20.2,953.0,0.0,0.0,0.0,11.5,28.1,52720.35,54376.63
2018-06-02,4.0,3.0001249999999997,27.1,12.8,20.1,953.5,1.4,1.4,0.0,16.6,33.5,52348.51,54451.98
2018-06-03,2.667,2.00025,26.5,14.8,20.2,951.5,0.9,0.9,0.0,12.4,36.0,48428.83,54524.01
2018-06-04,1.333,1.08325,25.1,15.7,20.2,948.0,0.7,0.7,0.0,17.1,34.2,48125.28,54592.64
2018-06-05,1.667,1.3335,25.5,14.3,20.2,945.8,0.8,0.8,0.0,12.7,30.6,49759.05,54657.76
2018-06-06,3.667,1.375,25.0,15.8,20.2,949.4,0.0,0.0,0.0,13.2,35.6,50509.57,54719.26
2018-06-07,2.667,1.208375,24.9,15.1,20.3,953.8,0.2,0.2,0.0,11.5,29.5,45080.17,54777.05
2018-06-08,2.0,0.916625,28.5,16.1,22.1,953.8,0.0,0.0,0.0,13.4,33.1,47621.08,54831.01
2018-06-09,1.333,0.75,26.0,16.5,20.8,947.4,5.6,5.6,0.0,14.8,34.2,40384.51,54881.07
2018-06-10,1.0,0.45837500000000003,23.7,16.0,19.7,946.8,4.5,4.5,0.0,12.1,29.9,35444.69,54927.11
2018-06-11,1.333,0.708125,27.7,14.1,21.6,948.1,0.0,0.0,0.0,12.1,29.2,52925.84,54969.04
2018-06-12,1.667,0.75,29.4,16.7,23.2,946.7,0.2,0.2,0.0,8.7,24.1,51035.26,55006.78
2018-06-13,2.0,0.8748750000000001,27.3,18.1,22.4,942.8,0.2,0.2,0.0,13.7,30.6,42369.23,55040.23
2018-06-14,1.333,1.124875,22.1,15.7,18.9,942.0,11.9,11.9,0.0,9.3,27.7,16254.16,55069.67
2018-06-15,1.0,0.583375,23.8,15.7,18.6,943.0,21.1,21.1,0.0,13.0,32.4,40866.18,55095.17
2018-06-16,0.667,0.33325000000000005,22.8,15.1,18.2,945.2,4.7,4.7,0.0,14.1,32.8,34698.15,55116.71
2018-06-17,1.667,0.9167500000000001,23.5,14.5,19.1,947.1,1.1,1.1,0.0,8.2,20.5,44620.85,55134.31
2018-06-18,4.0,2.9998750000000003,23.4,14.7,18.9,948.1,10.3,10.3,0.0,9.5,25.6,50396.59,55147.97
2018-06-19,2.333,1.333375,24.0,15.8,19.9,952.2,2.3,2.3,0.0,14.4,31.7,48411.8,55157.68
2018-06-20,2.333,1.208375,25.9,14.2,20.5,955.7,0.2,0.2,0.0,15.0,32.0,53270.47,55163.45
2018-06-21,1.0,0.583375,27.0,15.3,21.6,953.6,0.1,0.1,0.0,12.3,29.2,50896.34,55165.3
2018-06-22,1.333,0.749875,26.3,15.8,20.1,948.9,2.2,2.2,0.0,16.5,35.6,31735.96,55163.23
2018-06-23,4.0,3.1666250000000002,19.6,11.2,15.0,952.1,0.6,0.6,0.0,22.0,43.2,37715.96,55157.26
2018-06-24,2.667,1.66675,21.1,8.1,15.2,953.0,0.0,0.0,0.0,10.5,24.1,49277.81,55147.4
2018-06-25,5.0,2.0835,21.8,12.0,17.0,952.1,0.7,0.7,0.0,15.2,33.8,40181.47,55133.65
2018-06-26,4.667,3.3335,19.4,14.4,16.7,949.8,10.4,10.4,0.0,16.4,38.5,16442.78,55116.06
2018-06-27,2.667,1.6665,18.6,13.4,15.5,944.6,8.4,8.4,0.0,11.8,27.0,9130.59,55094.62
2018-06-28,1.667,1.208375,19.5,13.8,16.1,941.2,17.9,17.9,0.0,12.1,23.0,12287.48,55069.38
2018-06-29,1.333,0.708375,20.4,14.9,16.8,940.9,19.3,19.3,0.0,16.3,46.4,22089.85,55040.34
2018-06-30,1.0,0.791625,22.2,14.3,18.5,941.9,1.5,1.5,0.0,22.7,49.3,36891.24,55007.53
2018-07-01,0.667,0.333125,23.2,15.6,18.9,949.8,0.0,0.0,0.0,18.6,37.8,53480.1,54970.99
2018-07-02,1.0,0.374875,26.0,14.3,19.3,952.9,6.5,6.5,0.0,8.9,30.6,53500.63,54930.73
2018-07-03,1.667,0.625125,27.0,15.8,20.9,952.3,1.1,1.1,0.0,9.2,24.1,47850.72,54886.74
2018-07-04,1.333,0.875125,25.8,16.7,20.6,951.8,17.1,17.1,0.0,14.9,36.4,43027.27,54838.6
2018-07-05,4.667,2.75,26.2,17.2,21.2,950.8,0.6,0.6,0.0,13.6,29.5,52466.82,54786.27
2018-07-06,3.667,1.66675,27.7,16.8,22.0,949.2,0.0,0.0,0.0,7.0,16.9,53960.98,54729.89
2018-07-07,2.0,1.29175,22.4,17.4,19.7,948.4,15.3,15.3,0.0,9.9,23.0,32338.98,54669.56
2018-07-08,1.333,0.833375,21.4,15.1,18.0,948.0,9.1,9.1,0.0,13.0,29.9,36678.99,54605.4
2018-07-09,0.667,0.333125,21.5,15.3,17.4,948.4,6.1,6.1,0.0,12.2,25.6,42848.63,54537.55
2018-07-10,2.333,1.624875,21.7,14.4,17.6,948.9,4.4,4.4,0.0,14.6,31.3,50400.0,54466.1
2018-07-11,2.667,1.874875,24.9,13.3,18.8,950.2,0.0,0.0,0.0,9.4,20.5,53634.78,54391.2
2018-07-12,2.667,1.70825,26.8,15.7,21.6,951.8,0.0,0.0,0.0,5.3,17.6,53675.76,54312.95
2018-07-13,2.667,1.29175,24.6,16.0,20.9,952.1,0.8,0.8,0.0,10.2,28.1,53250.19,54231.48
2018-07-14,1.667,0.875,25.7,15.1,20.4,952.2,0.2,0.2,0.0,12.0,29.2,53232.13,54146.9
2018-07-15,1.333,0.583125,26.5,15.3,20.7,950.7,0.0,0.0,0.0,12.5,26.3,53424.96,54059.33
2018-07-16,2.667,1.8335,26.3,16.9,21.2,949.5,0.0,0.0,0.0,14.5,31.3,52840.51,53968.9
2018-07-17,3.0,1.458375,25.6,17.4,20.8,945.9,10.6,10.6,0.0,10.3,31.7,40866.7,53875.71
2018-07-18,1.0,0.625,23.5,16.3,19.2,946.0,0.7,0.7,0.0,21.7,52.2,40075.39,53779.89
2018-07-19,1.0,0.7917500000000001,22.1,17.0,19.0,946.2,2.8,2.8,0.0,23.1,48.2,28754.43,53681.56
2018-07-20,2.0,1.54175,25.9,17.9,21.0,948.6,1.5,1.5,0.0,16.2,33.1,46830.72,53580.81
2018-07-21,3.333,2.3335,27.8,14.7,21.8,950.2,0.0,0.0,0.0,10.7,25.6,52363.35,53477.77
2018-07-22,1.333,1.124875,29.6,17.1,23.2,947.8,0.1,0.1,0.0,12.6,30.6,50743.67,53372.55
2018-07-23,1.0,0.6667500000000001,24.7,17.7,20.8,944.2,11.7,11.7,0.0,11.1,28.8,32206.42,53265.16
2018-07-24,4.0,3.125,23.6,16.4,19.3,942.9,2.1,2.1,0.0,14.2,36.7,41703.59,53154.69
2018-07-25,3.333,1.7915,22.9,17.0,19.5,944.1,19.4,19.4,0.0,11.5,28.8,37601.95,53041.02
2018-07-26,1.333,0.750125,24.5,16.7,20.1,946.4,4.1,4.1,0.0,9.1,23.4,45898.21,52924.32
2018-07-27,1.667,0.625,24.8,16.7,20.4,948.0,0.1,0.1,0.0,8.3,16.9,40633.76,52804.76
2018-07-28,2.0,1.166625,25.5,16.7,20.7,947.3,0.4,0.4,0.0,9.6,23.4,45211.05,52682.49
2018-07-29,1.333,0.958375,26.0,17.4,20.9,948.0,1.0,1.0,0.0,10.0,28.1,44555.13,52557.66
2018-07-30,2.0,1.0,24.2,18.4,21.1,948.3,17.6,17.6,0.0,10.0,25.6,28184.25,52430.44
2018-07-31,2.333,1.0415,24.6,16.4,20.8,949.7,6.7,6.7,0.0,9.0,24.1,46010.45,52300.98
2018-08-01,2.333,1.375,26.0,17.8,21.5,951.7,1.8,1.8,0.0,9.7,25.9,39712.83,52169.42
2018-08-02,2.667,1.166625,25.4,17.3,21.3,953.3,3.0,3.0,0.0,15.5,33.5,45000.12,52035.92
2018-08-03,2.667,1.291625,26.0,17.0,21.2,953.2,0.0,0.0,0.0,15.5,34.2,47628.69,51900.61
2018-08-04,2.0,1.08325,26.0,15.4,20.8,953.2,0.0,0.0,0.0,14.5,34.2,47647.5,51763.63
2018-08-05,2.0,0.958375,27.2,16.5,21.7,953.3,0.0,0.0,0.0,11.6,27.0,47373.45,51625.13
2018-08-06,1.0,0.5835,28.2,15.4,22.1,953.3,0.0,0.0,0.0,8.6,19.4,47102.62,51485.23
2018-08-07,3.0,2.208375,28.5,16.3,22.4,953.2,0.0,0.0,0.0,7.2,18.0,47167.25,51344.08
2018-08-08,1.667,1.125,27.5,18.0,22.5,954.3,0.1,0.1,0.0,10.7,25.6,46800.0,51201.79
2018-08-09,1.333,0.875,28.4,16.9,22.1,955.7,0.0,0.0,0.0,13.7,30.6,46835.15,51058.5
2018-08-10,1.333,0.791625,26.6,16.3,21.3,957.6,0.0,0.0,0.0,14.8,33.5,46872.98,50914.33
2018-08-11,3.667,2.16675,26.3,15.1,20.4,956.6,0.0,0.0,0.0,13.5,29.2,46911.3,50769.4
2018-08-12,2.0,1.291875,26.3,13.8,19.9,955.2,0.0,0.0,0.0,8.9,19.1,43309.84,50623.72
2018-08-13,1.333,0.83325,28.4,13.3,21.3,952.6,0.0,0.0,0.0,12.4,27.4,46800.0,50476.2
2018-08-14,1.333,0.75,29.3,14.1,21.7,950.5,0.0,0.0,0.0,11.2,26.3,43394.44,50326.67
2018-08-15,4.0,2.583375,27.8,16.0,21.7,950.3,0.0,0.0,0.0,12.0,25.9,43537.0,50175.29
2018-08-16,3.667,2.291625,27.7,17.6,22.2,951.0,0.0,0.0,0.0,18.6,39.2,46800.0,50022.18
2018-08-17,4.0,2.4165,27.8,16.7,22.0,951.4,1.3,1.3,0.0,15.4,38.9,46800.0,49867.49
2018-08-18,3.333,2.166625,27.4,15.4,22.0,953.0,0.3,0.3,0.0,13.0,31.3,46800.0,49711.35
2018-08-19,2.667,1.874875,28.7,16.8,22.5,954.3,0.0,0.0,0.0,15.5,36.7,46800.0,49553.9
2018-08-20,4.0,2.833375,26.8,15.6,21.7,952.8,0.6,0.6,0.0,13.8,33.1,46162.96,49395.26
2018-08-21,2.667,1.7915,27.2,15.2,21.7,952.8,0.0,0.0,0.0,11.8,30.6,46800.0,49235.57
2018-08-22,2.333,1.249875,28.1,16.8,22.4,954.2,0.0,0.0,0.0,13.5,30.2,46800.0,49074.94
2018-08-23,1.667,0.8335,27.9,15.1,21.9,953.2,0.0,0.0,0.0,17.8,38.2,46800.0,48913.51
2018-08-24,2.667,1.041625,26.9,15.2,21.4,950.2,0.0,0.0,0.0,11.2,28.8,46800.0,48751.38
2018-08-25,4.333,2.29175,28.3,14.7,21.7,947.7,0.0,0.0,0.0,12.0,27.0,46800.0,48588.68
2018-08-26,7.333,5.29175,28.2,16.7,22.6,945.7,0.2,0.2,0.0,13.3,26.6,42965.2,48425.52
2018-08-27,5.667,3.3751249999999997,24.9,17.2,20.5,947.0,5.7,5.7,0.0,8.5,30.2,41246.6,48262.01
2018-08-28,3.667,1.7918749999999999,24.4,15.7,19.6,951.7,3.7,3.7,0.0,11.6,24.8,34650.75,48098.26
2018-08-29,2.333,1.416625,26.7,15.8,20.8,953.1,0.0,0.0,0.0,8.7,21.2,46800.0,47934.39
2018-08-30,1.667,0.791625,29.1,17.0,22.2,953.1,0.0,0.0,0.0,12.0,26.3,46796.1,47770.49
2018-08-31,2.333,1.04175,28.7,15.8,22.2,953.6,0.0,0.0,0.0,10.4,24.8,46696.97,47606.67
2018-09-01,2.0,0.916625,29.2,14.9,22.4,954.1,0.0,0.0,0.0,13.2,28.8,46597.51,47442.92
2018-09-02,2.0,1.1665,29.5,17.5,23.1,954.4,0.0,0.0,0.0,13.9,31.3,46496.83,47278.15
2018-09-03,1.333,0.9165,27.6,16.1,21.3,951.0,1.2,1.2,0.0,10.2,24.8,44124.59,47112.14
2018-09-04,3.0,1.9168749999999999,26.4,16.0,20.0,948.1,2.5,2.5,0.0,12.0,27.4,45118.19,46945.02
2018-09-05,3.333,2.16675,22.3,15.1,18.3,948.0,2.0,2.0,0.0,12.5,30.2,42580.4,46776.89
2018-09-06,2.0,1.166625,24.1,13.4,18.5,947.8,0.7,0.7,0.0,13.6,28.4,45164.49,46607.88
2018-09-07,2.333,1.125,25.2,13.8,19.0,948.0,0.2,0.2,0.0,15.2,34.9,44836.28,46438.1
2018-09-08,2.333,0.875,23.6,13.5,18.1,951.6,0.1,0.1,0.0,12.9,26.6,27479.05,46267.65
2018-09-09,2.667,1.54175,23.8,14.3,18.8,954.7,0.7,0.7,0.0,15.6,38.2,44182.79,46096.65
2018-09-10,5.0,2.58325,23.9,12.4,18.1,955.7,0.0,0.0,0.0,17.8,39.2,44483.82,45925.21
2018-09-11,6.0,4.04175,23.8,10.7,17.4,956.9,0.0,0.0,0.0,12.8,30.2,43532.35,45753.41
2018-09-12,4.0,2.083375,24.3,11.2,17.5,957.8,0.0,0.0,0.0,9.7,24.5,43520.93,45581.39
2018-09-13,4.0,3.125,23.4,12.3,17.6,954.0,0.0,0.0,0.0,11.5,27.7,42614.91,45409.22
2018-09-14,4.333,2.75,25.1,13.6,18.7,952.3,0.0,0.0,0.0,9.7,24.1,42873.16,45237.03
2018-09-15,2.667,1.79175,25.8,12.4,19.2,954.2,0.0,0.0,0.0,12.7,29.9,42572.87,45064.89
2018-09-16,2.333,1.291625,24.3,15.2,19.3,957.8,0.0,0.0,0.0,14.6,32.0,42508.56,44892.93
2018-09-17,3.333,2.4585,26.0,12.6,18.4,958.9,0.0,0.0,0.0,16.1,34.6,42444.19,44721.25
2018-09-18,2.333,1.41675,25.7,12.5,18.6,958.2,0.0,0.0,0.0,15.4,34.2,41648.96,44549.93
2018-09-19,2.333,0.7498750000000001,25.3,10.6,17.8,957.8,0.0,0.0,0.0,12.6,28.4,42306.2,44379.07
2018-09-20,0.667,0.20825000000000002,24.9,9.8,17.1,956.3,0.0,0.0,0.0,12.0,28.1,42250.54,44208.79
2018-09-21,4.333,1.166625,25.8,11.2,17.8,954.6,0.0,0.0,0.0,12.1,28.8,28497.74,44039.06
2018-09-22,4.667,3.91675,28.2,13.0,19.7,954.0,0.0,0.0,0.0,9.7,21.6,40215.52,43868.73
2018-09-23,3.333,2.33325,28.2,13.6,20.0,955.7,0.2,0.2,0.0,9.9,23.0,38710.11,43697.61
2018-09-24,2.333,1.583375,30.0,10.6,17.5,952.0,0.0,0.0,0.0,37.3,73.1,41220.05,43525.78
2018-09-25,3.0,2.29175,16.0,6.7,10.8,961.5,0.0,0.0,0.0,18.7,38.5,41253.74,43353.37
2018-09-26,2.667,1.708375,12.8,3.1,8.0,966.7,0.0,0.0,0.0,17.7,38.9,38885.06,43180.48
2018-09-27,2.333,1.458375,15.0,1.6,8.6,964.5,0.0,0.0,0.0,11.0,27.0,41008.88,43007.21
2018-09-28,3.0,1.54175,19.2,4.7,11.4,956.4,0.0,0.0,0.0,15.8,36.7,40729.95,42833.67
2018-09-29,3.333,2.166625,21.0,8.3,13.6,951.5,0.1,0.1,0.0,10.9,25.2,40137.37,42659.98
2018-09-30,2.333,1.166625,15.6,8.1,11.3,954.8,0.0,0.0,0.0,16.3,36.4,30029.62,42486.24
2018-10-01,3.667,1.83325,18.3,9.7,12.7,949.0,5.0,5.0,0.0,15.5,33.1,27415.77,42312.56
2018-10-02,3.667,1.583375,22.3,8.2,14.3,950.5,0.1,0.1,0.0,10.6,24.5,38969.84,42139.04
2018-10-03,2.333,1.1251250000000002,20.1,10.0,14.6,955.3,0.0,0.0,0.0,18.7,38.5,36771.18,41965.8
2018-10-04,1.667,0.9165,19.3,5.8,12.7,960.5,0.0,0.0,0.0,12.6,28.8,39897.36,41792.94
2018-10-05,3.0,2.000125,20.0,5.5,12.9,962.9,0.0,0.0,0.0,15.3,36.4,39512.51,41620.58
2018-10-06,3.0,0.875,20.7,7.5,13.3,959.8,0.0,0.0,0.0,15.2,33.8,39443.57,41448.82
2018-10-07,5.333,2.9166250000000002,22.2,6.0,13.4,953.5,0.0,0.0,0.0,13.3,25.6,39188.87,41277.78
2018-10-08,4.333,3.208375,22.5,9.4,15.1,953.2,0.0,0.0,0.0,11.9,29.5,39086.91,41107.58
2018-10-09,3.667,3.0835,19.4,7.7,13.4,957.2,0.0,0.0,0.0,13.0,31.7,38986.15,40938.31
2018-10-10,4.667,2.708375,21.1,6.4,13.4,959.1,0.0,0.0,0.0,15.0,32.4,38886.7,40770.12
2018-10-11,3.0,2.16675,19.8,6.9,12.5,959.4,0.0,0.0,0.0,15.1,36.7,35714.92,40602.99
2018-10-12,1.667,1.291625,18.9,8.9,13.1,960.9,0.0,0.0,0.0,12.7,31.3,38689.98,40435.66
2018-10-13,4.333,2.2915,18.4,8.9,12.7,961.2,0.0,0.0,0.0,15.3,34.6,36000.0,40267.92
2018-10-14,2.0,1.375,17.9,6.9,11.6,959.7,0.0,0.0,0.0,18.2,38.9,37968.79,40099.86
2018-10-15,3.0,2.291875,19.7,5.7,12.0,958.1,0.0,0.0,0.0,15.9,34.6,38023.07,39931.64
2018-10-16,2.0,1.2085,21.7,8.3,13.5,957.8,0.0,0.0,0.0,12.6,29.2,37754.72,39763.36
2018-10-17,1.667,0.5,20.8,8.7,13.8,956.0,1.4,1.4,0.0,12.1,29.5,37161.99,39595.17
2018-10-18,0.333,0.08325,21.1,9.3,14.4,953.1,0.0,0.0,0.0,11.0,24.5,36243.01,39427.18
2018-10-19,0.667,0.29150000000000004,21.8,10.1,15.0,952.6,0.2,0.2,0.0,9.3,22.3,36000.0,39259.54
2018-10-20,0.333,0.12487500000000001,18.1,8.3,12.6,954.8,4.0,4.0,0.0,14.3,30.6,36018.4,39092.37
2018-10-21,2.0,1.041625,16.2,7.9,11.3,954.2,5.2,5.2,0.0,11.5,25.9,29757.69,38925.81
2018-10-22,2.667,1.291875,16.0,8.9,11.6,955.9,1.2,1.2,0.0,15.2,32.0,22501.22,38760.01
2018-10-23,1.0,0.58325,16.4,6.2,10.5,953.8,0.0,0.0,0.0,10.6,20.5,36000.0,38595.09
2018-10-24,1.333,0.708125,14.8,4.4,9.6,944.1,2.3,2.3,0.0,28.7,64.4,20141.87,38431.21
2018-10-25,2.0,1.416625,9.9,2.5,6.1,949.4,0.0,0.0,0.0,25.0,51.8,36000.0,38268.51
2018-10-26,2.333,1.541625,19.4,4.7,11.1,951.0,0.0,0.0,0.0,9.8,25.2,36000.0,38107.13
2018-10-27,1.667,0.708375,22.2,4.4,12.6,951.3,0.0,0.0,0.0,11.4,25.9,36000.0,37947.25
2018-10-28,1.333,0.6667500000000001,21.4,6.1,12.3,952.6,0.0,0.0,0.0,13.7,31.7,35959.07,37788.99
2018-10-29,0.333,0.1665,20.8,9.0,13.6,953.3,0.0,0.0,0.0,13.2,40.7,22094.95,37632.54
2018-10-30,2.0,0.833375,22.5,7.5,13.9,953.2,0.0,0.0,0.0,14.4,57.6,26006.81,37478.04
2018-10-31,1.667,0.875,23.2,8.8,15.7,958.6,0.0,0.0,0.0,10.1,21.6,35783.02,37325.52
2018-11-01,2.0,1.166625,23.0,11.2,16.4,961.4,0.2,0.2,0.0,12.4,25.9,25664.82,37173.63
2018-11-02,2.667,0.916625,20.2,12.9,15.5,961.2,0.0,0.0,0.0,16.2,34.9,30736.77,37022.11
2018-11-03,2.0,0.833125,21.0,9.3,13.8,960.4,0.0,0.0,0.0,16.4,34.6,33895.78,36871.1
2018-11-04,5.333,2.0835,16.9,7.5,10.8,959.1,0.0,0.0,0.0,18.0,38.9,33599.92,36720.77
2018-11-05,5.667,4.041625,16.8,3.6,9.2,957.2,0.0,0.0,0.0,10.8,23.8,35401.64,36571.27
2018-11-06,3.667,1.625,16.9,2.7,9.2,956.8,0.0,0.0,0.0,16.1,34.2,35324.18,36422.77
2018-11-07,3.333,2.08325,14.2,6.7,9.9,956.6,0.0,0.0,0.0,15.5,33.5,33047.85,36275.41
2018-11-08,4.0,2.166625,13.7,6.7,9.6,955.7,0.0,0.0,0.0,10.7,24.8,30623.64,36129.37
2018-11-09,4.0,2.041625,13.8,4.0,8.4,955.7,0.0,0.0,0.0,8.4,16.6,34872.18,35984.82
2018-11-10,4.333,2.541625,14.1,2.5,7.1,954.3,0.0,0.0,0.0,10.8,22.0,34921.42,35841.94
2018-11-11,3.0,1.708375,14.7,3.4,7.7,956.5,0.0,0.0,0.0,10.5,16.2,34935.38,35700.9
2018-11-12,3.333,2.1666250000000002,15.8,4.7,8.6,961.2,0.0,0.0,0.0,11.6,15.5,34857.92,35561.87
2018-11-13,2.0,0.666625,14.1,2.5,7.0,962.4,0.0,0.0,0.0,14.5,34.6,34366.86,35425.04
2018-11-14,1.333,0.666625,12.3,2.1,7.0,959.7,0.0,0.0,0.0,14.8,29.2,20095.02,35290.6
2018-11-15,0.667,0.25,10.6,3.6,7.2,957.8,0.0,0.0,0.0,15.2,28.8,32324.89,35158.74
2018-11-16,1.0,0.166625,6.3,0.3,2.8,959.8,0.0,0.0,0.0,15.1,33.1,27046.26,35029.66
2018-11-17,0.667,0.16662500000000002,4.1,-1.9,0.6,961.1,0.0,0.0,0.0,15.3,33.8,23853.98,34903.55
2018-11-18,1.0,0.5,4.7,0.4,1.8,955.7,8.3,1.5,4.76,20.1,41.0,0.0,34780.61
2018-11-19,1.667,1.08325,8.7,-0.6,3.1,947.3,9.3,0.0,6.51,11.3,26.3,32120.11,34661.05
2018-11-20,3.0,1.208375,5.3,-0.6,2.7,951.3,3.8,3.8,0.0,16.9,34.2,335.88,34544.94
2018-11-21,2.667,1.0,6.5,1.8,4.2,948.2,7.3,7.3,0.0,13.3,25.2,0.0,34431.05
2018-11-22,1.0,0.374875,6.3,1.0,3.3,954.3,0.0,0.0,0.0,9.7,20.5,9342.05,34319.15
2018-11-23,1.0,0.45837500000000003,7.0,3.6,5.1,958.7,0.0,0.0,0.0,8.7,18.4,6225.1,34209.39
2018-11-24,1.667,0.666625,7.7,2.8,4.5,958.2,0.4,0.4,0.0,14.4,32.8,31646.42,34101.9
2018-11-25,1.0,0.5835,10.8,1.1,5.4,951.2,1.2,1.2,0.0,12.2,41.0,22094.39,33996.83
2018-11-26,0.667,0.33337500000000003,12.8,3.7,6.8,939.7,1.9,1.9,0.0,14.5,31.3,20128.33,33894.34
2018-11-27,2.333,1.29175,10.7,6.5,8.0,940.0,13.7,13.7,0.0,11.7,24.1,9507.74,33794.57
2018-11-28,1.0,0.45837500000000003,6.1,-4.1,0.6,948.0,8.4,3.2,3.64,7.2,14.8,0.0,33697.67
2018-11-29,2.0,0.499875,-3.8,-8.2,-5.4,962.1,1.2,0.0,0.84,11.2,22.7,10845.88,33603.8
2018-11-30,1.333,0.374875,-2.7,-11.0,-7.3,958.9,0.0,0.0,0.0,9.4,19.8,31018.07,33513.12
2018-12-01,3.0,1.41675,1.0,-11.8,-5.1,954.6,0.0,0.0,0.0,11.1,16.2,31720.37,33425.77
2018-12-02,3.667,2.375125,4.0,-5.1,-0.8,954.9,0.0,0.0,0.0,11.9,15.5,31701.4,33341.93
2018-12-03,3.0,2.041625,4.1,-6.0,-1.3,951.6,0.0,0.0,0.0,10.8,22.3,31110.63,33261.74
2018-12-04,3.0,1.875,3.7,-3.7,0.8,948.1,1.2,1.2,0.0,10.6,13.3,2156.13,33185.36
2018-12-05,2.0,1.125,4.7,1.0,2.9,953.4,2.4,2.0,0.28,24.2,46.4,303.89,33112.97
2018-12-06,2.0,1.2085,4.5,-3.1,0.6,957.7,0.3,0.0,0.21,14.6,28.4,30312.2,33044.71
2018-12-07,3.333,2.2498750000000003,5.0,-5.4,-0.5,955.7,0.0,0.0,0.0,7.6,18.4,29270.95,32980.74
2018-12-08,3.333,2.375,6.8,-2.4,1.6,947.7,0.0,0.0,0.0,9.8,20.5,20691.96,32921.23
2018-12-09,3.667,1.916625,8.0,0.3,3.0,944.6,2.6,2.6,0.0,13.0,27.0,31464.62,32866.33
2018-12-10,3.0,2.20825,2.7,-0.0,1.1,942.4,4.6,4.2,0.28,17.7,32.8,0.0,32816.14
2018-12-11,2.667,1.833375,3.4,-3.1,0.3,947.4,0.0,0.0,0.0,18.4,37.1,31029.55,32770.05
2018-12-12,2.0,0.9586250000000001,3.6,-2.9,-0.0,951.4,0.0,0.0,0.0,16.6,33.5,24178.54,32727.92
2018-12-13,1.0,0.291625,4.7,-3.5,-0.7,952.5,0.0,0.0,0.0,9.4,21.6,31653.41,32689.79
2018-12-14,0.667,0.291625,2.1,-3.9,-0.1,951.4,2.4,0.1,1.61,14.4,29.5,0.0,32655.69
2018-12-15,0.333,0.208125,5.8,-0.1,2.5,949.4,1.4,1.4,0.0,16.4,35.6,9150.86,32625.66
2018-12-16,0.667,0.374875,4.6,-3.7,1.0,949.2,12.0,1.2,7.56,18.4,36.7,0.0,32599.72
2018-12-17,2.333,1.25,-2.3,-5.3,-3.7,952.1,0.0,0.0,0.0,12.6,24.1,0.0,32577.93
2018-12-18,2.667,1.5835,-1.0,-4.6,-2.8,956.5,2.0,0.0,1.4,9.3,17.3,134.42,32560.28
2018-12-19,2.0,1.375,0.2,-4.8,-2.8,959.1,0.2,0.0,0.14,7.2,15.1,17264.41,32546.82
2018-12-20,3.0,2.3335,-1.0,-9.9,-4.8,959.3,0.1,0.0,0.07,9.7,20.2,29673.1,32537.57
2018-12-21,2.0,1.083375,5.3,-5.5,-0.5,959.5,0.0,0.0,0.0,9.2,13.7,22604.31,32532.55
2018-12-22,1.0,0.375,7.4,-0.3,1.8,955.3,0.0,0.0,0.0,9.2,17.3,24590.12,32531.78
2018-12-23,0.667,0.29150000000000004,9.2,-1.3,3.2,955.0,1.1,1.1,0.0,18.2,35.3,27597.43,32535.28
2018-12-24,1.333,0.500125,11.4,-0.8,4.5,948.7,3.4,3.4,0.0,22.7,61.6,21594.93,32543.07
2018-12-25,1.667,0.79175,2.7,-2.8,-0.1,954.8,0.3,0.1,0.14,22.0,42.8,31044.55,32555.16
2018-12-26,1.0,0.33325,2.2,-2.9,-0.5,958.8,0.0,0.0,0.0,19.8,40.7,25149.43,32571.55
2018-12-27,2.333,0.791625,2.5,-0.9,0.5,958.1,0.0,0.0,0.0,18.4,36.4,29242.24,32592.26
2018-12-28,4.333,3.58325,6.5,-1.5,1.9,956.2,0.0,0.0,0.0,12.8,29.2,31695.92,32617.3
2018-12-29,3.0,2.25,4.6,0.4,3.1,955.7,2.3,2.3,0.0,24.4,47.2,24290.27,32646.67
2018-12-30,3.0,2.25,4.4,-1.4,1.4,956.6,0.0,0.0,0.0,11.3,24.8,29317.9,32680.4
2018-12-31,3.0,1.625,3.8,-1.3,1.2,955.4,1.2,1.1,0.07,6.9,14.4,8932.72,32718.88
2019-01-01,2.667,1.208375,3.7,-1.2,1.0,957.1,0.0,0.0,0.0,9.2,22.3,28445.82,32762.11
2019-01-02,0.333,0.08325,3.4,-3.8,-0.8,947.8,0.0,0.0,0.0,18.7,34.9,32184.57,32809.93
2019-01-03,1.0,0.249875,1.2,-2.7,-0.7,947.7,1.3,0.0,0.91,14.4,27.4,0.0,32862.25
2019-01-04,3.333,1.916625,-1.9,-4.2,-3.0,953.3,2.6,0.0,1.89,14.1,28.1,2539.86,32918.91
2019-01-05,5.0,2.83325,-2.0,-6.0,-4.3,951.9,0.3,0.0,0.21,10.8,24.5,32278.96,32979.78
2019-01-06,3.0,2.250125,-0.2,-5.5,-3.2,945.6,1.3,0.0,0.91,25.2,51.5,23072.43,33044.74
2019-01-07,2.333,1.5,-3.3,-8.7,-5.2,953.1,1.5,0.0,1.05,17.7,38.2,942.12,33113.64
2019-01-08,2.333,1.4165,-1.2,-9.9,-6.3,953.1,0.0,0.0,0.0,11.9,22.7,32303.33,33186.36
2019-01-09,1.667,0.958375,1.5,-6.9,-3.7,941.6,1.9,0.0,1.33,11.8,26.3,8161.39,33262.75
2019-01-10,1.333,0.75,1.6,-3.2,-1.6,938.1,4.3,0.0,3.01,8.1,23.8,1275.52,33342.69
2019-01-11,3.333,1.37475,1.0,-7.7,-3.4,947.4,0.9,0.0,0.7,20.2,42.1,32348.19,33426.04
2019-01-12,1.0,0.416625,-3.0,-10.8,-6.2,949.2,0.0,0.0,0.0,15.0,29.5,31522.56,33512.68
2019-01-13,1.0,0.5417500000000001,0.2,-8.7,-3.8,944.3,0.0,0.0,0.0,10.0,19.8,23258.21,33602.45
2019-01-14,2.667,1.7085,1.7,-5.9,-2.5,935.9,0.2,0.0,0.14,10.4,20.9,9026.53,33695.24
2019-01-15,2.667,1.16675,0.4,-5.9,-2.9,942.9,0.1,0.0,0.07,23.5,47.5,31739.6,33790.92
2019-01-16,2.667,1.25,5.5,-5.0,-0.3,950.0,0.0,0.0,0.0,17.8,34.6,32400.0,33889.34
2019-01-17,2.667,1.66675,7.4,-2.7,1.4,952.0,0.0,0.0,0.0,9.6,23.4,32400.0,33990.39
2019-01-18,2.0,1.29175,7.6,-3.0,1.0,949.6,0.0,0.0,0.0,9.6,22.7,32369.19,34093.95
2019-01-19,2.667,0.91675,6.6,-0.4,1.9,951.5,0.0,0.0,0.0,13.1,24.5,31046.13,34199.99
2019-01-20,1.667,0.791875,6.3,0.7,2.3,949.7,0.4,0.4,0.0,14.2,30.2,10679.15,34309.68
2019-01-21,1.667,0.70825,5.2,-1.4,1.3,951.1,0.0,0.0,0.0,8.5,15.5,28527.82,34423.15
2019-01-22,2.0,0.666625,2.8,-0.1,0.9,948.0,0.2,0.0,0.14,18.9,37.8,3646.71,34540.18
2019-01-23,4.0,2.666625,7.7,-0.7,2.4,937.2,1.5,1.5,0.0,14.8,44.3,10173.49,34660.58
2019-01-24,4.333,3.0,7.2,2.2,4.6,931.3,6.1,6.1,0.0,11.2,21.2,1654.57,34784.14
2019-01-25,3.333,2.625,2.3,-1.1,0.8,935.9,18.3,2.5,11.06,10.3,54.4,0.0,34910.67
2019-01-26,3.0,1.5835,-0.4,-3.5,-1.8,937.9,8.2,0.0,5.81,14.2,46.1,0.0,35039.97
2019-01-27,2.0,0.999875,6.2,-3.6,-0.5,941.8,0.0,0.0,0.0,15.5,30.2,30855.2,35171.84
2019-01-28,0.667,0.20825000000000002,7.4,-3.6,0.6,938.5,0.8,0.3,0.35,16.6,33.5,21645.09,35306.1
2019-01-29,1.667,0.375,5.4,-0.8,2.5,938.6,9.7,9.7,0.0,8.7,16.9,2872.82,35442.57
2019-01-30,1.0,0.25,5.6,2.5,4.2,935.7,15.4,15.4,0.0,8.0,28.8,0.0,35581.06
2019-01-31,5.333,2.20825,7.4,1.8,4.1,937.1,3.5,3.5,0.0,13.7,26.3,21793.02,35721.39
2019-02-01,3.667,2.9998750000000003,8.6,-2.3,2.3,946.3,0.0,0.0,0.0,9.8,24.1,30371.64,35863.4
2019-02-02,4.0,3.041625,12.4,0.4,4.8,947.8,0.0,0.0,0.0,14.5,31.3,28817.97,36006.9
2019-02-03,3.333,2.249875,11.9,1.3,5.3,947.6,0.0,0.0,0.0,12.2,27.7,28764.7,36151.72
2019-02-04,3.0,1.25,14.5,4.6,8.0,953.9,0.0,0.0,0.0,9.2,14.4,19132.81,36297.72
2019-02-05,3.0,0.999875,11.6,4.5,6.9,956.1,0.0,0.0,0.0,17.7,36.7,24193.8,36444.72
2019-02-06,2.667,2.041625,4.3,1.0,2.8,954.4,10.2,7.5,1.89,9.2,16.2,0.0,36592.57
2019-02-07,2.0,1.0,3.8,-2.9,1.0,955.7,1.8,0.2,1.12,10.1,24.1,18660.58,36741.11
2019-02-08,3.667,1.833375,4.0,-3.2,0.1,953.6,0.0,0.0,0.0,7.9,17.6,21600.0,36890.33
2019-02-09,3.0,2.125,6.7,-0.8,1.9,954.2,0.0,0.0,0.0,8.8,23.8,35090.66,37041.64
2019-02-10,2.667,1.20825,11.4,-1.3,3.5,953.4,0.0,0.0,0.0,10.1,20.5,35169.72,37195.25
2019-02-11,3.0,1.875,11.2,-2.3,4.1,944.0,0.0,0.0,0.0,13.7,27.4,26380.41,37350.99
2019-02-12,2.333,1.124875,5.0,0.0,2.5,946.2,3.1,2.1,0.7,29.4,58.7,31437.34,37508.69
2019-02-13,3.667,2.5835,0.7,-4.1,-1.0,959.9,0.0,0.0,0.0,17.8,34.2,10876.43,37668.18
2019-02-14,3.333,2.0416250000000002,4.6,-4.2,-0.6,962.4,0.0,0.0,0.0,17.2,32.0,22589.11,37829.27
2019-02-15,2.333,0.75,3.1,-0.8,0.9,961.1,1.8,0.0,1.26,16.6,33.5,8704.63,37991.82
2019-02-16,2.0,0.75,8.3,-1.1,2.3,963.0,0.0,0.0,0.0,7.4,15.5,35657.15,38155.65
2019-02-17,2.333,0.70825,10.8,-3.4,2.4,960.4,0.0,0.0,0.0,11.3,19.4,37007.0,38320.62
2019-02-18,3.0,1.333125,12.2,-1.5,4.5,957.8,0.0,0.0,0.0,9.7,15.8,37364.75,38486.56
2019-02-19,1.0,0.499875,13.4,0.7,5.3,955.5,0.0,0.0,0.0,12.4,20.2,37720.38,38653.33
2019-02-20,1.667,0.624875,13.1,2.1,6.0,954.3,0.0,0.0,0.0,19.9,40.0,38074.02,38820.77
2019-02-21,3.667,2.291875,10.0,0.2,3.9,957.7,0.0,0.0,0.0,13.6,29.5,38389.24,38988.75
2019-02-22,2.0,0.791625,5.8,-1.9,2.1,952.4,2.1,2.1,0.0,18.5,37.4,4307.31,39157.11
2019-02-23,1.0,0.33325,2.0,-8.1,-5.6,961.2,8.7,1.3,5.18,14.7,32.0,15916.34,39325.71
2019-02-24,1.0,0.29175,-2.3,-10.4,-6.2,967.4,0.0,0.0,0.0,11.0,29.2,37262.42,39494.42
2019-02-25,0.667,0.25,1.3,-8.6,-4.1,964.9,0.0,0.0,0.0,11.3,28.1,38773.21,39663.1
2019-02-26,1.0,0.41675,7.1,-3.7,0.8,956.0,0.0,0.0,0.0,24.1,46.4,32019.31,39831.6
2019-02-27,4.0,2.0,5.4,-3.2,1.4,952.4,1.4,0.3,0.77,13.7,27.4,19660.81,39999.81
2019-02-28,4.667,3.58325,11.9,-1.4,3.7,950.2,0.0,0.0,0.0,18.3,37.8,39054.8,40167.72
2019-03-01,4.333,3.66675,14.9,-0.5,6.7,944.2,0.0,0.0,0.0,21.3,43.9,39149.93,40336.67
2019-03-02,4.0,2.625,11.7,1.8,6.1,945.0,0.6,0.6,0.0,17.8,36.4,36167.4,40506.9
2019-03-03,2.667,1.375125,7.0,-1.7,3.1,951.8,0.2,0.2,0.0,9.4,20.9,19995.93,40678.29
2019-03-04,2.333,1.5415,14.1,0.6,5.8,949.1,0.0,0.0,0.0,9.2,23.8,39443.58,40850.7
2019-03-05,2.333,1.083375,16.9,1.9,8.2,946.1,0.2,0.2,0.0,15.5,32.0,34164.25,41024.01
2019-03-06,3.0,1.66675,15.4,4.7,9.1,952.4,0.3,0.3,0.0,19.3,42.5,39600.0,41198.09
2019-03-07,2.667,1.416625,17.2,0.6,7.9,954.3,0.0,0.0,0.0,14.5,33.8,39600.0,41372.82
2019-03-08,2.667,1.04175,21.1,2.3,10.1,953.3,0.0,0.0,0.0,12.7,22.7,37942.52,41548.07
2019-03-09,2.333,1.08325,18.3,6.6,11.1,954.6,0.0,0.0,0.0,17.8,36.7,37658.4,41723.73
2019-03-10,2.333,0.7915000000000001,19.0,5.5,11.6,952.4,0.0,0.0,0.0,12.1,29.5,37534.46,41899.67
2019-03-11,1.333,0.45837500000000003,16.5,5.1,9.6,946.0,6.2,6.2,0.0,13.8,28.1,29194.14,42075.77
2019-03-12,2.667,1.541625,4.7,2.0,2.9,947.6,4.1,4.1,0.0,11.3,24.8,0.0,42251.92
2019-03-13,1.667,0.83325,8.2,0.5,3.6,950.6,0.1,0.1,0.0,15.5,34.9,26773.95,42427.99
2019-03-14,3.0,1.583375,5.9,-1.0,2.1,946.0,2.0,2.0,0.0,11.6,26.3,7388.15,42603.88
2019-03-15,2.667,1.625125,10.8,-2.0,4.0,944.1,0.0,0.0,0.0,19.6,38.2,34390.24,42779.46
2019-03-16,4.667,2.333375,17.4,1.3,8.0,947.3,0.0,0.0,0.0,25.6,52.6,37765.55,42954.61
2019-03-17,4.667,2.500125,21.2,5.3,12.3,950.4,0.0,0.0,0.0,11.0,22.0,39947.77,43129.22
2019-03-18,0.667,0.45837500000000003,22.0,5.4,13.0,947.9,0.0,0.0,0.0,11.2,24.1,39912.16,43303.17
2019-03-19,2.667,1.5835,17.8,6.3,11.2,951.3,0.1,0.1,0.0,15.1,31.3,39600.0,43476.35
2019-03-20,1.667,1.250125,14.9,4.4,9.7,958.4,0.0,0.0,0.0,14.8,34.9,39600.0,43648.76
2019-03-21,1.0,0.2915,13.9,6.2,9.3,963.9,0.0,0.0,0.0,11.3,27.7,37582.93,43821.62
2019-03-22,0.667,0.16662500000000002,14.8,3.2,8.7,962.8,0.0,0.0,0.0,8.2,22.3,36844.14,43995.17
2019-03-23,1.0,0.166625,18.4,1.3,10.0,957.9,0.0,0.0,0.0,11.3,28.4,40708.03,44169.31
2019-03-24,2.0,0.291625,17.4,4.6,10.3,955.5,0.0,0.0,0.0,8.9,25.9,41245.65,44343.94
2019-03-25,2.333,1.124875,22.0,3.6,12.3,947.9,0.0,0.0,0.0,18.6,41.8,40846.22,44518.94
2019-03-26,2.333,1.0415,12.9,4.4,9.0,948.0,0.3,0.3,0.0,17.5,33.5,30864.85,44694.2
2019-03-27,2.667,1.666875,13.2,3.5,7.7,955.8,0.0,0.0,0.0,13.0,29.2,41298.06,44869.64
2019-03-28,3.0,2.1666250000000002,10.6,0.8,5.9,959.6,0.4,0.4,0.0,18.4,38.9,32788.81,45045.12
2019-03-29,2.0,1.75,12.7,-2.1,5.7,960.0,0.0,0.0,0.0,18.1,41.0,43002.1,45220.55
2019-03-30,2.0,0.708125,13.7,-0.6,7.2,957.8,0.0,0.0,0.0,14.5,35.6,42917.61,45395.83
2019-03-31,3.667,2.04175,16.7,1.5,9.2,952.8,0.0,0.0,0.0,12.7,32.8,43772.55,45570.83
2019-04-01,2.667,1.66675,19.3,1.7,10.6,950.0,0.0,0.0,0.0,13.2,31.7,44629.24,45745.45
2019-04-02,3.333,1.208375,17.6,4.5,10.7,952.5,0.0,0.0,0.0,17.4,42.5,44547.53,45919.58
2019-04-03,3.333,2.333375,16.2,2.4,9.2,952.0,0.0,0.0,0.0,16.9,40.0,41566.7,46093.11
2019-04-04,3.667,2.208375,16.4,2.5,9.2,949.2,0.0,0.0,0.0,16.9,34.9,41875.79,46265.92
2019-04-05,3.333,2.625125,15.7,3.1,9.0,946.7,0.0,0.0,0.0,18.2,41.4,32849.82,46437.89
2019-04-06,3.0,1.666625,17.4,5.0,10.5,945.3,0.0,0.0,0.0,18.4,38.9,38926.27,46608.9
2019-04-07,2.0,1.125,17.5,6.7,11.7,944.1,0.2,0.2,0.0,14.1,33.8,20788.78,46778.85
2019-04-08,3.333,2.5416250000000002,14.5,8.7,11.1,939.9,3.1,3.1,0.0,10.1,26.6,11826.37,46947.6
2019-04-09,3.333,2.20825,11.5,8.8,10.1,937.3,22.0,22.0,0.0,7.8,20.9,0.0,47115.15
2019-04-10,4.0,2.625,16.9,8.2,11.7,941.1,0.3,0.3,0.0,13.4,31.7,36448.44,47282.66
2019-04-11,2.667,1.625125,14.4,7.0,10.5,942.8,0.4,0.4,0.0,18.4,38.2,13019.42,47450.35
2019-04-12,3.0,1.79175,15.6,7.2,10.1,944.9,5.2,5.2,0.0,10.9,35.3,35152.37,47618.13
2019-04-13,3.0,1.625,12.5,5.4,8.9,946.8,1.5,1.5,0.0,13.2,30.2,32145.16,47785.87
2019-04-14,1.667,0.9167500000000001,12.2,6.3,8.5,947.4,0.2,0.2,0.0,13.9,31.3,24866.16,47953.48
2019-04-15,2.333,1.7081250000000001,13.0,6.0,9.0,949.8,0.7,0.7,0.0,15.4,36.4,31161.57,48120.84
2019-04-16,2.333,1.416625,14.5,4.1,8.1,951.9,1.4,1.4,0.0,14.1,28.8,45505.16,48287.83
2019-04-17,1.667,0.6667500000000001,14.6,2.0,8.5,951.9,0.0,0.0,0.0,15.6,34.6,41209.14,48454.34
2019-04-18,1.0,0.37512500000000004,12.3,5.2,8.2,957.4,3.7,3.7,0.0,16.5,36.7,33728.29,48620.26
2019-04-19,1.667,0.999875,16.5,2.1,9.9,959.5,0.3,0.3,0.0,17.9,39.2,44187.47,48785.44
2019-04-20,1.333,0.8335,12.4,3.0,8.3,960.0,0.5,0.5,0.0,12.5,31.3,46800.0,48949.8
2019-04-21,1.667,0.708375,15.8,3.4,8.9,958.1,0.0,0.0,0.0,10.0,25.6,46800.0,49113.18
2019-04-22,1.333,0.624875,19.5,4.6,11.7,953.5,0.0,0.0,0.0,20.6,41.4,37383.31,49275.47
2019-04-23,3.333,1.499875,11.1,5.6,8.5,955.9,6.3,6.3,0.0,21.5,47.5,32467.2,49436.52
2019-04-24,3.0,1.541625,21.3,5.2,12.4,956.9,0.5,0.5,0.0,18.3,37.8,40704.9,49596.22
2019-04-25,1.667,1.16675,23.7,7.2,15.2,957.2,0.0,0.0,0.0,13.2,28.8,41049.22,49754.42
2019-04-26,1.667,0.833375,24.9,10.1,17.0,954.7,0.0,0.0,0.0,10.5,22.7,46800.0,49910.98
2019-04-27,2.0,1.416625,22.6,10.2,15.2,949.5,6.3,6.3,0.0,11.2,29.9,33589.0,50065.76
2019-04-28,2.0,1.041625,18.4,7.9,12.7,948.2,0.0,0.0,0.0,15.6,34.9,44530.27,50218.6
2019-04-29,2.0,1.083375,21.4,10.1,14.8,945.9,0.1,0.1,0.0,14.4,33.1,46800.0,50369.49
2019-04-30,1.667,1.04175,19.2,8.9,13.4,943.5,0.4,0.4,0.0,21.4,47.5,45492.29,50519.53
2019-05-01,4.0,2.125,18.4,5.4,12.1,943.9,0.1,0.1,0.0,20.0,42.8,38284.61,50668.93
2019-05-02,3.333,2.4165,17.9,8.7,13.0,946.3,0.7,0.7,0.0,15.4,40.3,46800.0,50817.56
2019-05-03,2.667,1.79175,22.0,8.8,15.2,946.9,0.0,0.0,0.0,8.7,18.7,38361.05,50965.31
2019-05-04,2.667,2.04175,21.7,10.8,15.2,943.8,0.0,0.0,0.0,7.8,24.5,29450.6,51112.05
2019-05-05,1.333,0.666625,20.5,8.7,14.3,938.8,1.1,1.1,0.0,10.9,28.4,42644.39,51257.65
2019-05-06,1.667,1.08325,17.6,8.3,13.2,939.5,3.5,3.5,0.0,20.1,41.8,40976.9,51401.98
2019-05-07,2.0,1.125,8.5,5.4,6.8,946.5,0.0,0.0,0.0,28.7,56.9,9818.2,51544.9
2019-05-08,1.0,0.33325,15.3,5.3,9.8,950.8,0.0,0.0,0.0,18.6,40.0,47533.04,51686.28
2019-05-09,2.333,1.5415,17.7,3.5,9.6,946.1,4.2,4.2,0.0,10.4,26.6,20749.76,51825.97
2019-05-10,3.0,1.625125,16.9,6.9,11.8,944.3,2.6,2.6,0.0,24.1,50.8,47134.21,51963.83
2019-05-11,5.0,3.666625,19.9,6.7,13.7,949.9,0.0,0.0,0.0,14.9,35.6,48451.64,52099.73
2019-05-12,1.667,0.916625,22.1,8.3,15.1,950.9,0.2,0.2,0.0,16.0,37.4,43811.02,52233.49
2019-05-13,2.667,1.375125,20.0,9.5,14.4,951.1,0.6,0.6,0.0,23.1,50.4,27859.02,52364.98
2019-05-14,6.333,3.666625,18.2,10.5,13.7,948.2,8.8,8.8,0.0,22.3,44.6,39569.63,52494.05
2019-05-15,2.333,1.2917500000000002,14.6,6.8,11.1,946.5,25.2,25.2,0.0,13.3,31.3,29533.65,52620.51
2019-05-16,3.0,1.625,15.6,9.1,12.3,946.1,5.6,5.6,0.0,7.1,22.7,20776.89,52744.23
2019-05-17,2.333,0.95825,17.5,9.8,13.3,946.8,0.7,0.7,0.0,10.7,25.9,27911.02,52865.04
2019-05-18,2.0,0.875,24.2,8.6,15.9,945.7,0.0,0.0,0.0,9.7,17.3,50183.68,52982.75
2019-05-19,1.667,0.541625,24.6,11.1,18.0,944.0,0.0,0.0,0.0,15.4,37.1,50140.19,53097.33
2019-05-20,3.333,1.166625,22.6,12.1,16.3,944.2,0.4,0.4,0.0,13.5,37.4,42975.39,53209.67
2019-05-21,1.667,0.666625,20.6,7.9,15.0,947.6,0.4,0.4,0.0,14.2,37.8,50618.64,53319.94
2019-05-22,1.667,0.916625,22.7,11.7,17.0,949.3,0.0,0.0,0.0,12.3,27.7,42247.89,53428.04
2019-05-23,1.667,1.08325,20.9,10.6,15.4,948.7,6.5,6.5,0.0,10.0,27.4,46515.95,53533.85
2019-05-24,1.667,1.041625,18.9,10.5,14.7,946.8,0.4,0.4,0.0,18.7,38.5,49935.65,53637.25
2019-05-25,1.667,0.708125,20.2,10.6,15.5,948.9,1.4,1.4,0.0,16.9,38.5,49207.83,53738.14
2019-05-26,3.0,0.791625,24.1,11.9,17.8,951.7,0.0,0.0,0.0,9.2,19.8,46604.6,53836.39
2019-05-27,3.333,1.9165,24.9,13.0,18.1,951.0,1.3,1.3,0.0,12.8,29.9,34053.0,53931.89
2019-05-28,3.0,1.625,25.5,11.9,18.5,946.3,1.0,1.0,0.0,11.7,30.2,51377.08,54024.51
2019-05-29,3.667,2.70825,25.0,13.6,19.0,947.2,0.7,0.7,0.0,19.3,41.4,50931.32,54114.14
2019-05-30,3.0,1.874875,25.2,13.5,19.5,952.5,0.1,0.1,0.0,13.2,27.0,49853.92,54200.66
2019-05-31,1.667,0.83325,19.4,13.8,15.9,953.6,8.8,8.8,0.0,8.7,22.3,16840.82,54283.94
2019-06-01,1.0,0.583375,20.8,11.5,15.6,952.2,0.2,0.2,0.0,17.3,37.8,41314.69,54363.86
2019-06-02,2.0,0.62475,20.6,12.7,16.2,951.2,18.3,18.3,0.0,16.3,33.8,41327.13,54440.3
2019-06-03,1.333,0.749875,19.3,11.9,15.4,948.8,9.6,9.6,0.0,9.9,24.1,48891.06,54513.14
2019-06-04,2.333,1.6665,19.3,11.1,15.0,948.2,2.3,2.3,0.0,7.6,18.7,33141.34,54582.25
2019-06-05,2.333,0.8333750000000001,19.2,12.2,15.7,948.6,1.7,1.7,0.0,12.0,25.6,33711.34,54647.5
2019-06-06,0.667,0.375,22.5,13.0,17.6,951.0,2.4,2.4,0.0,8.9,26.3,43692.42,54708.78
2019-06-07,1.333,0.83325,26.5,15.0,20.7,954.5,0.0,0.0,0.0,6.5,25.6,51913.29,54765.97
2019-06-08,5.333,2.625125,27.9,17.8,22.6,955.8,1.0,1.0,0.0,12.1,30.6,53326.01,54818.99
2019-06-09,3.0,1.416625,25.1,15.9,20.9,956.2,1.0,1.0,0.0,10.6,31.0,52956.04,54868.26
2019-06-10,0.667,0.45837500000000003,23.6,14.5,19.4,953.5,7.1,7.1,0.0,11.8,35.3,43861.87,54913.88
2019-06-11,0.667,0.41650000000000004,23.1,14.7,19.1,949.6,9.2,9.2,0.0,11.3,33.5,45415.55,54955.81
2019-06-12,1.333,0.666625,24.6,15.6,20.1,951.0,2.1,2.1,0.0,9.2,25.9,49810.03,54994.03
2019-06-13,4.0,2.0,30.4,16.3,22.6,952.9,0.0,0.0,0.0,9.2,19.1,53983.44,55028.5
2019-06-14,2.333,1.5001250000000002,29.7,18.5,24.0,954.3,0.1,0.1,0.0,9.3,25.6,49755.26,55059.19
2019-06-15,1.333,0.75,27.3,16.0,22.3,953.3,0.0,0.0,0.0,12.8,36.0,53519.55,55086.09
2019-06-16,1.333,0.833375,28.3,17.9,22.4,950.9,0.1,0.1,0.0,18.1,40.0,48970.72,55109.15
2019-06-17,1.0,0.416625,27.9,17.5,22.6,951.2,0.2,0.2,0.0,15.4,38.2,51686.63,55128.37
2019-06-18,1.333,0.6248750000000001,27.3,16.4,21.7,951.9,0.1,0.1,0.0,13.9,32.4,53350.7,55143.72
2019-06-19,1.0,0.6667500000000001,25.7,16.8,21.0,950.8,2.3,2.3,0.0,15.7,36.0,48535.73,55155.17
2019-06-20,2.333,1.541625,26.4,17.5,21.3,950.0,0.0,0.0,0.0,7.2,21.2,45723.79,55162.72
2019-06-21,2.333,1.374875,27.4,15.7,21.8,951.7,0.3,0.3,0.0,14.3,32.0,51261.2,55166.34
2019-06-22,1.667,0.791625,27.7,16.5,22.2,953.3,1.0,1.0,0.0,11.6,27.7,51557.52,55166.02
2019-06-23,1.333,0.45825,30.1,17.6,23.8,951.6,0.3,0.3,0.0,13.3,32.4,50416.26,55161.75
2019-06-24,1.667,1.0835000000000001,24.3,16.7,19.8,952.2,12.9,12.9,0.0,11.1,29.5,29989.91,55153.52
2019-06-25,1.333,0.666625,25.8,16.7,21.0,956.8,2.9,2.9,0.0,14.4,39.6,42340.97,55141.32
2019-06-26,1.667,1.25,25.2,18.2,21.3,959.2,6.2,6.2,0.0,17.7,44.3,47915.92,55125.15
2019-06-27,1.333,0.75,29.4,16.2,22.8,955.3,0.0,0.0,0.0,7.7,19.4,54000.0,55105.0
2019-06-28,2.0,0.833375,26.0,17.0,22.2,949.9,4.3,4.3,0.0,15.6,35.3,52066.05,55080.85
2019-06-29,1.0,0.583375,24.0,15.0,19.4,953.8,0.0,0.0,0.0,10.4,25.6,49647.17,55052.42
2019-06-30,2.333,0.833125,25.9,13.1,19.8,957.0,0.0,0.0,0.0,9.7,24.8,54000.0,55019.73
2019-07-01,3.0,1.9165,31.6,14.2,22.8,956.3,0.0,0.0,0.0,9.7,18.0,54000.0,54982.87
2019-07-02,2.0,1.166625,34.0,17.8,25.3,952.0,0.0,0.0,0.0,10.5,24.5,54000.0,54941.92
2019-07-03,1.333,0.833125,33.1,19.7,25.6,951.5,0.5,0.5,0.0,17.2,39.6,51058.46,54897.0
2019-07-04,2.333,1.0831250000000001,29.6,19.5,23.1,954.2,2.4,2.4,0.0,14.0,40.3,52624.49,54848.17
2019-07-05,1.667,0.9167500000000001,26.5,17.0,22.4,952.7,0.1,0.1,0.0,12.3,34.9,54000.0,54795.55
2019-07-06,1.0,0.625,28.7,16.2,22.8,951.0,0.0,0.0,0.0,9.8,25.6,53991.97,54739.23
2019-07-07,1.667,1.0,32.7,18.0,25.4,948.0,0.0,0.0,0.0,12.6,26.6,53952.46,54679.31
2019-07-08,3.667,1.541625,27.4,19.2,23.1,948.6,0.3,0.3,0.0,18.1,43.9,53911.51,54615.89
2019-07-09,5.0,2.708375,27.5,17.8,21.8,950.0,3.7,3.7,0.0,11.5,36.4,49108.49,54549.05
2019-07-10,4.667,2.625,22.8,14.3,18.6,947.9,11.9,11.9,0.0,11.6,25.6,30551.3,54478.92
2019-07-11,3.0,1.41675,23.1,11.3,16.7,947.9,0.4,0.4,0.0,16.3,33.1,53767.55,54405.58
2019-07-12,2.0,1.16675,22.7,10.9,17.7,948.9,0.0,0.0,0.0,10.0,25.6,46197.94,54329.12
2019-07-13,2.333,1.375,23.8,15.1,18.8,947.5,1.5,1.5,0.0,6.8,21.2,32942.95,54249.66
2019-07-14,2.333,1.16675,20.0,14.5,16.7,944.5,8.5,8.5,0.0,14.0,31.3,42909.28,54167.29
2019-07-15,2.667,1.625,22.5,12.1,17.4,946.0,0.8,0.8,0.0,14.0,34.6,52520.32,54082.11
2019-07-16,1.667,1.166625,22.0,13.0,17.9,947.2,0.1,0.1,0.0,11.2,29.2,36609.79,53994.21
2019-07-17,2.333,1.33325,23.6,11.8,18.7,947.8,0.2,0.2,0.0,7.9,18.7,53270.56,53903.7
2019-07-18,1.333,0.666625,26.2,12.9,20.1,949.0,0.0,0.0,0.0,10.0,19.4,52356.51,53810.57
2019-07-19,1.0,0.6667500000000001,26.5,16.1,21.5,952.6,0.0,0.0,0.0,15.1,32.4,50969.12,53714.03
2019-07-20,0.667,0.375,26.8,16.5,21.5,955.3,0.3,0.3,0.0,13.0,36.7,52391.89,53613.97
2019-07-21,3.667,1.625125,28.9,16.6,22.6,956.3,0.0,0.0,0.0,9.0,17.6,52369.6,53510.55
2019-07-22,2.333,1.83325,29.4,16.3,23.6,956.4,0.9,0.9,0.0,8.5,22.3,50387.99,53403.93
2019-07-23,2.0,1.416875,28.2,17.2,22.8,953.6,0.0,0.0,0.0,13.9,31.7,50772.17,53294.28
2019-07-24,1.333,0.95825,24.9,17.0,20.5,952.1,3.9,3.9,0.0,14.8,34.2,47665.23,53181.76
2019-07-25,1.0,0.416625,26.7,16.7,21.8,954.1,0.5,0.5,0.0,8.9,20.5,49475.6,53066.49
2019-07-26,0.333,0.24975000000000003,30.5,18.3,23.8,950.6,0.0,0.0,0.0,10.8,23.8,51510.17,52948.65
2019-07-27,2.333,0.958125,31.2,17.6,24.1,945.9,0.0,0.0,0.0,7.9,22.3,49229.81,52828.4
2019-07-28,1.667,1.0,30.6,17.9,24.3,944.1,0.2,0.2,0.0,16.6,37.1,48939.15,52705.85
2019-07-29,1.667,0.999875,26.6,18.5,22.5,941.8,2.4,2.4,0.0,9.5,33.8,40911.71,52581.17
2019-07-30,3.333,1.666625,26.7,17.6,21.9,945.2,0.5,0.5,0.0,8.6,23.0,47501.78,52454.49
2019-07-31,2.667,1.708375,29.4,17.2,23.2,948.3,0.9,0.9,0.0,9.6,22.0,48076.6,52325.96
2019-08-01,3.333,1.5835,28.6,18.3,23.7,950.2,2.9,2.9,0.0,11.6,30.6,48132.62,52195.71
2019-08-02,1.0,0.708375,29.8,18.2,23.9,949.8,0.0,0.0,0.0,9.4,22.7,48188.48,52063.87
2019-08-03,0.667,0.333125,28.3,17.4,21.9,945.4,7.1,7.1,0.0,17.7,46.8,47573.13,51930.57
2019-08-04,1.667,0.70825,25.1,16.2,20.0,948.6,0.3,0.3,0.0,15.2,32.8,47632.98,51795.96
2019-08-05,5.333,3.958375,25.7,14.6,19.9,952.1,0.1,0.1,0.0,11.2,30.2,47357.52,51660.14
2019-08-06,3.0,2.29175,28.2,14.6,21.0,953.4,0.0,0.0,0.0,15.1,31.0,47754.56,51523.25
2019-08-07,2.333,1.416625,31.2,14.9,23.5,952.8,0.0,0.0,0.0,10.9,21.2,47481.86,51385.29
2019-08-08,2.667,1.458375,33.1,17.1,25.1,951.0,0.0,0.0,0.0,10.4,22.3,47212.68,51245.21
2019-08-09,2.667,1.41675,31.5,18.8,25.0,951.0,0.2,0.2,0.0,12.9,36.0,47154.89,51102.83
2019-08-10,2.667,1.625125,33.4,20.4,26.0,953.0,0.0,0.0,0.0,14.5,33.1,46861.08,50958.32
2019-08-11,2.333,1.291625,32.9,18.7,25.7,953.9,0.0,0.0,0.0,13.0,30.2,46900.17,50811.83
2019-08-12,1.667,1.166625,33.1,18.8,25.8,953.4,0.0,0.0,0.0,18.4,41.0,46940.02,50663.49
2019-08-13,2.0,1.583375,32.5,18.0,25.2,950.9,0.0,0.0,0.0,18.4,42.1,46800.0,50513.46
2019-08-14,1.333,0.83325,33.1,16.8,24.5,947.6,0.0,0.0,0.0,14.8,34.2,46800.0,50361.88
2019-08-15,1.333,0.750125,25.0,16.5,20.6,949.2,0.1,0.1,0.0,17.6,36.4,46248.23,50208.87
2019-08-16,2.0,1.0,25.5,15.0,19.9,950.9,0.0,0.0,0.0,15.0,34.6,46800.0,50054.59
2019-08-17,2.0,0.916625,24.7,14.7,19.8,952.5,0.0,0.0,0.0,12.8,30.2,46800.0,49899.15
2019-08-18,2.667,1.29175,28.5,13.8,20.9,953.5,0.0,0.0,0.0,13.2,34.2,46800.0,49742.68
2019-08-19,1.0,0.6667500000000001,29.6,16.1,22.7,954.6,0.0,0.0,0.0,13.2,33.1,46800.0,49585.32
2019-08-20,1.667,1.000125,29.4,15.7,22.8,956.5,0.0,0.0,0.0,15.1,35.3,46800.0,49427.18
2019-08-21,1.333,0.874875,29.9,14.9,22.5,956.4,0.0,0.0,0.0,13.2,32.4,46800.0,49268.38
2019-08-22,2.333,1.25,30.8,17.9,24.7,957.3,0.0,0.0,0.0,13.2,30.6,46800.0,49109.05
2019-08-23,1.667,0.833375,30.3,19.2,24.7,958.0,0.0,0.0,0.0,15.1,36.4,46800.0,48949.3
2019-08-24,2.0,0.874875,30.3,16.7,23.9,957.0,0.1,0.1,0.0,16.8,38.5,46800.0,48789.23
2019-08-25,1.667,0.70825,31.3,18.1,24.7,955.8,0.0,0.0,0.0,14.6,35.6,46800.0,48628.97
2019-08-26,2.333,1.2915,31.6,17.7,24.7,956.2,0.0,0.0,0.0,19.5,44.3,46800.0,48468.62
2019-08-27,3.0,2.333375,30.6,17.0,24.1,956.5,0.0,0.0,0.0,13.9,32.4,46800.0,48308.17
2019-08-28,2.0,1.04175,29.9,16.2,23.5,956.5,0.0,0.0,0.0,17.3,39.6,46800.0,48146.53
2019-08-29,1.667,0.666875,29.7,14.7,22.3,955.5,0.0,0.0,0.0,14.2,34.6,46800.0,47983.5
2019-08-30,3.333,1.958375,29.7,15.1,22.5,955.4,0.0,0.0,0.0,12.0,29.5,46800.0,47819.2
2019-08-31,5.667,4.5,27.3,15.9,22.1,954.5,0.2,0.2,0.0,14.8,35.6,46726.42,47653.76
2019-09-01,5.333,4.833375,28.1,14.8,21.5,951.9,0.0,0.0,0.0,11.3,28.4,46624.33,47487.28
2019-09-02,5.0,3.41675,30.4,13.7,21.5,951.1,0.0,0.0,0.0,14.8,31.7,46521.37,47319.89
2019-09-03,3.0,2.04175,29.5,13.8,21.8,951.7,0.0,0.0,0.0,11.3,29.2,46417.64,47151.71
2019-09-04,3.0,2.458375,27.2,14.3,20.5,953.0,0.0,0.0,0.0,13.2,32.0,46313.24,46982.85
2019-09-05,4.0,2.541625,25.8,14.0,20.8,950.8,0.0,0.0,0.0,13.9,31.7,45472.01,46813.4
2019-09-06,3.333,1.625125,25.1,16.1,20.5,952.3,1.5,1.5,0.0,12.0,30.6,44857.47,46643.5
2019-09-07,2.333,1.5415,26.6,16.5,20.6,953.3,0.0,0.0,0.0,13.2,29.2,35777.99,46473.23
2019-09-08,2.667,2.083375,27.1,15.1,20.9,953.5,0.0,0.0,0.0,14.5,33.8,44385.11,46302.71
2019-09-09,3.333,2.7498750000000003,25.8,15.6,20.4,952.4,0.0,0.0,0.0,15.9,34.2,38348.4,46132.04
2019-09-10,2.0,0.95825,25.9,16.9,20.5,952.8,0.0,0.0,0.0,13.4,31.0,39049.97,45961.31
2019-09-11,2.0,1.04175,24.1,13.9,18.9,956.1,0.0,0.0,0.0,15.0,35.3,43224.39,45790.65
2019-09-12,2.0,1.375,24.3,14.3,19.2,959.5,0.0,0.0,0.0,14.5,33.1,34850.75,45620.14
2019-09-13,2.667,1.750125,25.0,13.8,19.4,961.5,0.0,0.0,0.0,14.8,36.4,43825.89,45449.88
2019-09-14,2.0,1.3335,27.2,11.2,19.3,960.5,0.0,0.0,0.0,12.6,29.2,43500.79,45279.98
2019-09-15,3.0,1.875,26.2,12.9,19.1,960.2,0.0,0.0,0.0,13.5,32.0,43175.81,45110.53
2019-09-16,4.0,2.083375,28.9,13.5,20.4,955.0,0.0,0.0,0.0,8.5,22.7,43163.44,44941.51
2019-09-17,3.667,1.625,29.7,13.8,22.0,951.4,0.0,0.0,0.0,9.5,22.7,42839.17,44771.81
2019-09-18,3.0,1.875,26.4,14.5,20.0,951.6,0.0,0.0,0.0,16.6,39.6,42396.37,44601.2
2019-09-19,1.333,0.666625,14.5,11.3,13.0,955.8,2.9,2.9,0.0,7.9,20.2,11354.16,44429.8
2019-09-20,1.0,0.541625,17.7,9.6,12.8,956.8,1.0,1.0,0.0,12.0,30.2,40141.95,44257.71
2019-09-21,2.333,1.6665,18.8,4.8,11.5,959.6,0.0,0.0,0.0,9.8,22.0,42202.42,44085.05
2019-09-22,2.333,0.7498750000000001,21.7,5.2,12.9,956.8,0.0,0.0,0.0,9.8,22.3,42137.47,43911.93
2019-09-23,1.333,0.541625,23.3,9.8,15.0,951.4,2.3,2.3,0.0,10.4,21.6,26995.13,43738.43
2019-09-24,3.667,2.375,19.0,13.2,15.6,947.1,10.8,10.8,0.0,11.5,27.0,5719.61,43564.68
2019-09-25,2.0,0.8748750000000001,20.8,14.5,16.7,947.9,0.5,0.5,0.0,8.7,17.3,28779.4,43390.77
2019-09-26,2.333,0.6248750000000001,23.6,13.3,16.4,948.4,7.3,7.3,0.0,10.6,31.3,39714.12,43216.82
2019-09-27,5.333,2.8748750000000003,20.5,12.1,15.5,952.9,0.1,0.1,0.0,16.6,34.6,39747.62,43042.92
2019-09-28,4.667,3.666625,24.5,10.0,16.6,954.7,0.0,0.0,0.0,8.8,21.6,40721.35,42869.19
2019-09-29,3.667,2.500125,25.7,13.9,18.8,952.7,0.0,0.0,0.0,10.0,20.5,40128.75,42695.72
2019-09-30,3.667,2.58325,27.5,13.4,19.7,948.5,0.0,0.0,0.0,13.8,28.8,40163.03,42522.63
2019-10-01,4.0,2.0416250000000002,25.2,13.6,18.9,949.9,0.0,0.0,0.0,9.5,18.7,40197.54,42350.01
2019-10-02,3.0,1.5,25.5,11.7,18.0,946.0,0.0,0.0,0.0,13.1,31.3,40232.25,42177.99
2019-10-03,1.667,1.041625,23.8,11.9,17.2,943.3,7.2,7.2,0.0,15.3,34.9,37046.25,42006.66
2019-10-04,2.667,1.666875,12.7,9.3,10.4,945.8,16.2,16.2,0.0,17.0,33.1,989.93,41836.13
2019-10-05,3.0,1.708375,16.7,7.4,11.4,945.4,0.3,0.3,0.0,10.8,26.3,29189.1,41666.51
2019-10-06,2.0,1.041625,14.9,6.9,10.2,947.9,0.5,0.5,0.0,22.7,47.2,31973.15,41497.8
2019-10-07,2.667,1.375,13.9,4.1,8.2,948.9,0.0,0.0,0.0,12.1,25.9,39222.27,41328.77
2019-10-08,1.667,1.125,14.1,7.2,9.9,954.8,0.0,0.0,0.0,11.2,23.8,17454.59,41159.21
2019-10-09,3.667,1.833375,20.4,5.8,11.2,955.9,0.6,0.6,0.0,12.7,29.9,39019.01,40989.22
2019-10-10,4.333,2.4165,23.9,7.4,15.5,952.6,0.0,0.0,0.0,11.8,25.2,37417.02,40818.92
2019-10-11,3.0,1.70825,20.3,10.8,15.0,957.7,0.1,0.1,0.0,10.2,20.9,38815.98,40648.44
2019-10-12,2.0,1.16675,22.4,7.0,14.2,959.8,0.0,0.0,0.0,11.7,25.6,38714.84,40477.89
2019-10-13,0.667,0.083375,23.5,10.6,15.8,958.9,0.0,0.0,0.0,10.4,17.3,38614.08,40307.4
2019-10-14,2.0,1.250125,24.7,10.7,15.9,957.3,0.0,0.0,0.0,10.6,15.5,38513.84,40137.09
2019-10-15,2.333,0.83325,24.8,11.0,16.1,954.4,0.0,0.0,0.0,10.7,16.6,38414.22,39967.08
2019-10-16,2.0,1.375,24.8,9.8,15.3,953.0,0.0,0.0,0.0,10.8,16.2,38315.33,39797.51
2019-10-17,1.667,1.25,25.0,11.7,16.1,953.9,0.0,0.0,0.0,10.6,19.1,37476.01,39628.49
2019-10-18,2.0,1.333375,24.2,11.0,16.2,953.7,0.0,0.0,0.0,10.2,17.6,37205.59,39460.16
2019-10-19,1.667,1.0835,24.2,12.4,17.0,954.1,0.0,0.0,0.0,7.4,17.3,36609.26,39292.66
2019-10-20,2.333,1.083375,24.1,12.3,16.7,956.5,0.0,0.0,0.0,8.5,16.6,36984.65,39126.11
2019-10-21,2.667,1.04175,25.0,11.4,16.8,958.4,0.0,0.0,0.0,9.5,14.0,36709.68,38960.65
2019-10-22,1.333,0.58325,24.9,11.4,16.7,958.9,0.0,0.0,0.0,9.6,22.7,36432.72,38796.43
2019-10-23,0.667,0.25,24.9,11.1,15.8,957.7,0.0,0.0,0.0,10.7,22.7,36480.62,38633.58
2019-10-24,4.333,2.7915,24.1,10.5,15.2,955.2,0.0,0.0,0.0,10.0,18.4,36527.71,38472.25
2019-10-25,5.333,3.6665,23.9,8.8,14.7,954.6,0.0,0.0,0.0,10.5,16.2,36245.74,38312.59
2019-10-26,4.667,3.708375,23.4,7.8,14.2,957.9,0.0,0.0,0.0,11.4,15.1,36000.0,38154.61
2019-10-27,4.0,2.833375,23.8,9.8,14.7,955.5,0.0,0.0,0.0,9.4,15.8,36005.36,37996.98
2019-10-28,3.333,2.375,23.3,8.1,14.9,951.0,0.0,0.0,0.0,8.6,18.4,36048.85,37839.44
2019-10-29,3.0,1.66675,20.7,8.9,13.5,951.0,0.0,0.0,0.0,10.4,20.9,35954.52,37682.13
2019-10-30,2.333,1.7081250000000001,17.1,7.7,11.6,954.5,0.0,0.0,0.0,11.4,23.0,35726.58,37525.21
2019-10-31,3.667,1.291625,11.0,5.0,8.0,956.2,6.7,6.7,0.0,10.9,21.6,0.0,37368.83
2019-11-01,2.333,0.666625,6.9,4.6,5.6,956.5,0.2,0.2,0.0,14.1,27.0,0.0,37213.13
2019-11-02,1.0,0.166625,12.2,4.4,7.2,953.1,0.0,0.0,0.0,16.2,36.4,29400.62,37058.27
2019-11-03,1.0,0.25,16.6,4.4,9.0,947.9,1.1,1.1,0.0,15.1,33.1,31238.29,36904.4
2019-11-04,2.0,0.9167500000000001,19.7,7.7,12.3,941.8,0.1,0.1,0.0,15.5,32.0,24244.11,36751.71
2019-11-05,2.0,1.333375,20.6,6.4,12.9,945.1,0.0,0.0,0.0,10.7,24.8,35417.42,36600.33
2019-11-06,2.667,1.41675,22.9,8.3,14.4,943.9,0.0,0.0,0.0,11.0,23.8,35059.0,36450.45
2019-11-07,2.0,0.875,19.3,7.8,13.2,944.5,0.0,0.0,0.0,13.4,29.2,26926.66,36302.24
2019-11-08,1.0,0.625125,17.7,9.7,13.1,945.8,2.3,2.3,0.0,9.1,21.6,29286.05,36155.87
2019-11-09,2.333,0.9583750000000001,18.1,6.0,11.4,949.3,0.2,0.2,0.0,12.2,28.1,34861.69,36011.52
2019-11-10,1.333,0.5415,16.2,6.4,10.6,946.8,0.4,0.4,0.0,11.7,26.3,27458.27,35869.37
2019-11-11,2.667,1.875125,16.5,6.4,9.9,952.1,0.0,0.0,0.0,9.3,16.9,34954.86,35729.62
2019-11-12,2.333,0.791625,17.8,6.2,11.7,949.6,0.0,0.0,0.0,19.5,40.3,32559.34,35592.44
2019-11-13,1.333,0.25,14.8,9.6,12.1,944.7,1.6,1.6,0.0,18.4,36.4,5670.18,35458.04
2019-11-14,2.0,0.58325,11.6,8.0,10.0,945.7,10.7,10.7,0.0,8.2,10.4,0.0,35326.61
2019-11-15,1.333,0.45825,15.1,6.0,9.3,950.4,0.0,0.0,0.0,11.3,26.6,32974.18,35198.21
2019-11-16,2.333,1.5001250000000002,13.0,4.1,8.7,955.7,0.2,0.2,0.0,10.9,18.7,28497.44,35071.53
2019-11-17,2.667,0.9582499999999999,13.1,7.9,10.3,954.6,0.0,0.0,0.0,16.3,34.2,10288.3,34946.34
2019-11-18,0.333,0.041625,14.4,8.4,11.4,952.9,2.3,2.3,0.0,13.0,38.5,15850.74,34822.78
2019-11-19,1.333,0.45825,14.1,6.6,9.4,957.4,0.0,0.0,0.0,9.5,19.1,31919.42,34701.01
2019-11-20,1.0,0.25,12.8,8.3,10.8,953.0,2.0,2.0,0.0,25.1,49.0,2215.13,34581.19
2019-11-21,3.667,2.2085,11.8,8.3,10.1,951.1,1.4,1.4,0.0,15.3,30.6,8640.25,34463.49
2019-11-22,4.0,2.666625,10.4,4.9,8.0,951.8,22.3,22.3,0.0,12.9,26.3,0.0,34348.04
2019-11-23,3.0,2.29175,8.8,4.6,6.4,954.4,0.0,0.0,0.0,18.3,39.6,15261.54,34235.03
2019-11-24,3.333,2.416625,10.8,4.9,7.1,953.1,0.0,0.0,0.0,17.5,37.1,30150.28,34124.63
2019-11-25,2.0,1.0835,11.9,7.4,8.9,947.1,0.8,0.8,0.0,24.1,48.2,10974.08,34017.01
2019-11-26,2.0,0.58325,8.3,4.7,7.3,945.4,5.0,5.0,0.0,5.9,14.4,424.79,33912.33
2019-11-27,2.0,1.083375,10.6,3.6,6.1,946.9,0.0,0.0,0.0,13.0,27.4,31823.7,33810.77
2019-11-28,1.667,0.708125,13.9,4.6,7.9,944.8,1.9,1.9,0.0,12.0,25.6,31010.08,33712.51
2019-11-29,2.667,1.000125,13.3,6.8,9.0,943.1,5.4,5.4,0.0,13.3,43.6,30258.35,33617.72
2019-11-30,1.333,0.791625,8.5,1.5,5.2,948.3,4.8,4.8,0.0,27.1,54.7,20942.45,33526.6
2019-12-01,1.667,0.833375,3.4,-2.7,0.2,958.1,0.0,0.0,0.0,17.5,34.2,31720.11,33439.31
2019-12-02,1.0,0.25,4.8,-5.3,-1.2,955.7,0.1,0.1,0.0,14.8,37.4,31700.22,33356.05
2019-12-03,0.333,0.208125,2.6,-1.1,0.9,955.3,7.0,1.0,4.2,14.1,27.7,0.0,33276.99
2019-12-04,1.667,0.708375,2.7,-5.2,-0.4,960.5,0.9,0.1,0.56,10.5,23.8,8345.23,33202.33
2019-12-05,0.667,0.29175,3.2,-5.5,-2.1,962.5,0.0,0.0,0.0,10.3,23.0,31655.85,33132.14
2019-12-06,1.0,0.5417500000000001,5.6,-5.8,-1.0,959.4,0.0,0.0,0.0,9.3,19.8,31646.48,33065.61
2019-12-07,0.667,0.375,4.2,-0.6,1.4,952.9,5.3,5.3,0.0,8.9,13.0,0.0,33002.59
2019-12-08,1.333,0.5415,9.5,-0.5,3.6,953.3,0.0,0.0,0.0,12.2,27.4,31635.97,32943.13
2019-12-09,2.667,0.833375,7.5,-0.3,2.4,948.9,0.0,0.0,0.0,10.1,23.4,30038.66,32887.32
2019-12-10,2.0,0.875,7.0,-2.2,2.4,946.1,0.0,0.0,0.0,10.0,14.0,31182.53,32835.22
2019-12-11,2.667,1.3335,6.6,0.3,3.4,948.6,0.8,0.8,0.0,15.1,32.8,9856.68,32786.9
2019-12-12,1.667,0.749875,7.0,2.8,4.9,942.9,5.7,5.7,0.0,9.8,23.0,28.54,32742.46
2019-12-13,2.0,0.749875,8.9,2.8,5.4,936.2,3.1,3.1,0.0,11.8,37.1,25181.55,32701.94
2019-12-14,1.333,0.374875,8.3,1.8,4.9,934.6,1.0,1.0,0.0,11.3,23.0,12686.11,32665.43
2019-12-15,2.333,1.124875,9.5,0.8,5.1,951.7,0.0,0.0,0.0,12.0,21.2,31680.33,32632.99
2019-12-16,1.0,0.375,12.7,0.1,5.6,957.5,0.0,0.0,0.0,13.4,18.4,31696.28,32604.68
2019-12-17,1.0,0.29175,11.5,2.1,5.9,957.8,0.0,0.0,0.0,9.8,19.1,31714.48,32580.58
2019-12-18,4.0,2.33325,13.6,4.0,7.8,959.2,0.0,0.0,0.0,9.1,16.9,31734.86,32560.73
2019-12-19,3.667,2.33325,10.5,4.7,6.8,960.7,0.0,0.0,0.0,8.2,12.6,30010.4,32545.21
2019-12-20,2.333,1.375,11.6,-0.7,3.2,953.4,0.0,0.0,0.0,12.2,24.1,21514.23,32534.08
2019-12-21,2.333,1.041625,11.0,-0.3,4.6,944.5,0.0,0.0,0.0,19.9,36.0,9248.47,32527.38
2019-12-22,1.667,0.75,11.6,4.3,7.0,933.8,12.3,12.3,0.0,17.3,42.8,14420.59,32525.18
2019-12-23,1.333,0.624875,7.8,2.7,5.1,928.9,2.1,2.1,0.0,19.5,42.1,7919.08,32527.53
2019-12-24,1.333,0.2915,5.5,2.7,3.9,939.0,3.3,3.3,0.0,24.6,50.0,1544.88,32534.46
2019-12-25,1.667,0.7917500000000001,5.7,2.0,3.5,944.4,1.1,1.1,0.0,19.1,38.2,11840.32,32546.05
2019-12-26,2.333,0.875,4.7,1.4,2.7,949.2,1.5,1.5,0.0,21.1,42.5,24982.5,32562.41
2019-12-27,1.0,0.41675,3.7,-1.3,1.5,953.6,0.0,0.0,0.0,18.4,35.3,21266.55,32583.49
2019-12-28,0.667,0.20825000000000002,2.4,-3.2,-0.8,953.7,0.6,0.0,0.42,12.6,27.0,29672.49,32609.2
2019-12-29,0.667,0.125,1.4,-2.6,-1.1,958.4,0.9,0.0,0.7,13.4,25.6,18569.62,32639.46
2019-12-30,0.667,0.291625,-0.1,-1.7,-1.1,963.9,0.3,0.0,0.21,8.2,18.0,0.0,32674.17
2019-12-31,1.333,0.6667500000000001,3.5,-5.4,-1.8,961.5,0.0,0.0,0.0,14.3,26.6,32085.9,32713.24
2020-01-01,1.333,0.583375,4.7,-3.5,-0.3,960.3,0.0,0.0,0.0,18.7,36.4,32130.35,32756.57
2020-01-02,1.0,0.45825,3.6,-3.8,-1.2,963.6,0.0,0.0,0.0,12.6,24.5,32178.99,32804.06
2020-01-03,2.667,1.208375,6.3,-4.5,-1.1,959.4,0.0,0.0,0.0,12.3,18.7,32231.74,32855.61
2020-01-04,2.333,1.3751250000000002,9.3,-4.3,0.9,953.6,0.0,0.0,0.0,15.9,31.7,29536.5,32911.13
2020-01-05,3.333,1.958375,2.7,-0.9,1.2,952.1,0.6,0.0,0.49,21.8,44.3,18611.64,32970.52
2020-01-06,3.333,1.75,0.6,-3.6,-1.3,958.4,0.1,0.0,0.07,9.3,19.8,13671.79,33033.67
2020-01-07,2.0,1.125,1.8,-4.2,-1.5,959.4,0.0,0.0,0.0,10.2,18.4,30856.12,33100.49
2020-01-08,2.667,1.375,3.3,-6.9,-2.8,962.2,0.0,0.0,0.0,8.7,17.6,32297.73,33170.86
2020-01-09,3.667,2.458375,6.0,-6.6,-2.1,960.4,0.0,0.0,0.0,12.6,24.8,32309.23,33244.68
2020-01-10,2.333,1.458375,9.3,-0.1,3.6,956.9,0.0,0.0,0.0,6.1,15.1,32323.2,33321.86
2020-01-11,2.333,1.2915,7.4,-1.2,2.2,957.6,4.5,2.6,1.33,15.1,30.2,22013.52,33402.29
2020-01-12,1.667,0.541625,4.7,0.1,1.7,961.3,7.0,3.8,2.24,12.2,23.4,260.24,33485.86
2020-01-13,0.667,0.416625,6.2,-1.3,1.5,960.7,0.0,0.0,0.0,7.0,19.1,32380.15,33572.49
2020-01-14,0.667,0.29150000000000004,7.5,-0.3,2.8,959.3,0.0,0.0,0.0,8.0,19.1,32400.0,33662.16
2020-01-15,2.0,0.7917500000000001,7.5,-1.2,2.4,962.3,0.0,0.0,0.0,6.2,13.3,32400.0,33755.87
2020-01-16,2.333,1.0,8.6,-1.7,2.3,961.8,0.0,0.0,0.0,8.8,13.0,32400.0,33853.72
2020-01-17,1.333,0.5415,4.6,-4.0,-0.5,961.6,0.0,0.0,0.0,9.7,22.3,32400.0,33955.52
2020-01-18,1.667,0.583375,3.8,-4.8,-1.5,959.5,0.0,0.0,0.0,16.7,37.1,32400.0,34061.05
2020-01-19,0.667,0.125,2.6,-2.7,-0.7,958.7,0.0,0.0,0.0,11.8,24.1,32400.0,34170.14
2020-01-20,0.333,0.08325,1.8,-4.4,-1.0,970.3,0.0,0.0,0.0,9.4,14.8,28933.25,34282.58
2020-01-21,2.667,1.291625,3.6,-4.0,-1.7,973.0,0.0,0.0,0.0,15.5,33.8,32530.36,34398.18
2020-01-22,3.0,1.45825,8.8,-3.1,0.4,963.7,0.0,0.0,0.0,15.4,32.4,32490.01,34516.75
2020-01-23,2.333,0.8748750000000001,4.2,-5.4,-0.2,962.3,0.0,0.0,0.0,21.6,43.6,32449.25,34638.11
2020-01-24,1.0,0.2915,8.1,-6.9,-0.8,963.2,0.0,0.0,0.0,10.4,25.6,32761.35,34762.07
2020-01-25,2.333,0.499875,12.0,-0.9,3.5,958.5,0.0,0.0,0.0,12.1,29.2,32719.14,34888.45
2020-01-26,1.667,0.6667500000000001,11.9,2.4,5.5,956.9,0.1,0.1,0.0,9.2,19.4,31736.06,35017.09
2020-01-27,1.0,0.33325,9.0,0.2,4.2,951.0,1.7,1.7,0.0,11.1,21.6,14357.31,35147.79
2020-01-28,3.0,0.95825,11.1,1.4,5.1,948.3,0.0,0.0,0.0,14.9,28.4,32813.45,35280.39
2020-01-29,3.333,1.875,7.7,-0.8,3.2,943.2,4.7,4.7,0.0,24.1,52.2,12807.77,35414.72
2020-01-30,3.333,2.5416250000000002,4.8,-1.0,2.0,950.5,4.3,2.7,1.12,22.2,47.9,30410.55,35550.61
2020-01-31,3.667,1.583375,11.8,-3.1,2.6,951.0,0.0,0.0,0.0,14.9,31.3,32400.0,35687.92
2020-02-01,2.333,1.375,15.2,0.8,7.3,951.0,0.0,0.0,0.0,10.8,24.1,33805.67,35826.47
2020-02-02,2.333,1.374875,14.5,2.4,7.7,951.4,0.0,0.0,0.0,17.4,35.3,33760.02,35966.11
2020-02-03,2.0,0.87475,16.6,2.1,9.0,948.4,0.0,0.0,0.0,18.2,36.4,32144.52,36106.85
2020-02-04,2.667,1.41675,14.9,2.8,10.0,941.3,1.7,1.7,0.0,28.6,69.5,31779.14,36250.03
2020-02-05,2.0,1.125,3.4,0.5,1.6,931.6,20.5,3.8,11.69,22.6,56.9,0.0,36395.88
2020-02-06,4.0,2.7916250000000002,0.4,-7.5,-2.3,948.1,12.3,0.2,8.47,13.0,25.6,9080.05,36544.21
2020-02-07,3.333,2.75,0.4,-8.6,-3.0,954.6,0.0,0.0,0.0,23.1,43.6,27984.53,36694.83
2020-02-08,2.667,1.458375,1.6,-6.1,-1.5,960.3,0.1,0.0,0.14,21.5,43.2,34988.58,36847.56
2020-02-09,2.667,1.541875,7.2,-4.6,-0.2,963.1,0.0,0.0,0.0,7.9,16.9,35392.2,37002.22
2020-02-10,2.0,1.16675,10.9,-2.0,3.1,954.9,0.0,0.0,0.0,8.9,21.2,30503.09,37158.62
2020-02-11,3.0,1.208375,12.5,-0.2,5.2,945.0,3.3,3.3,0.0,17.6,55.4,31913.79,37316.6
2020-02-12,2.0,1.125,8.9,0.1,3.9,951.0,0.0,0.0,0.0,8.9,20.5,33008.05,37475.99
2020-02-13,1.333,0.4165,10.2,-3.5,2.6,957.1,0.5,0.3,0.14,8.9,18.0,36208.07,37636.62
2020-02-14,1.667,0.45837500000000003,9.5,-3.1,2.1,952.0,1.4,1.4,0.0,12.2,28.4,20005.67,37798.33
2020-02-15,2.667,1.000125,8.4,2.1,4.9,957.4,1.8,1.8,0.0,9.7,23.4,27443.48,37960.96
2020-02-16,2.333,0.541625,9.7,-0.5,3.3,963.3,0.0,0.0,0.0,12.0,23.4,36968.95,38124.36
2020-02-17,3.0,1.499875,11.5,-1.1,4.2,960.4,0.0,0.0,0.0,9.6,19.1,37328.93,38288.36
2020-02-18,3.667,2.583375,16.2,0.3,6.4,954.6,0.0,0.0,0.0,19.1,37.4,37686.78,38452.83
2020-02-19,4.0,2.3748750000000003,9.2,2.7,5.5,953.2,2.0,2.0,0.0,11.0,23.8,15227.42,38617.61
2020-02-20,2.667,1.833375,5.2,1.8,3.9,950.6,4.1,4.1,0.0,9.4,18.7,0.0,38782.56
2020-02-21,3.667,2.66675,7.2,0.4,3.3,955.3,1.0,1.0,0.0,10.0,20.9,27745.33,38947.53
2020-02-22,2.667,1.9585,6.0,0.8,2.7,960.3,0.6,0.0,0.42,15.9,30.2,3823.32,39112.4
2020-02-23,2.333,1.0415,12.3,-3.0,3.9,958.2,0.0,0.0,0.0,10.6,25.9,38299.27,39277.15
2020-02-24,2.0,0.875,12.2,1.2,6.5,950.9,0.0,0.0,0.0,26.1,52.6,33258.78,39443.15
2020-02-25,1.333,0.4165,15.4,-2.0,5.5,949.9,0.0,0.0,0.0,12.1,28.4,38740.72,39610.65
2020-02-26,2.333,0.70825,18.1,1.2,8.6,938.2,0.0,0.0,0.0,11.6,26.6,33268.7,39779.51
2020-02-27,2.0,0.625,9.1,0.5,4.4,937.4,2.8,2.7,0.07,24.3,53.3,26457.07,39949.58
2020-02-28,2.333,1.458375,7.5,-3.5,0.8,944.0,7.3,1.4,4.13,20.5,47.9,14400.0,40120.73
2020-02-29,3.667,2.208375,7.0,-1.0,2.4,951.3,0.2,0.1,0.07,24.6,47.5,39124.86,40292.83
2020-03-01,3.333,1.375,14.0,-3.5,3.1,949.9,0.0,0.0,0.0,13.3,25.9,39223.76,40465.74
2020-03-02,2.0,1.0,18.3,-1.1,7.8,944.5,0.0,0.0,0.0,17.1,35.6,39323.56,40639.33
2020-03-03,2.0,1.41675,20.7,2.6,10.7,942.3,0.0,0.0,0.0,14.4,31.7,37529.49,40813.47
2020-03-04,3.0,1.416625,13.7,3.2,8.1,939.5,20.4,20.4,0.0,25.6,49.7,26349.55,40988.04
2020-03-05,1.667,0.791875,6.5,1.4,3.9,943.6,6.1,6.1,0.0,18.7,38.2,15414.17,41162.91
2020-03-06,2.0,0.9167500000000001,11.8,-1.8,4.2,941.9,1.7,1.7,0.0,13.0,30.6,29237.21,41337.95
2020-03-07,2.0,0.874875,14.4,0.7,6.5,943.2,5.4,5.4,0.0,13.3,31.7,27832.21,41513.04
2020-03-08,1.667,1.29175,9.6,5.7,7.2,948.4,13.8,13.8,0.0,8.8,24.8,11424.39,41688.07
2020-03-09,2.0,1.250125,5.6,2.1,3.4,947.2,24.6,24.2,0.28,8.5,23.0,0.0,41862.9
2020-03-10,2.0,0.833375,5.1,2.2,3.2,946.3,6.7,6.7,0.0,18.6,36.7,476.49,42037.42
2020-03-11,1.667,0.541625,12.6,-0.0,5.7,951.6,0.0,0.0,0.0,13.0,28.4,36332.15,42211.52
2020-03-12,2.667,1.41675,17.7,4.0,10.1,954.4,0.0,0.0,0.0,11.6,16.2,39600.0,42385.06
2020-03-13,2.667,1.708375,20.6,6.0,12.3,948.8,0.0,0.0,0.0,8.1,17.6,39751.69,42557.93
2020-03-14,1.0,0.45837500000000003,13.6,6.4,9.4,951.0,4.2,4.2,0.0,13.6,29.9,34737.23,42730.14
2020-03-15,1.667,1.0,6.1,1.3,4.3,955.0,12.6,11.5,0.77,13.9,29.2,0.0,42902.92
2020-03-16,2.0,1.083375,8.4,-2.8,2.0,963.9,0.0,0.0,0.0,13.5,31.3,39956.96,43076.55
2020-03-17,1.667,1.375,13.9,-2.1,3.8,961.9,0.0,0.0,0.0,14.1,22.7,40233.99,43250.88
2020-03-18,3.0,1.333375,11.7,0.5,5.4,960.4,0.0,0.0,0.0,13.6,32.4,39885.79,43425.83
2020-03-19,4.333,2.1666250000000002,14.1,-1.6,5.4,959.8,0.0,0.0,0.0,10.2,25.2,39600.0,43601.27
2020-03-20,2.667,1.583375,17.3,-0.1,7.7,955.8,0.0,0.0,0.0,11.9,18.4,40440.1,43777.1
2020-03-21,3.0,1.916625,20.6,4.1,11.5,950.3,0.0,0.0,0.0,9.7,23.4,40503.77,43953.22
2020-03-22,2.333,1.666625,13.4,4.1,8.7,949.8,0.2,0.2,0.0,14.8,33.8,27611.83,44129.5
2020-03-23,3.333,2.458125,2.7,-2.0,-0.1,953.3,20.0,1.6,12.88,5.4,11.2,0.0,44305.85
2020-03-24,2.667,0.749875,0.4,-2.4,-1.2,952.6,9.3,0.0,6.51,17.4,34.6,0.0,44482.15
2020-03-25,1.667,0.708375,2.2,-2.2,-0.1,957.0,1.3,0.1,0.84,20.6,42.8,1796.37,44658.3
2020-03-26,3.0,1.08325,3.8,0.2,1.6,954.9,0.1,0.1,0.0,15.1,29.9,0.0,44834.17
2020-03-27,2.0,1.333375,9.5,1.5,4.6,951.7,0.0,0.0,0.0,16.0,35.6,28970.13,45009.67
2020-03-28,2.333,1.166625,12.9,2.5,7.3,947.9,0.0,0.0,0.0,11.8,26.3,39600.0,45184.68
2020-03-29,3.333,1.625,15.1,1.5,7.8,945.1,0.2,0.2,0.0,10.4,24.5,42309.76,45359.08
2020-03-30,4.0,2.24975,14.6,3.2,8.3,946.7,0.0,0.0,0.0,13.4,29.2,42851.44,45532.77
2020-03-31,4.0,2.791625,10.7,1.3,4.6,950.9,1.3,0.2,0.77,16.3,31.3,30036.48,45705.62
2020-04-01,2.333,1.33325,1.2,-1.6,-0.3,950.8,14.3,0.1,9.94,16.2,37.8,0.0,45877.52
2020-04-02,2.667,1.583375,4.4,-2.4,0.6,949.1,4.5,0.1,3.08,9.7,18.0,20828.61,46048.35
2020-04-03,3.667,1.75,12.4,-3.7,3.7,948.5,0.0,0.0,0.0,13.4,26.3,40430.56,46218.11
2020-04-04,2.0,1.0,8.9,2.4,5.4,950.6,7.6,7.6,0.0,14.3,38.9,4269.86,46387.97
2020-04-05,1.667,1.0,8.8,4.3,5.6,955.8,8.7,8.7,0.0,17.3,37.4,2337.05,46558.16
2020-04-06,1.0,0.45825,10.8,-0.5,5.4,962.3,0.0,0.0,0.0,23.5,48.2,46182.54,46728.58
2020-04-07,2.0,0.58325,11.4,-1.3,4.8,964.9,0.0,0.0,0.0,20.6,43.6,46352.23,46899.13
2020-04-08,3.667,2.625125,13.7,0.9,6.7,961.8,0.0,0.0,0.0,15.1,34.2,46521.91,47069.69
2020-04-09,1.667,1.000125,17.3,1.0,9.3,956.4,0.0,0.0,0.0,8.9,21.6,46642.95,47240.15
2020-04-10,2.333,0.95825,20.3,2.6,11.0,953.3,0.0,0.0,0.0,11.6,22.7,46711.24,47410.41
2020-04-11,3.333,1.625,19.6,5.3,11.8,955.2,0.0,0.0,0.0,15.8,35.6,45208.76,47580.37
2020-04-12,2.667,1.583375,17.1,5.0,10.9,957.3,0.0,0.0,0.0,14.8,35.6,46800.0,47749.89
2020-04-13,1.667,1.166625,21.5,3.2,11.9,952.4,0.0,0.0,0.0,13.1,27.4,46767.22,47918.86
2020-04-14,3.333,1.624875,19.8,5.5,11.8,947.2,3.0,3.0,0.0,20.8,40.7,24661.86,48087.18
2020-04-15,3.0,1.54175,6.3,1.4,4.2,954.7,5.2,5.2,0.0,21.3,41.8,1882.81,48254.72
2020-04-16,2.0,0.874875,16.6,-1.0,7.3,956.6,0.0,0.0,0.0,9.7,19.4,46800.0,48421.35
2020-04-17,1.333,0.7915,21.7,4.8,12.6,951.0,0.0,0.0,0.0,16.9,34.9,46800.0,48586.95
2020-04-18,1.667,0.83325,23.7,8.9,14.8,950.7,0.0,0.0,0.0,10.3,26.6,46800.0,48751.4
2020-04-19,0.667,0.20825000000000002,25.4,9.8,16.9,948.3,0.0,0.0,0.0,11.9,25.9,44043.5,48914.56
2020-04-20,4.667,2.6248750000000003,18.4,9.8,13.6,949.1,1.4,1.4,0.0,14.5,32.8,33757.97,49076.31
2020-04-21,3.333,2.0,9.1,3.4,5.3,952.9,16.6,16.6,0.0,20.5,40.3,0.0,49236.5
2020-04-22,3.0,1.666625,12.1,2.7,6.7,954.7,1.4,1.4,0.0,14.3,30.6,39363.85,49395.0
2020-04-23,1.667,0.70825,15.0,-0.3,7.9,954.0,0.0,0.0,0.0,16.1,38.2,46800.0,49551.79
2020-04-24,2.667,1.583375,16.5,1.1,9.0,949.7,0.0,0.0,0.0,11.3,21.6,46800.0,49707.98
2020-04-25,2.333,1.0,20.6,5.7,12.2,943.9,0.0,0.0,0.0,16.1,35.3,46800.0,49863.8
2020-04-26,2.667,1.541875,16.5,6.6,12.4,944.1,0.1,0.1,0.0,13.8,29.9,44374.56,50019.12
2020-04-27,2.667,1.54175,19.7,7.6,12.6,948.1,0.0,0.0,0.0,13.0,29.5,41246.27,50173.84
2020-04-28,2.667,1.166625,21.2,6.0,13.6,948.8,0.1,0.1,0.0,15.6,33.1,46669.68,50327.83
2020-04-29,1.0,0.45825000000000005,20.9,9.9,14.7,945.9,3.8,3.8,0.0,18.4,41.4,46800.0,50480.96
2020-04-30,1.0,0.249875,18.7,9.6,14.4,945.1,0.0,0.0,0.0,12.9,30.2,46800.0,50633.1
2020-05-01,2.0,1.08325,19.9,9.8,14.7,945.5,0.3,0.3,0.0,12.3,28.8,43467.37,50784.13
2020-05-02,1.667,1.04175,19.8,8.8,13.5,943.0,1.7,1.7,0.0,15.7,31.3,23937.07,50933.91
2020-05-03,2.667,0.95825,12.8,9.2,10.5,943.3,3.7,3.7,0.0,20.2,42.8,7200.0,51082.3
2020-05-04,2.0,1.20825,13.5,7.4,10.2,947.8,1.5,1.5,0.0,24.9,49.7,11040.35,51229.17
2020-05-05,2.0,1.416625,19.3,5.6,12.5,950.0,0.0,0.0,0.0,13.4,31.0,47444.06,51374.38
2020-05-06,3.333,0.9998750000000001,14.6,6.6,10.8,947.9,2.0,2.0,0.0,21.5,42.8,12024.22,51517.77
2020-05-07,1.333,0.708125,14.9,4.5,9.8,951.2,0.0,0.0,0.0,22.1,48.2,42951.96,51659.2
2020-05-08,1.333,0.666625,19.4,4.7,12.6,954.4,0.0,0.0,0.0,14.7,32.8,47926.76,51798.52
2020-05-09,0.667,0.249875,23.7,6.4,15.3,952.2,0.0,0.0,0.0,13.6,29.9,48566.75,51935.56
2020-05-10,2.333,0.7498750000000001,26.1,10.3,17.8,950.0,0.0,0.0,0.0,13.8,27.7,42570.0,52070.19
2020-05-11,1.667,0.95825,27.9,12.8,20.4,947.3,0.3,0.3,0.0,9.8,22.7,47093.44,52202.23
2020-05-12,2.333,0.70825,26.3,12.3,18.8,945.2,0.0,0.0,0.0,23.0,49.7,49080.47,52331.51
2020-05-13,1.333,0.70825,24.9,11.5,17.6,953.4,0.0,0.0,0.0,18.0,36.4,49364.75,52457.98
2020-05-14,0.333,0.333,30.5,11.4,20.9,951.2,0.0,0.0,0.0,12.5,29.9,44190.26,52582.63
2020-05-15,1.0,0.5415,34.0,14.0,24.1,948.7,0.0,0.0,0.0,22.9,49.3,46093.84,52705.64
2020-05-16,1.667,0.583375,26.8,16.9,22.0,954.9,0.0,0.0,0.0,14.0,27.4,40267.1,52826.9
2020-05-17,1.0,0.416625,29.7,15.5,21.8,954.9,0.0,0.0,0.0,14.5,33.1,44583.46,52946.28
2020-05-18,2.0,0.708375,25.8,16.1,21.3,956.7,0.5,0.5,0.0,16.6,34.2,31984.74,53063.66
2020-05-19,1.667,1.166625,25.2,15.5,19.9,954.2,2.7,2.7,0.0,15.8,35.3,26599.89,53178.91
2020-05-20,1.0,0.5,26.3,15.5,20.5,946.1,11.5,11.5,0.0,17.8,39.6,44752.65,53291.91
2020-05-21,2.0,1.208375,16.3,10.5,13.5,947.3,14.5,14.5,0.0,8.4,20.2,0.0,53402.53
2020-05-22,2.333,1.41675,18.5,8.7,13.0,955.0,3.6,3.6,0.0,12.3,28.8,41584.24,53510.63
2020-05-23,1.667,0.75,19.0,5.1,12.6,958.1,0.0,0.0,0.0,15.3,32.4,51376.17,53616.09
2020-05-24,2.333,1.0,23.2,8.6,14.3,957.4,0.8,0.8,0.0,25.7,54.4,36819.25,53718.76
2020-05-25,2.0,1.250125,16.4,8.8,12.1,957.8,3.8,3.8,0.0,13.4,33.8,49877.08,53818.52
2020-05-26,1.667,0.708375,13.7,6.2,10.0,955.6,7.5,7.5,0.0,9.3,26.3,18431.27,53915.22
2020-05-27,1.333,0.708125,15.8,7.7,11.4,956.2,6.6,6.6,0.0,11.3,29.5,46168.7,54008.73
2020-05-28,1.0,0.5,14.6,8.5,11.4,953.8,1.9,1.9,0.0,17.5,40.0,39505.03,54098.9
2020-05-29,1.667,0.58325,16.8,8.5,12.2,951.5,4.8,4.8,0.0,15.8,36.4,48914.58,54185.59
2020-05-30,3.333,2.95825,18.5,9.2,13.6,950.3,0.2,0.2,0.0,16.2,36.0,45807.73,54268.67
2020-05-31,1.0,0.749875,17.6,8.3,13.0,948.7,0.3,0.3,0.0,16.2,34.2,41578.45,54347.98
2020-06-01,2.667,1.208375,18.2,8.5,12.7,948.3,0.0,0.0,0.0,20.0,42.1,43310.71,54423.39
2020-06-02,3.0,1.625,18.4,9.5,13.1,946.1,1.7,1.7,0.0,19.4,40.7,38897.25,54494.82
2020-06-03,1.0,0.58325,18.4,6.5,12.6,944.8,0.0,0.0,0.0,18.7,38.5,48915.77,54562.85
2020-06-04,1.667,0.875,23.6,9.1,16.6,945.4,0.0,0.0,0.0,13.3,31.7,52214.51,54627.6
2020-06-05,1.333,0.6665,26.7,8.9,18.9,945.1,0.0,0.0,0.0,12.8,29.9,53714.79,54689.0
2020-06-06,1.333,0.458125,24.1,13.0,18.3,945.2,0.6,0.6,0.0,19.7,42.1,37267.47,54747.0
2020-06-07,3.667,1.58325,23.5,13.7,18.7,945.5,0.0,0.0,0.0,13.4,30.2,51603.89,54801.54
2020-06-08,2.0,1.000125,26.2,14.8,19.8,945.8,0.7,0.7,0.0,15.3,36.7,39711.27,54852.56
2020-06-09,2.667,1.000125,23.8,15.4,19.3,946.1,3.1,3.1,0.0,7.9,28.8,50669.11,54899.99
2020-06-10,2.333,1.624875,22.2,13.7,18.2,946.6,4.5,4.5,0.0,8.1,25.2,44346.06,54943.8
2020-06-11,1.667,0.6248750000000001,19.0,13.5,15.8,945.4,8.6,8.6,0.0,12.7,31.7,23036.74,54983.91
2020-06-12,1.0,0.583375,17.7,14.1,15.7,945.0,2.1,2.1,0.0,18.9,39.2,15762.12,55020.28
2020-06-13,1.333,0.5,22.3,14.2,17.6,945.2,1.2,1.2,0.0,18.6,43.6,37710.32,55052.84
2020-06-14,1.0,0.375,24.2,15.0,19.8,944.3,0.2,0.2,0.0,16.9,39.2,39767.24,55081.56
2020-06-15,1.333,0.625,24.0,15.4,19.0,945.8,2.8,2.8,0.0,12.6,25.6,50702.68,55106.39
2020-06-16,2.333,1.2501250000000002,21.8,14.2,17.9,945.5,1.6,1.6,0.0,8.8,23.8,46164.33,55127.27
2020-06-17,1.667,0.833375,21.8,14.4,17.4,944.8,5.1,5.1,0.0,15.0,32.8,41634.56,55144.16
2020-06-18,1.667,0.9167500000000001,23.2,12.8,17.7,946.5,2.9,2.9,0.0,15.3,36.7,40594.2,55157.02
2020-06-19,1.667,0.9167500000000001,24.3,13.6,19.1,949.1,0.5,0.5,0.0,18.5,40.0,53910.35,55165.8
2020-06-20,2.333,1.291625,23.6,13.7,18.8,948.4,0.4,0.4,0.0,14.3,29.9,54000.0,55170.46
2020-06-21,1.333,0.7917500000000001,20.5,13.5,16.9,946.0,0.0,0.0,0.0,16.0,34.6,51194.97,55170.98
2020-06-22,1.0,0.41650000000000004,21.7,11.8,17.1,945.6,0.7,0.7,0.0,13.2,30.2,48463.49,55167.29
2020-06-23,1.333,0.70825,18.1,14.6,16.5,947.0,9.5,9.5,0.0,6.6,23.0,5897.89,55159.33
2020-06-24,1.0,0.750125,22.9,13.3,18.1,953.5,1.9,1.9,0.0,8.4,19.4,52603.59,55147.12
2020-06-25,1.0,0.541625,24.4,14.7,19.6,956.8,1.5,1.5,0.0,11.8,32.8,53291.12,55130.73
2020-06-26,2.667,1.249875,25.6,15.4,20.5,956.4,0.7,0.7,0.0,14.5,31.3,53787.59,55110.2
2020-06-27,2.667,1.5415,26.8,14.2,20.7,955.0,0.0,0.0,0.0,11.5,26.6,54000.0,55085.61
2020-06-28,1.0,0.625,28.5,13.0,21.4,952.7,0.0,0.0,0.0,10.4,17.6,54000.0,55057.02
2020-06-29,0.667,0.416625,29.2,15.7,23.4,949.4,0.0,0.0,0.0,8.7,15.5,54000.0,55024.51
2020-06-30,1.667,0.958375,27.4,17.8,22.9,949.6,0.0,0.0,0.0,17.9,38.9,54000.0,54988.12
2020-07-01,2.333,1.041625,29.4,16.6,22.4,951.0,0.0,0.0,0.0,9.6,22.3,54000.0,54947.94
2020-07-02,1.333,0.708375,29.5,17.1,23.2,949.4,0.0,0.0,0.0,11.5,25.2,52148.06,54904.04
2020-07-03,1.0,0.708375,29.6,19.2,23.9,948.3,2.3,2.3,0.0,11.6,25.2,52248.56,54856.49
2020-07-04,3.0,1.624875,25.0,18.1,21.5,950.9,1.5,1.5,0.0,11.6,23.8,52352.78,54805.36
2020-07-05,3.333,2.16675,26.4,16.2,21.9,950.2,0.1,0.1,0.0,8.4,22.3,50187.6,54750.73
2020-07-06,1.333,1.0415,25.8,16.7,21.6,946.9,0.7,0.7,0.0,11.4,31.3,47242.61,54692.68
2020-07-07,1.667,0.6248750000000001,22.1,14.4,18.8,946.3,12.0,12.0,0.0,24.1,48.6,51681.03,54631.27
2020-07-08,0.667,0.333125,22.8,12.0,17.3,952.8,0.0,0.0,0.0,16.9,34.2,52560.45,54566.59
2020-07-09,1.0,0.625,26.1,13.4,19.6,955.1,0.0,0.0,0.0,8.9,22.3,53835.39,54498.71
2020-07-10,1.333,0.37475,27.7,13.2,21.6,954.7,0.0,0.0,0.0,10.9,25.2,53788.98,54427.71
2020-07-11,1.0,0.45825000000000005,28.4,14.7,21.9,952.9,0.0,0.0,0.0,13.4,31.3,53715.55,54353.67
2020-07-12,0.667,0.33325000000000005,27.2,15.6,21.3,952.2,0.2,0.2,0.0,19.9,37.8,51853.01,54276.59
2020-07-13,2.667,1.458375,22.4,13.2,17.6,953.3,0.0,0.0,0.0,19.1,38.2,53559.23,54195.77
2020-07-14,3.667,1.916625,23.7,13.0,18.4,951.6,0.0,0.0,0.0,13.0,31.7,50832.21,54111.15
2020-07-15,2.0,1.041625,23.7,13.8,19.2,951.0,0.0,0.0,0.0,10.1,24.1,52611.53,54022.87
2020-07-16,1.667,0.791625,24.5,14.4,19.1,949.9,3.2,3.2,0.0,6.6,33.5,46872.32,53931.09
2020-07-17,1.333,0.874875,25.6,14.3,19.9,948.7,0.0,0.0,0.0,13.5,31.0,51693.51,53835.95
2020-07-18,1.333,0.749875,19.5,15.8,17.1,949.2,18.0,18.0,0.0,10.5,25.9,24932.21,53737.62
2020-07-19,1.667,0.8335,22.3,15.0,17.7,949.3,12.4,12.4,0.0,13.0,26.6,50994.28,53636.22
2020-07-20,1.0,0.666625,23.6,13.4,18.1,952.0,0.0,0.0,0.0,18.4,38.5,51678.09,53531.91
2020-07-21,1.667,0.9167500000000001,26.7,13.9,20.1,955.1,0.0,0.0,0.0,10.0,22.7,52342.6,53424.83
2020-07-22,1.333,0.58325,27.3,15.4,21.6,954.6,0.0,0.0,0.0,11.6,27.7,51799.04,53315.13
2020-07-23,1.0,0.499875,27.9,16.6,22.5,951.2,0.0,0.0,0.0,13.1,31.0,51493.59,53202.94
2020-07-24,3.667,2.5001249999999997,26.7,17.2,21.6,949.2,0.0,0.0,0.0,13.1,29.9,44795.63,53088.41
2020-07-25,4.0,2.500125,27.3,17.4,21.6,948.0,1.7,1.7,0.0,15.0,34.2,44301.15,52971.67
2020-07-26,1.0,0.5415,22.7,16.1,18.8,949.6,30.7,30.7,0.0,7.3,18.4,38313.2,52852.85
2020-07-27,1.0,0.7085,24.8,14.7,20.0,952.8,0.3,0.3,0.0,11.7,28.4,47088.76,52732.09
2020-07-28,2.0,0.8335,27.9,14.3,20.9,953.2,0.0,0.0,0.0,9.6,22.0,50340.07,52609.51
2020-07-29,2.0,0.958375,29.6,17.2,23.2,953.7,0.0,0.0,0.0,7.3,12.6,50048.4,52485.25
2020-07-30,1.667,0.708375,31.4,19.4,24.8,955.1,0.0,0.0,0.0,7.4,16.2,49758.94,52359.42
2020-07-31,1.333,0.875,31.7,19.4,24.9,952.4,0.0,0.0,0.0,11.3,24.5,48456.13,52232.16
2020-08-01,1.0,0.583375,27.1,20.0,23.4,949.3,0.6,0.6,0.0,12.1,29.2,46978.02,52103.47
2020-08-02,3.333,2.0,26.6,15.0,20.8,949.3,0.0,0.0,0.0,10.2,22.3,49240.25,51972.32
2020-08-03,3.333,3.0415,27.3,17.3,21.9,949.6,0.0,0.0,0.0,13.5,29.2,46862.72,51838.58
2020-08-04,3.333,1.749875,29.5,15.5,22.5,947.5,0.0,0.0,0.0,13.6,26.6,47674.89,51702.39
2020-08-05,2.333,1.25,27.4,17.4,20.8,947.9,4.5,4.5,0.0,14.3,36.7,32280.28,51563.92
2020-08-06,2.0,1.083375,27.2,16.7,21.5,950.1,0.0,0.0,0.0,15.1,34.6,43060.2,51423.33
2020-08-07,1.667,0.70825,25.8,16.2,20.8,951.3,10.1,10.1,0.0,13.2,33.5,38694.1,51280.76
2020-08-08,2.0,1.166625,26.7,16.3,20.7,951.6,4.1,4.1,0.0,12.3,39.2,29734.34,51136.35
2020-08-09,0.667,0.374875,25.5,16.4,20.7,951.7,1.8,1.8,0.0,11.1,34.6,46608.23,50990.27
2020-08-10,0.667,0.374875,26.7,15.1,21.6,952.3,0.1,0.1,0.0,9.1,23.4,46892.9,50842.63
2020-08-11,1.0,0.374875,28.3,16.2,22.3,953.1,0.0,0.0,0.0,7.1,17.3,46800.0,50693.58
2020-08-12,1.333,0.75,27.0,16.4,21.9,952.9,1.2,1.2,0.0,12.2,29.5,41236.18,50543.28
2020-08-13,1.667,0.7915,27.4,16.1,21.7,953.6,0.0,0.0,0.0,9.4,20.2,46800.0,50391.82
2020-08-14,1.667,0.708375,29.5,15.7,22.3,951.8,0.0,0.0,0.0,9.1,24.1,46800.0,50239.36
2020-08-15,1.0,0.333125,27.4,17.7,21.6,949.8,4.2,4.2,0.0,9.5,26.3,38225.18,50086.01
2020-08-16,1.0,0.70825,22.8,17.0,19.1,950.3,23.3,23.3,0.0,14.3,29.5,36163.37,49931.9
2020-08-17,1.0,0.583375,25.4,15.2,19.8,951.4,0.0,0.0,0.0,10.9,25.6,46800.0,49777.17
2020-08-18,3.0,1.416625,26.4,15.0,20.1,948.2,1.0,1.0,0.0,7.8,17.6,36396.73,49621.9
2020-08-19,2.667,1.041625,23.7,16.5,19.6,945.8,6.6,6.6,0.0,16.9,37.1,45515.98,49466.24
2020-08-20,1.0,0.5417500000000001,23.1,15.6,19.1,948.3,1.6,1.6,0.0,20.1,41.8,46800.0,49310.29
2020-08-21,1.667,0.70825,26.7,15.2,20.7,953.5,0.0,0.0,0.0,10.5,24.5,46800.0,49154.05
2020-08-22,2.333,1.54175,28.8,16.8,22.5,953.6,0.0,0.0,0.0,8.2,20.9,46800.0,48996.42
2020-08-23,2.667,1.875,29.9,17.6,23.4,950.4,0.0,0.0,0.0,7.4,17.3,46800.0,48837.21
2020-08-24,0.667,0.41675,27.4,18.6,22.5,949.8,2.2,2.2,0.0,8.4,19.1,46542.86,48676.56
2020-08-25,1.0,0.625,24.9,16.3,20.5,949.3,2.3,2.3,0.0,15.5,29.5,43547.15,48514.59
2020-08-26,2.333,1.54175,25.2,13.9,19.4,952.2,0.0,0.0,0.0,14.7,28.8,46800.0,48351.43
2020-08-27,3.333,1.666625,28.0,14.4,20.9,951.3,0.0,0.0,0.0,9.0,17.6,46800.0,48187.18
2020-08-28,4.667,1.750125,28.8,15.2,21.3,949.8,0.0,0.0,0.0,7.7,14.8,46800.0,48021.99
2020-08-29,3.333,2.624875,30.3,14.7,22.6,949.6,0.0,0.0,0.0,10.7,26.3,46800.0,47855.96
2020-08-30,3.333,2.0,30.3,15.2,22.9,951.0,0.0,0.0,0.0,11.1,20.9,46746.36,47689.21
2020-08-31,4.667,3.7501249999999997,32.7,17.8,24.3,950.5,0.0,0.0,0.0,8.9,18.7,46643.71,47521.85
2020-09-01,4.333,3.16675,32.0,15.3,23.2,944.9,0.0,0.0,0.0,12.2,27.7,46540.55,47353.99
2020-09-02,2.667,2.250125,26.6,17.0,21.6,950.2,0.0,0.0,0.0,11.2,23.4,38143.3,47185.74
2020-09-03,1.667,0.708375,26.4,15.0,20.4,954.2,0.4,0.4,0.0,13.9,30.2,42737.25,47017.22
2020-09-04,2.667,1.70825,23.8,14.2,18.2,957.5,1.7,1.7,0.0,18.5,38.5,46229.1,46848.52
2020-09-05,2.0,1.333375,25.4,11.7,18.4,955.9,0.0,0.0,0.0,10.1,20.9,46104.0,46679.74
2020-09-06,2.0,1.0,27.9,14.4,20.1,952.1,0.0,0.0,0.0,8.7,15.5,45936.05,46511.0
2020-09-07,1.333,0.791625,28.9,13.8,21.3,952.8,0.0,0.0,0.0,11.8,21.2,45459.62,46342.38
2020-09-08,1.333,0.75,27.2,15.8,22.4,958.6,0.1,0.1,0.0,9.4,23.4,44190.22,46174.0
2020-09-09,0.667,0.125,28.3,15.0,20.9,959.8,0.0,0.0,0.0,8.3,18.7,44803.17,46005.95
2020-09-10,1.0,0.2915,28.5,14.3,21.1,953.6,0.0,0.0,0.0,9.4,22.0,44475.86,45838.21
2020-09-11,1.0,0.416625,27.9,15.4,21.4,951.6,0.0,0.0,0.0,15.8,32.8,44149.58,45669.69
2020-09-12,2.0,1.1665,26.9,13.4,20.0,954.5,0.0,0.0,0.0,15.8,35.6,44136.95,45500.15
2020-09-13,3.0,1.4165,26.9,14.6,20.6,958.4,0.0,0.0,0.0,12.5,27.7,43499.5,45329.72
2020-09-14,3.333,2.2916250000000002,27.3,15.0,21.2,961.2,0.0,0.0,0.0,15.3,32.8,43175.5,45158.51
2020-09-15,2.333,1.3331250000000001,26.2,13.7,20.2,959.9,0.0,0.0,0.0,18.6,39.2,42852.07,44986.62
2020-09-16,1.0,0.58325,27.7,13.3,20.2,956.4,0.0,0.0,0.0,14.8,34.2,42841.34,44814.16
2020-09-17,1.333,0.5415,28.4,12.3,20.2,952.2,0.0,0.0,0.0,14.5,30.2,42518.55,44641.24
2020-09-18,1.667,0.833375,26.3,14.6,20.9,953.3,0.0,0.0,0.0,14.7,32.4,42290.37,44467.97
2020-09-19,1.0,0.45837500000000003,23.7,13.7,18.2,956.9,0.0,0.0,0.0,15.5,35.3,40446.99,44294.44
2020-09-20,2.333,0.75,21.8,9.1,15.3,954.9,0.0,0.0,0.0,12.2,27.4,42217.58,44120.76
2020-09-21,1.0,0.374875,24.3,8.1,15.8,955.0,0.0,0.0,0.0,11.5,24.8,42152.66,43947.03
2020-09-22,2.667,1.291875,24.8,10.0,17.3,954.8,0.0,0.0,0.0,8.6,22.3,41795.85,43773.36
2020-09-23,3.667,2.2085,25.7,11.1,18.1,951.2,0.0,0.0,0.0,10.1,32.8,39818.57,43599.85
2020-09-24,5.667,2.95825,21.2,13.9,17.0,949.4,1.9,1.9,0.0,7.3,23.0,31811.37,43426.6
2020-09-25,4.333,2.999875,25.8,12.7,18.7,945.9,0.0,0.0,0.0,7.4,23.4,39711.56,43253.71
2020-09-26,4.667,3.6251249999999997,22.9,12.1,16.6,935.0,19.4,19.4,0.0,14.0,38.2,28427.94,43081.3
2020-09-27,5.333,3.000125,21.2,9.0,14.3,945.3,0.0,0.0,0.0,9.0,22.3,41026.53,42909.45
2020-09-28,5.0,4.250125,24.7,9.5,16.2,948.8,0.1,0.1,0.0,13.3,31.0,35394.87,42738.28
2020-09-29,4.0,3.125,18.9,11.3,14.6,948.3,3.8,3.8,0.0,19.1,41.4,35045.26,42567.89
2020-09-30,4.0,2.958375,16.1,9.5,12.2,947.9,0.0,0.0,0.0,23.5,48.2,34512.08,42398.26
2020-10-01,3.333,2.33325,17.8,9.7,13.6,944.7,0.1,0.1,0.0,19.8,40.3,26816.31,42228.21
2020-10-02,2.667,1.95825,22.2,8.5,14.5,947.8,0.0,0.0,0.0,9.1,22.3,40258.68,42057.52
2020-10-03,1.667,1.16675,25.5,9.4,16.5,950.8,0.0,0.0,0.0,11.7,28.1,39940.26,41886.29
2020-10-04,1.667,0.833375,27.8,11.2,18.6,950.3,0.0,0.0,0.0,14.4,47.5,37228.47,41714.64
2020-10-05,4.333,1.9165,31.2,12.8,20.7,950.6,0.0,0.0,0.0,12.7,25.2,33938.69,41542.69
2020-10-06,3.667,1.25,25.3,15.1,19.4,950.6,4.7,4.7,0.0,11.0,43.6,21763.05,41370.55
2020-10-07,2.333,0.95825,20.7,11.1,16.0,949.1,0.7,0.7,0.0,11.6,25.9,22746.13,41198.35
2020-10-08,0.667,0.416625,14.6,10.4,12.1,948.0,24.1,24.1,0.0,21.5,42.1,0.0,41026.17
2020-10-09,0.333,0.08325,13.3,10.1,11.5,953.1,5.3,5.3,0.0,23.4,45.4,223.62,40854.16
2020-10-10,0.667,0.16675,18.3,6.9,12.6,954.0,0.0,0.0,0.0,9.6,22.3,36821.72,40682.43
2020-10-11,1.333,0.4165,20.1,9.2,13.6,950.8,0.0,0.0,0.0,9.1,22.7,38477.67,40511.11
2020-10-12,1.333,0.541625,19.9,11.3,14.6,947.0,1.1,1.1,0.0,12.6,31.3,32941.14,40340.3
2020-10-13,1.0,0.45825000000000005,15.8,9.2,13.1,939.9,16.0,16.0,0.0,18.7,45.0,26001.36,40170.14
2020-10-14,0.0,0.0,18.7,6.7,12.6,948.7,0.0,0.0,0.0,8.9,22.7,37971.91,40000.74
2020-10-15,1.0,0.25,19.7,6.8,12.4,951.0,0.0,0.0,0.0,12.2,29.2,33745.63,39832.24
2020-10-16,1.333,0.8335,20.7,8.1,13.8,947.4,13.4,13.4,0.0,11.2,26.3,28800.0,39664.77
2020-10-17,2.0,1.125,16.9,9.2,12.9,948.0,7.1,7.1,0.0,13.4,28.8,37193.62,39498.45
2020-10-18,1.0,0.41650000000000004,14.6,5.5,9.5,953.8,0.0,0.0,0.0,11.5,25.2,36596.45,39333.42
2020-10-19,3.0,1.54175,12.6,2.5,7.0,958.8,0.0,0.0,0.0,10.1,17.6,37295.02,39169.83
2020-10-20,2.333,0.875,14.6,3.4,7.3,960.5,0.0,0.0,0.0,9.8,22.7,37019.43,39007.65
2020-10-21,3.667,1.79175,16.5,3.7,9.3,960.5,0.0,0.0,0.0,10.4,24.5,36742.47,38845.6
2020-10-22,3.333,1.0831250000000001,17.8,5.9,11.1,958.6,0.0,0.0,0.0,6.4,14.8,36464.14,38683.42
2020-10-23,4.667,2.125,20.4,7.3,12.4,956.4,0.0,0.0,0.0,9.0,22.0,36511.58,38521.26
2020-10-24,4.0,3.08325,19.7,9.2,13.6,952.5,0.0,0.0,0.0,11.2,15.5,30740.92,38359.24
2020-10-25,3.667,2.7501249999999997,12.7,8.8,10.8,949.3,7.5,7.5,0.0,8.4,17.3,2224.52,38197.52
2020-10-26,3.667,2.875,17.4,7.1,11.5,949.7,0.1,0.1,0.0,10.0,23.8,36000.0,38036.23
2020-10-27,3.333,1.791625,16.8,7.2,11.2,949.8,0.0,0.0,0.0,9.3,17.6,36000.0,37875.52
2020-10-28,3.333,2.29175,16.6,7.3,11.5,950.6,0.0,0.0,0.0,15.0,31.7,35968.84,37715.54
2020-10-29,4.0,2.416625,14.3,9.2,11.6,951.7,0.3,0.3,0.0,9.0,14.0,26318.7,37556.44
2020-10-30,2.0,1.08325,13.0,6.7,9.9,954.8,0.0,0.0,0.0,23.5,47.9,35091.42,37398.38
2020-10-31,2.333,1.375,14.7,5.8,10.3,955.2,0.9,0.9,0.0,21.7,42.5,21020.21,37241.51
2020-11-01,3.0,1.79175,13.5,4.5,8.7,956.0,0.3,0.3,0.0,11.5,33.1,35663.61,37085.99
2020-11-02,1.0,0.33337500000000003,14.5,5.1,9.5,956.6,0.1,0.1,0.0,7.2,18.0,17076.67,36931.99
2020-11-03,1.667,0.41675,16.3,9.9,12.3,955.2,4.4,4.4,0.0,14.1,28.4,11367.49,36779.68
2020-11-04,0.667,0.333125,15.2,8.2,12.1,957.2,1.9,1.9,0.0,9.4,22.0,9695.23,36629.23
2020-11-05,1.667,0.666625,13.1,6.5,9.3,962.0,0.0,0.0,0.0,7.1,16.2,20260.11,36480.81
2020-11-06,2.667,1.75,13.4,2.9,7.6,964.1,0.0,0.0,0.0,6.5,14.4,34407.52,36334.6
2020-11-07,3.0,1.583375,11.5,4.2,7.3,965.1,0.0,0.0,0.0,9.0,14.4,32915.28,36190.78
2020-11-08,2.0,1.125,12.7,1.6,6.9,961.7,0.0,0.0,0.0,10.8,18.0,35129.81,36049.54
2020-11-09,0.0,0.0,14.1,2.6,6.8,959.0,0.0,0.0,0.0,10.5,16.9,35054.54,35910.93
2020-11-10,0.333,0.08325,10.8,3.2,6.2,961.5,0.0,0.0,0.0,10.6,23.8,24565.11,35773.6
2020-11-11,2.0,0.749875,10.5,5.8,7.4,962.7,0.0,0.0,0.0,14.6,32.8,27586.65,35637.3
2020-11-12,1.333,0.6665,11.3,3.4,6.5,961.0,0.0,0.0,0.0,11.3,26.3,32938.14,35502.18
2020-11-13,1.0,0.625,9.3,3.4,5.9,959.9,1.4,1.4,0.0,8.3,14.0,26106.25,35368.42
2020-11-14,2.0,0.583375,11.2,3.2,6.8,959.6,0.0,0.0,0.0,9.6,21.2,32981.99,35236.16
2020-11-15,2.0,0.624875,11.5,2.8,6.8,958.5,0.0,0.0,0.0,6.3,16.6,32969.77,35105.57
2020-11-16,0.333,0.08325,12.1,1.2,5.9,956.0,0.0,0.0,0.0,9.6,17.3,33667.1,34976.81
2020-11-17,1.0,0.333375,12.1,3.1,6.9,958.5,0.0,0.0,0.0,10.2,14.0,33305.29,34850.07
2020-11-18,1.333,0.58325,9.4,5.2,7.0,963.4,1.8,1.8,0.0,6.9,14.8,2598.62,34725.51
2020-11-19,1.333,0.4165,10.5,2.5,6.8,961.4,0.5,0.5,0.0,12.6,27.0,30723.08,34603.3
2020-11-20,3.0,1.6251250000000002,8.2,0.4,3.7,954.2,0.0,0.0,0.0,9.7,18.7,32934.14,34483.64
2020-11-21,3.333,2.16675,5.6,2.7,4.0,960.2,0.0,0.0,0.0,8.4,17.3,7861.87,34366.7
2020-11-22,4.667,3.7501249999999997,7.2,-0.5,3.6,965.0,0.0,0.0,0.0,10.9,21.6,29705.13,34252.67
2020-11-23,2.667,1.91675,9.7,-1.8,3.3,961.0,0.0,0.0,0.0,9.8,16.2,32213.04,34141.74
2020-11-24,1.667,0.75,7.5,-0.0,3.1,960.1,0.0,0.0,0.0,12.8,24.5,31893.31,34034.1
2020-11-25,2.667,1.583375,7.6,-1.4,2.4,960.1,0.0,0.0,0.0,5.4,16.6,32217.58,33929.93
2020-11-26,2.333,1.499875,9.2,0.9,4.0,959.1,0.0,0.0,0.0,5.8,12.6,31860.08,33829.44
2020-11-27,2.667,1.58325,10.7,-0.8,4.0,956.5,0.0,0.0,0.0,8.1,16.2,31865.97,33732.83
2020-11-28,3.333,2.125,11.8,1.0,4.8,953.3,0.0,0.0,0.0,8.3,20.2,31769.88,33640.29
2020-11-29,2.0,0.874875,6.2,-0.2,2.9,952.1,0.0,0.0,0.0,6.9,13.0,25658.85,33551.91
2020-11-30,3.333,1.58325,0.8,-4.1,-0.3,955.7,9.1,0.8,5.81,8.2,15.5,1404.44,33466.7
2020-12-01,1.0,0.291625,0.2,-10.0,-4.7,955.5,0.0,0.0,0.0,14.0,18.7,31704.5,33384.44
2020-12-02,1.333,0.708375,1.0,-9.4,-3.7,954.8,0.0,0.0,0.0,13.0,18.4,31687.83,33305.27
2020-12-03,1.667,0.45825,2.2,-4.9,-2.1,953.1,0.1,0.1,0.0,14.1,27.4,30743.7,33229.27
2020-12-04,0.333,0.041625,4.1,-2.6,1.0,949.0,0.9,0.9,0.0,14.0,28.1,20362.78,33156.56
2020-12-05,2.667,0.91675,8.5,1.7,4.9,951.5,1.0,1.0,0.0,11.7,25.6,25549.66,33087.24
2020-12-06,2.333,1.45825,8.4,5.7,6.8,952.2,1.1,1.1,0.0,19.4,38.5,9387.82,33021.43
2020-12-07,0.667,0.29175,6.8,3.6,5.8,947.4,11.2,11.2,0.0,21.7,43.9,0.0,32959.22
2020-12-08,1.667,0.875,6.9,0.4,3.7,948.2,4.5,4.5,0.0,7.8,18.0,29107.0,32900.74
2020-12-09,3.0,1.625,4.8,0.9,3.3,947.9,3.8,3.8,0.0,16.3,34.2,782.68,32846.08
2020-12-10,3.333,1.499875,7.4,3.3,5.1,942.1,6.2,6.2,0.0,9.1,20.2,251.66,32795.34
2020-12-11,2.667,1.5,9.5,2.8,5.4,941.8,5.2,5.2,0.0,8.7,19.1,26560.12,32748.64
2020-12-12,1.667,0.875,5.3,1.6,4.0,937.5,6.1,6.1,0.0,7.2,12.2,0.0,32706.08
2020-12-13,3.0,1.041625,8.0,1.3,4.0,941.4,0.0,0.0,0.0,6.3,14.8,23284.29,32667.76
2020-12-14,1.667,0.625,4.9,3.2,4.1,948.8,4.7,4.7,0.0,9.1,17.3,0.0,32633.78
2020-12-15,1.333,0.458375,6.8,2.3,3.9,955.3,0.0,0.0,0.0,8.5,13.0,29991.64,32604.24
2020-12-16,1.0,0.416625,6.1,-0.9,2.1,958.3,0.0,0.0,0.0,9.7,20.5,31707.07,32579.25
2020-12-17,0.667,0.16662500000000002,8.0,0.7,3.6,959.4,0.0,0.0,0.0,7.6,16.2,31725.41,32558.88
2020-12-18,0.667,0.29150000000000004,7.6,-0.1,2.9,960.9,0.0,0.0,0.0,7.5,17.3,31745.86,32543.25
2020-12-19,2.0,1.20825,4.9,-2.1,0.9,961.6,0.0,0.0,0.0,9.6,21.2,30390.62,32532.42
2020-12-20,1.333,0.999875,4.1,-2.2,0.9,961.3,0.2,0.2,0.0,9.5,13.3,25745.03,32526.23
2020-12-21,4.333,2.45825,4.9,0.3,2.6,961.5,0.4,0.4,0.0,8.8,17.3,27515.67,32524.62
2020-12-22,3.333,2.75,5.5,-0.0,2.7,960.0,0.0,0.0,0.0,8.0,19.4,30281.85,32527.54
2020-12-23,4.333,2.333125,11.7,2.3,5.9,956.8,0.3,0.3,0.0,10.9,24.1,23987.43,32534.93
2020-12-24,3.0,1.91675,12.1,3.6,6.8,952.3,0.0,0.0,0.0,10.5,23.4,30404.34,32546.76
2020-12-25,2.333,1.041625,12.9,2.3,6.3,946.1,0.0,0.0,0.0,10.8,20.9,29495.89,32562.96
2020-12-26,2.0,0.9585,10.9,2.2,5.5,947.0,0.6,0.6,0.0,11.8,23.0,6413.26,32583.49
2020-12-27,2.0,1.375125,7.5,3.0,5.1,948.1,6.9,6.9,0.0,18.9,39.6,2607.45,32608.3
2020-12-28,2.333,1.791625,11.2,1.8,5.4,941.6,2.7,2.7,0.0,12.7,28.8,32008.09,32637.32
2020-12-29,2.667,1.458375,14.2,3.3,7.1,942.2,0.0,0.0,0.0,15.9,30.2,32042.17,32670.5
2020-12-30,2.667,1.875125,13.8,1.1,6.3,945.4,0.0,0.0,0.0,12.9,28.1,32080.38,32707.78
2020-12-31,1.333,0.624875,11.2,2.3,6.0,943.4,0.5,0.5,0.0,11.1,25.2,32122.67,32749.1
2021-01-01,1.333,0.541625,10.1,0.9,4.2,948.5,0.0,0.0,0.0,8.1,18.7,32168.95,32794.38
2021-01-02,0.333,0.08325,7.7,-0.9,2.3,954.1,0.0,0.0,0.0,12.1,26.6,32219.18,32843.57
2021-01-03,0.333,0.12487500000000001,9.5,1.0,4.7,951.9,1.8,1.8,0.0,15.7,32.0,28585.45,32896.6
2021-01-04,0.667,0.333125,8.8,4.1,6.5,946.4,24.8,24.8,0.0,13.0,47.2,0.0,32953.4
2021-01-05,4.0,1.9585,10.2,2.1,6.1,945.5,5.2,5.2,0.0,12.3,25.9,32275.53,33013.9
2021-01-06,3.667,2.25,11.7,-0.9,4.7,950.4,0.0,0.0,0.0,12.1,25.9,30675.77,33078.04
2021-01-07,2.333,1.124875,6.4,3.6,4.4,948.7,5.9,5.9,0.0,16.7,34.9,7417.41,33145.74
2021-01-08,0.333,0.24975000000000003,9.3,3.1,5.0,944.4,14.1,14.1,0.0,14.3,33.5,5969.88,33217.01
2021-01-09,1.333,0.33325,3.4,-0.1,1.4,949.9,22.8,11.4,7.98,7.9,15.8,7634.38,33292.67
2021-01-10,1.0,0.583375,2.6,0.5,1.5,951.2,18.4,13.0,3.78,18.4,34.2,0.0,33372.77
2021-01-11,4.0,2.249875,4.3,0.9,2.7,948.3,25.7,25.7,0.0,17.1,41.4,0.0,33457.12
2021-01-12,3.667,1.875,3.1,-0.8,1.3,946.6,13.5,4.8,6.09,12.4,24.5,10987.15,33545.56
2021-01-13,1.333,0.75,3.0,-2.3,-0.1,944.0,0.0,0.0,0.0,18.9,36.7,23253.1,33637.88
2021-01-14,0.333,0.1665,2.9,-4.2,-1.0,944.2,0.6,0.0,0.42,14.1,29.2,20590.98,33733.92
2021-01-15,1.667,0.5,0.3,-4.6,-2.3,948.1,0.0,0.0,0.0,17.8,34.9,32400.0,33833.5
2021-01-16,1.0,0.7085,-1.9,-6.8,-3.7,948.3,0.0,0.0,0.0,18.2,38.5,30320.67,33936.43
2021-01-17,1.333,0.2915,-2.9,-8.0,-5.9,949.0,0.0,0.0,0.0,16.1,36.0,32400.0,34042.55
2021-01-18,2.0,0.75,-1.6,-7.8,-5.7,953.3,0.0,0.0,0.0,17.1,35.6,32400.0,34151.67
2021-01-19,2.667,1.29175,0.7,-7.0,-4.4,957.1,0.0,0.0,0.0,18.7,38.5,30975.27,34263.63
2021-01-20,2.333,1.333375,7.5,-5.5,-0.7,956.8,0.0,0.0,0.0,13.1,27.7,32196.18,34378.25
2021-01-21,1.0,0.249875,8.8,-2.3,1.4,956.2,0.0,0.0,0.0,10.5,22.7,24514.61,34495.38
2021-01-22,1.0,0.5,9.6,-2.4,2.5,951.8,0.0,0.0,0.0,13.4,27.7,26416.12,34614.84
2021-01-23,2.0,0.833375,10.8,-0.8,3.7,944.5,0.4,0.4,0.0,15.3,31.3,27542.84,34736.47
2021-01-24,2.0,1.25,12.1,0.3,5.0,938.6,0.6,0.6,0.0,10.8,22.0,32727.55,34860.13
2021-01-25,4.667,2.75,7.3,-1.3,3.3,935.5,2.8,2.4,0.28,26.1,54.0,18286.0,34985.63
2021-01-26,4.0,2.291625,2.8,-1.8,0.9,939.3,20.0,4.7,10.71,11.2,20.9,0.0,35112.85
2021-01-27,3.333,2.2916250000000002,0.4,-4.6,-1.7,942.5,3.9,0.0,2.73,20.8,42.8,19392.84,35241.61
2021-01-28,3.0,0.58325,0.7,-9.2,-3.3,945.6,0.0,0.0,0.0,22.5,47.2,31329.15,35371.92
2021-01-29,1.0,0.499875,5.4,-8.7,-1.6,941.8,0.2,0.0,0.14,10.1,33.1,25442.05,35505.11
2021-01-30,0.667,0.249875,7.1,-1.2,1.7,936.3,11.3,4.0,5.11,24.0,47.9,19809.8,35641.35
2021-01-31,0.667,0.16675,9.5,-1.5,3.0,937.6,0.3,0.3,0.0,14.2,34.2,20288.13,35780.44
2021-02-01,2.0,1.25,13.2,1.5,6.5,936.0,3.3,3.3,0.0,10.9,22.3,33774.75,35922.2
2021-02-02,4.0,2.8335,11.7,2.5,6.6,945.2,0.1,0.1,0.0,7.7,19.8,33009.7,36066.42
2021-02-03,4.0,2.458375,13.4,0.5,6.1,950.1,0.0,0.0,0.0,9.0,21.2,34647.09,36212.92
2021-02-04,3.0,1.666625,15.2,1.8,7.3,950.3,0.0,0.0,0.0,14.9,31.3,33977.46,36361.5
2021-02-05,2.667,1.291875,13.9,3.6,8.0,953.2,0.0,0.0,0.0,10.6,24.1,34613.22,36511.99
2021-02-06,3.333,1.374875,17.4,2.2,8.6,949.4,0.0,0.0,0.0,10.2,19.1,34636.05,36664.2
2021-02-07,4.667,3.000125,13.9,2.7,7.1,945.8,0.0,0.0,0.0,13.2,28.1,22637.62,36817.97
2021-02-08,3.0,1.375,12.8,4.0,7.2,936.9,1.5,1.5,0.0,15.2,36.0,21747.43,36973.11
2021-02-09,2.0,0.83325,15.0,0.9,8.2,940.9,0.1,0.1,0.0,13.0,28.4,29094.09,37129.45
2021-02-10,1.0,0.45837500000000003,14.4,2.6,8.2,943.1,0.0,0.0,0.0,10.2,24.8,28800.0,37286.84
2021-02-11,1.0,0.375,13.0,-2.6,5.0,940.8,5.4,3.4,1.4,27.7,55.4,13203.75,37445.11
2021-02-12,2.667,1.124875,-1.8,-7.0,-4.7,954.6,0.0,0.0,0.0,25.4,50.8,35535.24,37604.11
2021-02-13,4.333,2.45825,-2.5,-8.6,-6.7,959.9,3.3,0.0,2.31,14.2,27.4,19020.94,37763.67
2021-02-14,2.0,0.91675,-5.9,-11.4,-7.8,960.6,8.0,0.1,5.53,12.1,27.0,1001.78,37923.65
2021-02-15,2.667,1.000125,-2.3,-17.3,-9.6,962.3,0.3,0.0,0.21,15.1,27.7,36963.35,38083.9
2021-02-16,4.0,2.375,-1.1,-14.2,-7.4,959.3,0.0,0.0,0.0,11.0,20.9,36102.98,38244.26
2021-02-17,2.333,1.83325,2.5,-12.8,-5.0,954.5,0.0,0.0,0.0,7.2,14.4,31697.92,38404.75
2021-02-18,2.0,0.958375,6.6,-0.0,3.0,953.5,0.1,0.1,0.0,25.0,51.1,30649.79,38566.73
2021-02-19,4.0,2.7083749999999998,8.4,-1.4,2.8,959.0,0.0,0.0,0.0,12.8,23.8,34440.21,38730.47
2021-02-20,4.333,3.5,5.2,-2.2,1.2,959.6,3.0,3.0,0.0,9.2,20.9,6202.56,38895.8
2021-02-21,4.333,3.333375,6.7,-0.4,2.9,963.4,0.0,0.0,0.0,8.1,24.5,35411.63,39062.57
2021-02-22,4.0,3.166625,12.3,-2.1,4.6,963.5,0.0,0.0,0.0,9.4,16.9,38531.13,39230.63
2021-02-23,3.667,2.5,16.9,1.0,7.0,964.5,0.0,0.0,0.0,12.3,24.8,38624.71,39399.85
2021-02-24,4.333,3.29175,13.9,0.3,5.7,967.3,0.0,0.0,0.0,13.3,22.3,38719.48,39570.06
2021-02-25,4.0,2.7085,15.3,1.2,7.4,967.2,0.0,0.0,0.0,10.6,15.1,38815.33,39741.15
2021-02-26,3.0,2.2498750000000003,15.1,3.8,8.4,962.2,0.0,0.0,0.0,5.5,17.6,38912.12,39912.96
2021-02-27,1.667,0.9167500000000001,17.1,2.4,8.7,956.4,0.0,0.0,0.0,14.4,27.4,39009.74,40085.36
2021-02-28,2.667,1.20825,9.6,1.6,5.2,962.3,0.0,0.0,0.0,12.2,24.8,37343.2,40258.23
2021-03-01,5.667,3.375,9.4,-2.6,2.1,961.9,0.0,0.0,0.0,16.3,33.5,39100.88,40431.41
2021-03-02,5.0,3.1248750000000003,10.3,-2.8,2.9,965.4,0.0,0.0,0.0,9.9,24.1,39306.47,40604.79
2021-03-03,4.667,3.208375,13.5,-1.8,4.7,963.7,0.0,0.0,0.0,9.7,21.2,39406.27,40778.24
2021-03-04,3.667,2.000125,17.1,1.2,7.1,956.6,0.0,0.0,0.0,9.2,20.5,39506.33,40951.63
2021-03-05,2.0,1.25,16.0,2.7,8.0,950.1,0.0,0.0,0.0,9.7,23.0,39600.0,41124.83
2021-03-06,4.333,2.833125,6.6,-3.2,3.2,956.3,0.0,0.0,0.0,19.9,38.9,25672.84,41297.73
2021-03-07,3.667,1.791875,6.7,-5.7,-0.7,958.6,0.0,0.0,0.0,12.2,24.1,39600.0,41470.18
2021-03-08,3.0,1.08325,12.0,-4.2,2.6,950.3,0.0,0.0,0.0,19.4,41.8,39600.0,41642.08
2021-03-09,1.333,0.583375,7.2,-1.1,2.4,951.4,1.5,1.4,0.07,6.2,13.7,19857.57,41813.43
2021-03-10,1.333,0.2915,3.6,0.0,1.5,947.4,15.8,11.4,3.08,16.6,32.4,0.0,41985.51
2021-03-11,2.667,0.708375,2.7,-3.3,-0.2,953.4,0.5,0.0,0.42,7.6,18.0,16244.25,42158.55
2021-03-12,3.333,2.5416250000000002,11.7,-5.0,2.2,952.4,0.0,0.0,0.0,14.2,32.0,39600.0,42332.44
2021-03-13,4.333,3.000125,14.4,-0.9,5.8,949.6,0.0,0.0,0.0,16.0,33.8,37166.28,42507.07
2021-03-14,5.0,3.58325,15.3,0.1,6.8,945.7,0.0,0.0,0.0,13.8,25.6,39725.08,42682.33
2021-03-15,2.667,1.666625,9.7,1.4,5.1,935.8,6.5,6.5,0.0,20.7,48.2,12090.53,42858.11
2021-03-16,1.0,0.500125,2.9,1.8,2.3,935.8,8.0,2.2,4.06,30.1,58.7,0.0,43034.28
2021-03-17,2.667,1.041625,2.9,1.2,2.0,939.9,4.8,1.5,2.31,28.4,56.2,0.0,43210.74
2021-03-18,2.0,1.125,5.4,-3.1,2.2,945.6,1.6,0.7,0.63,21.1,42.1,19434.09,43387.37
2021-03-19,2.333,1.291625,6.8,-3.1,1.8,947.7,1.3,0.0,0.91,10.6,25.2,33488.95,43564.07
2021-03-20,5.667,3.7501249999999997,6.3,-0.5,1.9,950.3,5.4,3.6,1.26,14.5,30.6,15617.32,43740.73
2021-03-21,4.667,3.3751249999999997,3.0,0.6,1.6,946.8,10.5,4.0,4.55,21.3,42.5,0.0,43917.22
2021-03-22,2.667,1.70825,1.9,-1.0,0.5,939.2,9.9,0.2,6.79,10.7,23.0,1189.1,44093.44
2021-03-23,3.333,2.33325,4.4,-1.2,1.2,946.7,1.2,0.0,0.84,16.0,29.5,34179.01,44269.29
2021-03-24,3.333,2.125,2.0,-4.9,0.0,948.8,3.2,0.0,2.24,16.2,42.8,29965.27,44444.64
2021-03-25,5.0,2.708375,5.7,-5.4,0.0,953.2,0.0,0.0,0.0,11.8,24.5,35732.97,44619.39
2021-03-26,3.333,2.20825,10.2,-3.9,2.4,956.9,0.0,0.0,0.0,12.8,30.2,42897.65,44793.4
2021-03-27,4.0,1.166625,14.0,0.8,6.3,959.7,0.0,0.0,0.0,8.2,20.2,43125.37,44966.58
2021-03-28,3.333,1.08325,14.4,3.2,8.0,962.5,0.1,0.1,0.0,18.7,38.2,43041.53,45138.81
2021-03-29,1.667,0.666625,13.4,0.1,7.0,964.2,0.0,0.0,0.0,14.1,31.7,41707.55,45310.09
2021-03-30,2.0,0.708375,13.4,0.4,6.9,962.6,0.0,0.0,0.0,11.2,23.8,44127.74,45481.6
2021-03-31,3.0,2.125,11.8,2.2,7.2,960.0,0.0,0.0,0.0,13.2,32.0,41853.8,45653.58
2021-04-01,3.0,1.70825,15.4,4.6,8.9,953.3,0.0,0.0,0.0,10.2,22.7,39056.51,45825.93
2021-04-02,3.0,1.208375,17.7,5.0,10.8,948.3,0.3,0.3,0.0,21.9,44.6,44169.89,45998.54
2021-04-03,1.333,0.875,15.7,6.9,10.2,946.1,14.4,14.4,0.0,14.0,42.8,30516.76,46171.3
2021-04-04,1.0,0.583375,6.5,1.8,4.4,948.6,12.9,12.8,0.07,10.2,20.5,0.0,46344.12
2021-04-05,2.333,0.916625,9.4,0.6,4.2,948.4,0.9,0.9,0.0,13.5,28.8,44914.49,46516.88
2021-04-06,1.0,0.375,15.9,-0.6,6.8,939.1,1.7,1.7,0.0,15.2,34.2,46143.35,46689.47
2021-04-07,4.333,2.833375,7.2,0.0,2.8,941.4,6.2,0.4,4.06,19.9,39.6,1807.2,46861.78
2021-04-08,1.667,0.875125,6.4,-1.2,2.3,953.8,0.5,0.0,0.35,13.5,32.4,38116.83,47033.71
2021-04-09,2.0,0.58325,8.7,-3.6,2.2,960.9,0.1,0.0,0.07,11.2,21.6,46626.37,47205.12
2021-04-10,2.0,0.9167500000000001,13.6,-1.0,4.6,958.6,0.0,0.0,0.0,12.4,20.5,46694.61,47375.92
2021-04-11,2.333,1.4585000000000001,15.9,1.0,6.9,957.3,0.0,0.0,0.0,12.0,18.4,46762.79,47545.98
2021-04-12,2.0,1.083375,19.4,0.8,9.8,955.3,0.0,0.0,0.0,11.8,20.5,46800.0,47715.18
2021-04-13,2.0,1.20825,12.8,6.4,9.8,950.9,7.5,7.5,0.0,10.1,21.2,1793.77,47883.4
2021-04-14,3.0,1.375125,9.7,1.7,6.7,949.2,6.4,6.4,0.0,19.7,42.5,41098.68,48050.51
2021-04-15,4.667,2.291625,8.9,1.3,4.4,952.9,0.0,0.0,0.0,17.0,37.4,44563.94,48216.4
2021-04-16,5.0,3.1248750000000003,10.2,-2.5,4.1,953.4,0.0,0.0,0.0,12.2,30.6,39600.0,48380.92
2021-04-17,4.667,4.000125,6.9,3.2,5.0,950.8,8.6,8.6,0.0,16.4,34.2,0.0,48543.95
2021-04-18,3.667,3.166625,9.8,3.9,6.6,948.5,2.1,2.1,0.0,13.9,26.6,13391.59,48705.47
2021-04-19,3.667,3.20825,8.0,3.6,5.8,947.9,6.4,6.4,0.0,14.6,40.3,3049.55,48866.62
2021-04-20,3.333,2.625,11.9,3.3,7.2,947.2,0.5,0.5,0.0,16.6,34.9,40566.96,49027.62
2021-04-21,2.333,1.54175,13.8,3.7,8.4,951.6,0.7,0.7,0.0,12.3,28.8,46800.0,49188.36
2021-04-22,2.0,1.12475,17.6,4.7,10.7,954.4,0.7,0.7,0.0,8.1,22.0,38428.38,49348.73
2021-04-23,4.333,2.54175,13.8,7.3,10.1,954.7,2.9,2.9,0.0,15.8,32.8,17413.76,49508.6
2021-04-24,2.667,1.91675,14.1,1.8,8.0,955.9,0.0,0.0,0.0,9.7,19.4,46674.09,49667.86
2021-04-25,5.0,3.000125,16.5,1.8,9.2,952.5,0.0,0.0,0.0,9.4,17.6,46800.0,49826.39
2021-04-26,4.333,2.125125,18.9,2.7,10.8,950.9,0.0,0.0,0.0,10.4,25.2,39600.0,49984.05
2021-04-27,3.0,1.374875,17.9,7.9,12.3,947.0,2.6,2.6,0.0,11.2,27.4,28344.4,50140.73
2021-04-28,1.0,0.416625,19.3,8.0,12.4,946.7,1.8,1.8,0.0,19.2,40.7,38227.6,50296.28
2021-04-29,1.333,1.0415,20.5,8.3,13.9,948.9,0.1,0.1,0.0,13.0,25.9,46800.0,50450.59
2021-04-30,2.667,1.166625,24.4,9.9,16.6,950.1,0.3,0.3,0.0,10.9,35.3,46800.0,50603.5
2021-05-01,2.0,1.1665,27.7,12.2,19.4,949.6,0.1,0.1,0.0,10.4,28.8,41414.75,50754.89
2021-05-02,3.0,1.958375,28.0,13.8,20.4,946.5,0.0,0.0,0.0,15.2,38.9,46800.0,50904.59
2021-05-03,2.0,1.208375,20.3,9.5,15.5,951.1,0.0,0.0,0.0,18.2,38.2,46800.0,51052.49
2021-05-04,1.333,0.791625,20.4,8.5,14.2,952.7,0.0,0.0,0.0,9.3,28.4,46980.28,51198.41
2021-05-05,0.667,0.249875,21.5,10.2,15.0,946.7,3.9,3.9,0.0,10.5,35.3,37916.54,51342.21
2021-05-06,1.333,0.666625,20.8,9.1,15.3,948.8,0.4,0.4,0.0,14.5,32.0,47911.46,51483.74
2021-05-07,1.0,0.541625,24.4,8.8,16.6,948.0,0.0,0.0,0.0,10.1,23.8,46679.16,51622.83
2021-05-08,1.333,0.624875,16.3,7.1,12.6,951.7,0.0,0.0,0.0,23.0,45.7,45163.55,51759.43
2021-05-09,1.333,0.583125,18.5,3.0,11.3,958.2,0.0,0.0,0.0,16.6,36.4,48584.06,51894.59
2021-05-10,2.0,1.624875,21.7,6.7,13.8,957.0,0.0,0.0,0.0,14.5,34.2,48527.0,52028.5
2021-05-11,1.667,0.5415,23.8,6.7,15.6,952.2,0.0,0.0,0.0,13.8,31.0,48808.04,52161.05
2021-05-12,7.0,3.625,21.2,9.0,15.0,945.6,8.2,8.2,0.0,13.2,31.7,40912.47,52292.1
2021-05-13,2.0,1.625,20.6,11.3,14.7,942.9,3.8,3.8,0.0,11.3,36.4,47894.2,52421.53
2021-05-14,2.0,0.791625,20.0,8.7,14.4,945.9,0.5,0.5,0.0,14.9,41.4,47629.15,52549.21
2021-05-15,3.333,1.58325,19.1,8.8,13.8,946.3,4.5,4.5,0.0,12.0,27.7,27872.73,52675.0
2021-05-16,1.667,0.875125,19.0,10.0,13.9,944.7,4.0,4.0,0.0,16.1,40.3,39600.0,52798.78
2021-05-17,2.0,1.375,17.6,9.6,13.9,944.3,3.9,3.9,0.0,7.2,37.8,25996.61,52920.41
2021-05-18,3.667,1.875125,18.2,10.5,13.7,946.4,2.2,2.2,0.0,23.6,52.2,48450.19,53039.74
2021-05-19,2.333,1.208375,22.4,8.9,15.3,947.0,0.3,0.3,0.0,8.8,29.5,48827.66,53156.64
2021-05-20,5.333,3.4998750000000003,16.2,9.4,12.8,944.4,6.5,6.5,0.0,15.5,30.6,31979.4,53270.96
2021-05-21,2.333,1.41675,17.2,8.3,12.1,951.3,1.2,1.2,0.0,15.1,35.3,47488.89,53382.56
2021-05-22,2.0,1.083375,23.2,7.3,15.6,953.4,0.0,0.0,0.0,8.9,23.8,50342.15,53491.28
2021-05-23,1.333,0.75,26.9,10.9,18.8,952.6,0.0,0.0,0.0,9.4,24.1,51722.47,53596.98
2021-05-24,1.333,0.4165,25.4,12.6,19.1,956.5,0.0,0.0,0.0,11.9,25.2,47200.65,53699.49
2021-05-25,1.333,0.5415,24.9,14.7,19.4,954.7,0.4,0.4,0.0,18.9,40.0,50578.14,53798.69
2021-05-26,4.667,2.125125,23.9,14.9,18.2,952.7,4.4,4.4,0.0,13.2,28.1,43200.0,53894.39
2021-05-27,4.333,2.70825,22.6,14.0,18.1,949.9,8.4,8.4,0.0,14.8,33.8,40608.41,53986.45
2021-05-28,0.667,0.33325000000000005,17.5,11.0,14.5,949.8,5.6,5.6,0.0,18.6,40.0,35257.83,54074.79
2021-05-29,2.333,1.291625,20.2,10.6,15.2,951.8,0.0,0.0,0.0,15.8,30.6,52065.19,54160.14
2021-05-30,2.333,1.208375,18.6,10.6,13.9,951.5,5.1,5.1,0.0,16.3,30.6,24049.67,54242.62
2021-05-31,0.667,0.41675,16.4,9.4,11.9,949.8,7.4,7.4,0.0,17.1,34.9,33675.09,54322.16
2021-06-01,1.0,0.166625,13.0,8.0,10.3,948.9,2.2,2.2,0.0,21.3,43.2,25715.87,54398.67
2021-06-02,2.667,1.0414999999999999,17.2,8.4,13.0,953.6,0.3,0.3,0.0,16.8,35.6,47377.19,54472.08
2021-06-03,2.333,1.333375,19.6,7.7,14.0,956.6,0.0,0.0,0.0,16.8,35.6,50553.05,54542.28
2021-06-04,1.333,0.999875,19.5,9.5,15.0,958.8,0.0,0.0,0.0,8.3,20.5,52310.6,54609.19
2021-06-05,2.0,0.833125,23.2,11.5,17.2,957.0,0.0,0.0,0.0,7.6,22.7,53728.15,54672.75
2021-06-06,2.0,0.83325,24.3,13.2,18.9,953.1,0.3,0.3,0.0,13.1,34.2,48390.52,54732.85
2021-06-07,3.667,2.375,20.4,12.6,17.2,952.6,1.2,1.2,0.0,9.0,21.6,36802.88,54789.42
2021-06-08,2.0,1.166875,22.0,12.2,17.3,951.7,1.4,1.4,0.0,7.2,25.6,53317.94,54842.39
2021-06-09,1.333,0.6665,23.0,9.7,17.7,950.7,0.0,0.0,0.0,8.9,20.9,53880.78,54891.64
2021-06-10,2.0,0.999875,22.5,11.4,17.4,950.1,5.3,5.3,0.0,11.7,26.6,49874.46,54937.13
2021-06-11,2.667,2.0416250000000002,19.9,11.9,16.8,950.5,1.3,1.3,0.0,10.2,24.8,46968.98,54978.76
2021-06-12,3.667,2.124875,20.5,12.0,16.2,951.5,0.4,0.4,0.0,11.3,28.8,42493.54,55016.46
2021-06-13,3.0,1.041625,20.7,10.9,15.6,950.9,6.0,6.0,0.0,24.1,47.9,45701.25,55050.14
2021-06-14,1.667,0.833375,17.3,10.2,13.9,950.6,7.1,7.1,0.0,16.0,36.7,49682.44,55079.75
2021-06-15,5.0,2.750125,18.4,9.1,14.1,950.9,0.0,0.0,0.0,20.7,42.1,49133.64,55105.19
2021-06-16,4.0,2.70825,23.1,13.7,18.0,950.3,1.2,1.2,0.0,15.9,32.4,53028.8,55126.4
2021-06-17,2.333,1.375,24.0,14.4,19.2,953.8,1.4,1.4,0.0,10.5,27.7,53713.23,55143.33
2021-06-18,2.333,1.625,23.4,12.8,18.2,952.9,0.6,0.6,0.0,8.9,24.5,24585.88,55156.08
2021-06-19,1.333,0.75,23.0,15.9,18.6,950.3,11.0,11.0,0.0,13.4,31.3,45362.73,55164.69
2021-06-20,2.667,0.83325,22.9,15.5,18.7,949.7,0.9,0.9,0.0,11.2,26.6,52734.44,55169.21
2021-06-21,1.333,0.75,26.4,14.9,20.8,949.0,0.0,0.0,0.0,7.6,28.8,52235.01,55169.65
2021-06-22,2.333,1.4165,28.0,16.4,22.3,950.2,1.5,1.5,0.0,8.0,24.8,50246.36,55166.06
2021-06-23,2.333,0.75,30.4,19.8,25.1,953.0,0.2,0.2,0.0,15.8,32.8,54000.0,55158.44
2021-06-24,2.333,1.041625,32.8,18.3,25.9,954.9,0.0,0.0,0.0,12.1,27.7,54000.0,55146.86
2021-06-25,3.0,1.33325,32.5,21.1,26.8,953.1,0.2,0.2,0.0,12.0,31.7,54000.0,55131.33
2021-06-26,1.333,0.708125,30.9,19.4,25.4,951.2,0.1,0.1,0.0,13.3,36.4,54000.0,55111.9
2021-06-27,1.0,0.666625,26.8,16.3,22.1,952.2,0.0,0.0,0.0,14.5,31.3,54000.0,55088.61
2021-06-28,1.0,0.625,29.0,14.4,22.4,954.1,0.0,0.0,0.0,9.4,21.6,54000.0,55061.49
2021-06-29,2.333,1.125,31.6,17.9,24.3,952.7,0.0,0.0,0.0,7.8,18.7,54000.0,55030.6
2021-06-30,4.0,2.5,33.7,19.2,25.5,950.5,0.1,0.1,0.0,11.8,26.3,52406.57,54995.99
2021-07-01,3.0,1.16675,30.7,19.2,24.3,947.9,1.4,1.4,0.0,12.1,30.2,53159.17,54957.68
2021-07-02,1.667,1.125,24.0,17.2,20.6,948.6,1.4,1.4,0.0,14.5,36.0,53812.06,54915.74
2021-07-03,2.0,0.833375,22.5,14.9,18.8,949.7,0.5,0.5,0.0,21.0,44.3,54000.0,54870.22
2021-07-04,1.333,0.5415,25.8,13.2,19.8,949.1,0.0,0.0,0.0,19.1,40.7,54000.0,54821.15
2021-07-05,2.667,1.791625,27.1,16.7,21.5,946.9,0.2,0.2,0.0,9.6,27.7,53931.07,54768.6
2021-07-06,2.667,1.625,29.1,16.7,22.9,949.3,0.0,0.0,0.0,11.3,24.8,53970.28,54712.63
2021-07-07,2.0,1.25,30.2,16.3,23.6,952.6,0.0,0.0,0.0,10.0,24.1,53932.73,54653.21
2021-07-08,1.667,0.875,29.2,19.1,23.9,956.3,0.7,0.7,0.0,10.5,25.9,53893.64,54589.8
2021-07-09,1.667,1.0,29.4,16.8,23.3,955.9,0.0,0.0,0.0,11.8,31.3,53852.71,54522.34
2021-07-10,2.667,1.374875,28.7,16.4,23.1,952.8,0.0,0.0,0.0,12.8,30.6,53810.07,54450.99
2021-07-11,1.333,0.708125,29.9,14.3,22.6,950.8,0.0,0.0,0.0,16.3,34.2,53737.56,54375.87
2021-07-12,2.667,1.541625,29.9,16.3,23.5,951.2,0.0,0.0,0.0,8.7,23.0,53659.71,54297.11
2021-07-13,2.333,1.0,31.5,18.0,24.8,951.3,0.0,0.0,0.0,8.8,19.8,53578.4,54214.85
2021-07-14,4.333,2.375,33.2,17.2,25.6,951.2,0.0,0.0,0.0,12.1,27.0,53493.76,54129.23
2021-07-15,2.667,2.1666250000000002,33.5,19.5,26.6,950.0,0.0,0.0,0.0,12.9,25.9,53156.47,54040.38
2021-07-16,1.667,0.833375,32.2,19.8,26.1,947.7,0.0,0.0,0.0,17.6,37.1,52417.98,53948.43
2021-07-17,1.667,0.791625,31.6,17.7,24.9,945.5,0.0,0.0,0.0,16.7,38.2,52664.58,53853.51
2021-07-18,2.0,0.833125,31.0,19.1,25.0,943.8,0.1,0.1,0.0,19.3,50.0,48349.42,53755.77
2021-07-19,2.667,1.750125,29.0,16.6,22.8,944.9,7.3,7.3,0.0,14.2,35.3,48178.73,53655.31
2021-07-20,3.333,2.249875,25.9,17.0,21.6,947.8,0.1,0.1,0.0,17.1,36.4,52033.43,53552.29
2021-07-21,2.333,1.416625,24.8,17.1,20.6,952.5,0.0,0.0,0.0,25.7,53.3,52004.91,53446.81
2021-07-22,3.333,1.791625,24.6,14.5,19.3,954.1,0.2,0.2,0.0,9.4,24.8,51445.77,53339.01
2021-07-23,1.333,0.583375,25.5,13.1,20.1,952.7,0.0,0.0,0.0,10.4,25.2,49762.83,53229.01
2021-07-24,1.333,0.666625,25.5,16.0,21.1,952.5,0.1,0.1,0.0,9.5,24.1,50835.64,53116.93
2021-07-25,1.0,0.458125,28.6,13.5,21.8,953.7,0.0,0.0,0.0,8.7,22.7,51531.05,53002.89
2021-07-26,1.0,0.708375,32.2,14.9,23.6,955.1,0.0,0.0,0.0,9.0,19.1,50234.85,52887.01
2021-07-27,2.667,1.0,33.7,18.3,26.3,956.1,0.0,0.0,0.0,9.7,18.0,50621.38,52769.3
2021-07-28,3.667,2.6251249999999997,34.7,20.5,27.8,955.0,0.0,0.0,0.0,17.9,34.9,47960.86,52648.79
2021-07-29,3.0,1.9165,35.6,19.5,28.4,952.4,0.0,0.0,0.0,9.7,22.3,50372.78,52525.35
2021-07-30,2.333,1.54175,35.0,21.7,27.9,949.6,0.0,0.0,0.0,12.5,28.4,50082.45,52399.15
2021-07-31,2.333,1.45825,33.9,21.6,27.4,948.4,0.1,0.1,0.0,11.2,25.6,48777.5,52270.34
2021-08-01,1.333,0.75,36.0,19.7,27.8,949.6,0.0,0.0,0.0,9.2,23.0,49171.23,52139.09
2021-08-02,4.667,2.3333749999999998,37.5,19.1,28.2,948.3,0.0,0.0,0.0,18.7,42.5,48888.65,52005.55
2021-08-03,3.667,1.95825,32.0,19.9,25.5,952.5,0.0,0.0,0.0,13.9,29.2,45495.13,51869.88
2021-08-04,2.0,1.0415,33.9,19.9,26.8,952.3,0.0,0.0,0.0,15.5,36.4,47996.96,51732.23
2021-08-05,1.0,0.291625,38.1,18.7,27.7,947.6,0.0,0.0,0.0,14.8,34.2,44048.31,51592.73
2021-08-06,2.667,1.625,27.8,18.7,23.4,944.0,1.8,1.8,0.0,19.7,45.7,47401.46,51451.54
2021-08-07,2.667,2.375,28.4,15.1,21.7,949.2,0.0,0.0,0.0,9.5,23.8,47516.69,51308.8
2021-08-08,2.333,0.9998750000000001,32.4,16.3,24.1,952.6,0.0,0.0,0.0,9.0,21.2,47249.71,51164.64
2021-08-09,1.667,0.875,34.0,19.0,26.1,954.9,0.0,0.0,0.0,19.2,40.7,46984.88,51019.21
2021-08-10,2.333,1.58325,34.0,21.1,27.1,954.8,0.0,0.0,0.0,15.5,34.6,46884.71,50872.62
2021-08-11,2.333,1.2081250000000001,31.9,19.2,25.8,953.0,0.0,0.0,0.0,13.0,30.2,46800.0,50725.02
2021-08-12,1.667,0.833375,30.3,17.8,24.9,955.5,0.0,0.0,0.0,9.9,18.7,46800.0,50576.53
2021-08-13,2.333,1.20825,28.8,16.5,23.0,958.5,0.2,0.2,0.0,12.2,27.4,46800.0,50427.27
2021-08-14,1.333,0.708375,29.1,15.8,22.9,958.4,0.0,0.0,0.0,10.5,26.6,46800.0,50277.37
2021-08-15,3.333,2.041625,30.7,17.0,23.8,955.2,0.0,0.0,0.0,7.6,24.8,46800.0,50126.94
2021-08-16,3.0,1.75,32.2,16.1,24.2,952.1,0.0,0.0,0.0,10.2,22.3,46800.0,49975.99
2021-08-17,2.333,1.166625,33.5,16.8,24.7,949.2,0.0,0.0,0.0,15.1,42.1,46800.0,49823.42
2021-08-18,2.667,1.374875,28.1,16.8,22.3,949.4,0.3,0.3,0.0,16.2,32.0,46800.0,49669.05
2021-08-19,1.333,0.87475,26.4,13.4,19.5,951.3,1.8,1.8,0.0,11.6,27.0,46800.0,49513.01
2021-08-20,2.667,1.416625,27.9,15.3,21.5,952.1,0.0,0.0,0.0,12.5,29.9,46800.0,49355.45
2021-08-21,1.333,0.749875,27.3,15.2,22.0,953.7,0.1,0.1,0.0,8.8,21.6,46800.0,49196.49
2021-08-22,0.667,0.45837500000000003,29.2,16.0,22.2,954.8,0.0,0.0,0.0,11.3,27.4,46800.0,49036.28
2021-08-23,1.0,0.37475,29.2,15.5,22.6,953.5,0.0,0.0,0.0,14.0,32.4,46800.0,48874.92
2021-08-24,2.333,0.95825,29.9,15.5,23.1,951.8,0.0,0.0,0.0,14.0,27.7,46800.0,48712.55
2021-08-25,3.333,1.7915,28.8,17.3,21.7,950.2,4.6,4.6,0.0,15.5,33.5,41153.6,48549.29
2021-08-26,2.0,1.250125,23.6,14.8,18.6,948.6,1.5,1.5,0.0,8.7,39.6,23530.61,48385.25
2021-08-27,4.333,3.25,27.0,15.5,20.6,947.1,2.8,2.8,0.0,11.0,31.3,46717.88,48220.55
2021-08-28,5.0,2.4165,25.0,15.8,19.7,948.6,0.7,0.7,0.0,12.2,29.9,43200.0,48055.31
2021-08-29,3.667,1.7085,22.6,16.6,19.3,945.2,11.1,11.1,0.0,11.8,27.7,42132.32,47889.64
2021-08-30,2.667,1.666625,22.6,11.8,17.0,949.1,0.2,0.2,0.0,16.1,34.9,46766.58,47723.65
2021-08-31,2.667,1.45825,25.2,12.3,18.4,951.7,0.0,0.0,0.0,9.7,23.0,46665.24,47557.44
2021-09-01,1.667,1.125,22.3,12.8,17.2,953.1,0.0,0.0,0.0,22.1,45.0,46563.73,47391.13
2021-09-02,1.333,0.791625,21.8,12.3,16.3,955.9,0.0,0.0,0.0,18.0,38.5,46462.14,47224.82
2021-09-03,2.333,1.7081250000000001,22.8,10.2,16.2,956.4,0.0,0.0,0.0,10.1,24.8,43200.0,47058.61
2021-09-04,2.0,1.12525,23.9,12.2,17.5,952.9,0.0,0.0,0.0,12.6,30.2,46259.1,46892.6
2021-09-05,2.333,1.45825,22.8,12.8,17.6,954.0,0.0,0.0,0.0,11.2,27.0,46118.6,46726.78
2021-09-06,2.667,1.458375,20.8,11.2,16.2,958.1,0.1,0.1,0.0,14.9,36.7,45788.11,46560.05
2021-09-07,3.667,1.7918749999999999,21.2,9.3,14.9,959.8,0.0,0.0,0.0,14.9,34.9,45772.83,46392.21
2021-09-08,4.0,2.6666250000000002,20.4,11.1,15.7,958.6,0.0,0.0,0.0,15.0,33.5,35037.79,46223.35
2021-09-09,1.667,1.041875,20.1,12.6,16.0,956.1,0.0,0.0,0.0,16.4,40.0,37145.9,46053.6
2021-09-10,3.333,1.708375,23.2,13.7,18.0,954.6,0.0,0.0,0.0,11.4,25.6,43639.8,45883.08
2021-09-11,3.333,1.5,25.2,11.2,17.6,953.3,0.0,0.0,0.0,10.3,24.5,44778.54,45711.88
2021-09-12,2.0,1.416625,25.5,12.5,19.0,951.6,0.0,0.0,0.0,8.8,23.8,42747.89,45540.11
2021-09-13,3.0,1.91675,26.2,10.7,19.3,951.6,0.0,0.0,0.0,10.0,22.3,43816.7,45367.89
2021-09-14,2.333,1.375,26.9,11.9,19.8,953.3,0.0,0.0,0.0,9.4,16.9,43180.61,45195.3
2021-09-15,2.0,1.29175,26.1,15.1,20.3,954.6,0.0,0.0,0.0,13.4,30.2,41238.74,45022.47
2021-09-16,1.333,0.666625,28.7,15.4,21.0,954.1,0.0,0.0,0.0,9.3,19.8,42847.04,44849.48
2021-09-17,5.333,3.25,29.6,17.6,22.9,950.9,0.0,0.0,0.0,16.8,34.2,29249.0,44676.44
2021-09-18,3.333,1.791625,21.7,14.2,18.3,949.0,2.7,2.7,0.0,19.6,45.4,35518.27,44503.46
2021-09-19,1.333,0.33325,23.4,11.9,17.0,950.1,1.8,1.8,0.0,16.2,40.7,41064.36,44330.63
2021-09-20,1.333,0.583125,26.8,12.3,18.9,949.1,0.3,0.3,0.0,18.0,39.2,39738.41,44158.05
2021-09-21,3.0,1.45825,19.2,10.6,14.6,956.2,0.4,0.4,0.0,18.7,36.4,39307.01,43985.83
2021-09-22,4.0,2.29175,13.2,7.0,10.5,955.9,1.4,1.4,0.0,17.1,36.4,12936.79,43814.06
2021-09-23,3.667,1.958375,16.0,6.9,10.7,954.9,0.0,0.0,0.0,18.8,40.0,40257.28,43642.84
2021-09-24,3.333,1.66675,22.0,4.1,12.4,953.1,0.0,0.0,0.0,19.4,40.7,38731.02,43472.28
2021-09-25,2.333,1.54175,24.4,8.9,17.2,956.0,0.0,0.0,0.0,12.8,29.5,41262.74,43302.35
2021-09-26,0.667,0.20825000000000002,26.6,13.1,18.7,957.4,0.0,0.0,0.0,9.4,16.6,40983.67,43131.9
2021-09-27,2.333,1.58325,27.2,14.0,18.8,954.0,0.0,0.0,0.0,14.0,29.9,40704.63,42960.71
2021-09-28,3.0,2.20825,20.8,13.6,16.4,953.8,2.1,2.1,0.0,10.4,24.5,36349.05,42788.89
2021-09-29,2.0,1.041625,17.2,11.7,14.3,957.0,0.3,0.3,0.0,16.7,35.3,38065.19,42616.55
2021-09-30,4.0,1.5,18.0,11.2,13.7,959.1,0.0,0.0,0.0,14.7,33.8,32205.12,42443.8
2021-10-01,3.667,2.45825,16.3,9.0,12.1,960.3,0.1,0.1,0.0,12.5,28.8,35830.51,42270.75
2021-10-02,4.0,1.375,17.7,5.0,10.6,958.2,0.0,0.0,0.0,13.4,27.4,40250.47,42097.51
2021-10-03,2.0,1.333375,19.9,4.7,11.3,958.2,0.0,0.0,0.0,11.3,23.0,40268.54,41924.2
2021-10-04,2.667,1.04175,21.4,6.7,12.6,958.3,0.0,0.0,0.0,10.0,18.0,39883.2,41750.93
2021-10-05,2.667,0.9998750000000001,21.2,5.5,12.5,957.8,0.0,0.0,0.0,17.6,36.7,39813.1,41577.8
2021-10-06,3.0,1.958375,17.1,8.1,12.0,957.8,0.0,0.0,0.0,18.2,40.7,39266.67,41404.94
2021-10-07,1.333,0.625,13.6,9.7,11.2,955.7,1.6,1.6,0.0,22.7,47.5,1662.96,41232.45
2021-10-08,2.0,0.749875,10.8,6.3,9.1,956.1,25.6,25.6,0.0,17.7,36.7,0.0,41060.47
2021-10-09,1.667,1.000125,8.8,5.3,6.5,957.5,16.3,16.3,0.0,11.3,26.6,0.0,40889.08
2021-10-10,4.667,2.041625,10.8,6.7,8.9,957.0,7.3,7.3,0.0,22.6,44.6,1540.84,40718.43
2021-10-11,3.667,2.791625,12.8,9.3,10.4,951.7,7.9,7.9,0.0,19.9,40.0,1791.45,40548.63
2021-10-12,6.333,4.70825,10.1,8.2,9.2,946.9,15.4,15.4,0.0,10.8,21.2,0.0,40379.8
2021-10-13,3.333,1.04175,11.6,5.1,8.4,949.1,0.3,0.3,0.0,15.1,32.0,27722.34,40212.06
2021-10-14,2.333,1.749875,7.6,3.9,5.8,954.6,19.7,19.7,0.0,7.1,12.6,0.0,40045.54
2021-10-15,2.333,1.08325,7.5,3.9,5.8,951.4,5.6,5.6,0.0,11.6,24.5,0.0,39880.23
2021-10-16,3.0,1.20825,11.3,7.2,9.0,948.9,9.4,9.4,0.0,11.2,18.7,599.03,39714.87
2021-10-17,4.0,2.08325,13.6,7.1,9.7,954.8,0.2,0.2,0.0,11.5,20.5,19669.99,39549.2
2021-10-18,3.333,2.0835,14.3,5.0,9.3,957.7,0.2,0.2,0.0,8.0,20.5,36579.86,39383.36
2021-10-19,4.0,2.416625,13.4,4.3,9.1,962.0,0.0,0.0,0.0,10.8,21.2,36630.01,39217.48
2021-10-20,2.333,1.375,15.1,4.3,8.5,961.6,0.0,0.0,0.0,10.0,20.5,36680.02,39051.69
2021-10-21,2.0,1.375125,18.5,2.8,9.9,954.9,0.0,0.0,0.0,11.7,26.3,36729.82,38886.13
2021-10-22,1.667,0.666625,18.2,8.1,12.1,953.5,0.0,0.0,0.0,7.4,17.6,28207.08,38720.93
2021-10-23,1.667,0.5415,17.3,10.7,12.9,955.8,1.1,1.1,0.0,12.4,23.8,27655.06,38556.22
2021-10-24,1.667,0.8335,12.0,2.3,8.1,962.5,2.4,2.4,0.0,14.2,25.9,35136.19,38392.17
2021-10-25,2.333,1.0,11.1,1.0,5.4,963.4,0.0,0.0,0.0,17.1,36.4,36268.49,38228.9
2021-10-26,2.333,1.04175,10.6,0.9,4.8,959.7,0.0,0.0,0.0,14.8,30.6,36000.0,38066.56
2021-10-27,1.0,0.416625,13.2,-0.3,5.7,959.5,0.0,0.0,0.0,9.1,16.6,36030.63,37905.31
2021-10-28,1.333,0.20825,15.1,2.7,6.8,960.1,0.0,0.0,0.0,10.8,24.8,35984.91,37745.29
2021-10-29,1.333,0.291625,14.6,1.5,7.1,958.3,0.0,0.0,0.0,16.6,34.9,35909.45,37586.67
2021-10-30,3.667,1.916875,13.1,2.9,7.3,958.0,0.0,0.0,0.0,17.3,35.6,35833.91,37429.6
2021-10-31,4.0,2.6665,12.5,2.8,7.2,955.5,0.0,0.0,0.0,13.0,26.3,33773.21,37274.24
2021-11-01,3.333,1.875125,13.9,3.7,7.4,950.0,0.0,0.0,0.0,9.8,23.8,35682.78,37120.77
2021-11-02,4.667,3.083375,10.2,3.6,6.6,943.5,6.6,6.6,0.0,12.2,27.4,10901.02,36969.34
2021-11-03,6.333,2.208375,14.8,6.2,9.8,949.1,0.0,0.0,0.0,10.0,22.7,32628.37,36820.14
2021-11-04,7.667,4.9585,20.3,5.4,10.9,951.8,0.0,0.0,0.0,14.4,30.2,35456.66,36673.19
2021-11-05,3.667,2.333375,21.9,7.4,13.2,952.9,0.0,0.0,0.0,13.6,27.0,35381.02,36527.14
2021-11-06,4.0,3.083375,18.0,10.5,13.6,958.6,0.0,0.0,0.0,9.6,19.8,32400.0,36381.74
2021-11-07,4.0,0.833125,18.4,9.7,13.1,958.0,0.2,0.2,0.0,12.3,25.2,12758.22,36237.13
2021-11-08,3.0,1.0,20.4,7.6,12.7,951.9,0.0,0.0,0.0,11.9,22.3,33612.09,36093.48
2021-11-09,2.667,1.4585,12.7,6.7,8.7,959.4,0.7,0.7,0.0,22.0,44.3,16502.39,35950.95
2021-11-10,3.0,1.4165,10.3,3.5,6.4,967.6,0.0,0.0,0.0,17.9,37.4,34235.72,35809.69
2021-11-11,2.0,0.83325,9.5,0.1,4.0,963.1,0.0,0.0,0.0,13.1,24.5,27227.92,35669.89
2021-11-12,1.667,0.5417500000000001,11.4,-0.1,4.5,956.6,0.0,0.0,0.0,11.9,22.3,34330.09,35531.69
2021-11-13,0.667,0.249875,11.9,0.5,5.3,955.0,0.0,0.0,0.0,13.6,18.4,34728.2,35395.28
2021-11-14,1.0,0.583375,10.6,-0.3,4.1,954.6,0.0,0.0,0.0,13.0,18.7,32633.94,35260.83
2021-11-15,4.0,1.416625,10.5,-0.6,5.1,958.1,0.1,0.1,0.0,16.5,32.8,31996.98,35128.53
2021-11-16,4.0,2.5416250000000002,8.9,5.2,6.3,960.6,1.8,1.8,0.0,20.9,42.1,14283.21,34998.54
2021-11-17,3.333,2.5416250000000002,8.9,2.4,5.7,956.9,0.0,0.0,0.0,14.0,28.8,30016.69,34871.08
2021-11-18,2.333,1.1665,10.1,1.6,4.8,958.3,0.0,0.0,0.0,18.4,36.7,28714.93,34746.31
2021-11-19,1.667,1.125,7.8,3.9,5.1,959.3,0.0,0.0,0.0,19.3,37.4,31620.68,34624.44
2021-11-20,3.333,2.1665,11.1,4.4,7.1,956.0,0.0,0.0,0.0,19.2,37.4,32060.05,34505.66
2021-11-21,3.333,2.66675,11.8,1.0,5.3,951.2,0.0,0.0,0.0,11.0,25.2,32927.4,34390.17
2021-11-22,3.0,1.874875,13.5,3.6,7.6,948.7,0.0,0.0,0.0,8.4,20.2,23186.4,34278.17
2021-11-23,3.0,2.125,10.1,6.1,8.1,953.0,1.6,1.6,0.0,8.2,15.8,1575.82,34169.86
2021-11-24,1.667,1.04175,7.2,3.0,5.8,958.3,0.1,0.1,0.0,15.5,30.6,2358.65,34065.33
2021-11-25,2.333,1.04175,7.8,-0.3,3.6,954.7,0.0,0.0,0.0,14.6,30.6,30319.46,33963.43
2021-11-26,1.333,0.499875,6.0,-1.4,1.5,943.2,1.4,1.4,0.0,15.5,29.2,3328.8,33863.96
2021-11-27,3.0,0.75,14.5,2.2,6.4,938.3,0.0,0.0,0.0,15.3,27.7,29582.57,33767.02
2021-11-28,3.333,1.958375,15.2,3.7,8.6,937.2,2.3,2.3,0.0,11.7,25.9,25200.0,33672.77
2021-11-29,3.667,1.5835,9.6,2.2,6.8,932.3,30.0,27.4,1.82,15.6,36.0,147.25,33581.33
2021-11-30,5.333,1.249875,4.3,-7.2,0.2,940.8,14.1,5.9,5.74,27.6,52.9,13853.15,33492.84
2021-12-01,4.0,3.208375,8.6,-9.2,0.7,947.3,0.0,0.0,0.0,10.6,22.7,31712.73,33407.43
2021-12-02,3.0,2.16675,10.0,-1.1,2.8,944.4,0.0,0.0,0.0,11.3,22.0,31695.2,33325.23
2021-12-03,3.333,1.791625,13.0,0.2,5.4,941.5,1.3,1.3,0.0,14.4,29.2,23163.6,33246.39
2021-12-04,3.0,1.583375,5.6,-1.0,3.3,945.4,1.5,1.5,0.0,12.3,22.0,13243.58,33171.04
2021-12-05,3.0,1.749875,8.8,-1.0,3.0,943.3,0.0,0.0,0.0,14.5,29.5,31656.51,33099.33
2021-12-06,2.667,1.666875,10.1,2.6,5.4,940.0,7.6,7.6,0.0,12.3,24.8,11091.82,33031.38
2021-12-07,2.333,0.833125,6.3,-1.4,1.7,938.1,32.0,12.3,13.79,18.8,35.6,0.0,32967.34
2021-12-08,1.667,0.875,1.2,-4.9,-1.4,943.5,3.7,0.0,2.59,19.5,37.4,20258.52,32907.34
2021-12-09,0.667,0.29175,4.4,-7.9,-1.6,944.4,0.0,0.0,0.0,12.5,22.7,30420.3,32851.52
2021-12-10,1.667,0.58325,8.1,2.0,4.2,940.4,14.0,14.0,0.0,10.5,22.3,21600.0,32800.03
2021-12-11,3.333,0.8748750000000001,8.0,-1.6,3.4,939.9,15.5,15.3,0.14,10.3,20.9,186.76,32752.99
2021-12-12,1.333,0.624875,5.7,-0.5,3.1,943.4,19.5,19.1,0.28,15.5,34.2,6115.22,32710.54
2021-12-13,2.667,0.916625,2.3,-1.1,-0.0,952.7,2.8,0.0,1.96,15.9,29.2,0.0,32672.81
2021-12-14,1.333,1.08325,2.3,-0.3,1.1,955.8,4.0,1.0,2.1,13.2,22.7,0.0,32639.89
2021-12-15,3.333,2.083375,1.6,-1.9,0.0,958.5,0.0,0.0,0.0,15.9,30.2,12958.66,32611.37
2021-12-16,3.0,1.875,2.2,-1.7,-0.0,959.9,0.0,0.0,0.0,19.6,37.1,25149.79,32587.13
2021-12-17,1.667,0.58325,4.1,-0.9,1.7,956.5,3.5,1.6,1.33,23.6,48.2,0.0,32567.18
2021-12-18,1.667,0.666625,3.1,-2.6,-0.5,956.0,2.0,0.0,1.4,13.2,27.0,30787.18,32551.52
2021-12-19,5.0,1.958375,2.5,-4.0,-0.3,952.9,0.0,0.0,0.0,17.9,35.6,26158.55,32540.13
2021-12-20,3.667,2.791625,4.5,-2.1,1.4,947.4,0.0,0.0,0.0,27.6,54.4,20988.86,32533.02
2021-12-21,3.667,2.000125,0.5,-5.0,-1.8,955.0,0.0,0.0,0.0,22.9,43.9,30752.4,32530.18
2021-12-22,3.0,2.33325,0.9,-7.3,-4.5,958.7,0.0,0.0,0.0,9.7,21.2,28437.61,32531.6
2021-12-23,2.333,0.83325,2.1,-7.7,-4.4,958.1,0.0,0.0,0.0,10.5,17.6,31884.61,32537.27
2021-12-24,2.333,1.16675,9.2,-6.2,0.7,950.3,0.0,0.0,0.0,9.9,20.5,30786.66,32547.18
2021-12-25,2.667,1.625125,11.5,0.1,4.7,947.7,0.0,0.0,0.0,9.0,20.5,31929.58,32561.31
2021-12-26,1.667,0.625,10.6,0.8,5.2,946.1,0.3,0.3,0.0,11.3,22.7,17808.93,32579.64
2021-12-27,4.0,2.125,10.2,-0.1,4.0,945.1,2.8,2.8,0.0,14.4,28.4,20323.57,32602.16
2021-12-28,2.667,1.79175,7.8,0.9,4.0,944.9,1.7,1.7,0.0,10.2,18.4,23844.99,32628.83
2021-12-29,2.333,1.45825,6.7,1.8,4.7,943.4,1.4,1.4,0.0,7.6,17.3,1752.03,32659.64
2021-12-30,3.0,1.8331250000000001,4.9,2.8,3.7,950.3,1.5,1.5,0.0,9.7,17.6,0.0,32694.55
2021-12-31,2.0,0.83325,9.5,0.7,4.8,957.5,0.0,0.0,0.0,14.0,28.8,32106.19,32733.55
2022-01-01,4.0,2.4166250000000002,12.1,0.6,5.9,955.3,0.5,0.5,0.0,26.0,49.3,21979.31,32776.61
2022-01-02,3.333,2.0415,11.8,5.0,7.2,958.6,0.0,0.0,0.0,11.0,24.1,31209.81,32823.68
2022-01-03,4.0,2.416625,12.1,1.3,5.4,951.8,0.0,0.0,0.0,12.2,20.9,28669.96,32874.8
2022-01-04,3.0,1.08325,10.2,1.0,5.4,948.7,0.0,0.0,0.0,11.7,23.8,32272.35,32930.55
2022-01-05,2.333,0.625,13.2,2.0,5.9,943.2,0.0,0.0,0.0,13.1,21.2,32277.15,32990.95
2022-01-06,0.333,0.041625,14.6,-0.4,5.1,943.4,0.0,0.0,0.0,12.6,24.5,32284.33,33055.84
2022-01-07,0.0,0.0,5.5,1.6,3.3,952.4,0.0,0.0,0.0,16.7,32.0,25628.43,33125.06
2022-01-08,5.0,1.708375,4.8,2.6,3.4,948.9,0.2,0.2,0.0,16.8,33.8,394.43,33198.47
2022-01-09,3.0,2.0,7.8,2.5,4.2,940.2,0.3,0.3,0.0,13.4,28.1,28214.36,33275.9
2022-01-10,2.333,1.499875,4.8,2.5,3.4,938.2,7.4,7.4,0.0,9.8,20.9,0.0,33357.19
2022-01-11,2.0,0.958375,2.3,-3.7,-0.4,949.6,5.8,1.5,3.08,10.8,20.9,0.0,33442.19
2022-01-12,1.333,0.666625,-1.6,-6.9,-4.1,960.2,0.1,0.0,0.14,9.0,16.9,25375.49,33530.74
2022-01-13,1.0,0.499875,-1.2,-7.4,-4.5,965.7,0.0,0.0,0.0,16.7,29.9,32399.38,33622.69
2022-01-14,5.667,1.958375,4.5,-5.8,-1.0,959.8,0.0,0.0,0.0,20.5,41.4,32400.0,33717.88
2022-01-15,4.667,3.29175,6.2,-2.8,2.0,956.2,0.1,0.1,0.0,23.3,44.3,28226.77,33816.16
2022-01-16,4.333,3.041625,5.1,-5.4,-0.9,958.9,0.0,0.0,0.0,9.4,19.8,32400.0,33917.37
2022-01-17,3.0,2.083375,6.1,-4.4,0.1,954.3,0.0,0.0,0.0,21.4,42.1,32400.0,34021.37
2022-01-18,5.0,3.041625,3.0,-3.6,0.2,958.2,3.5,0.4,2.17,23.9,49.0,32400.0,34128.01
2022-01-19,5.333,3.33325,2.1,-5.5,-2.5,962.8,0.0,0.0,0.0,15.2,31.3,32400.0,34237.15
2022-01-20,3.333,0.7915000000000001,8.7,-5.2,-0.1,954.2,0.0,0.0,0.0,14.2,30.2,32546.64,34348.63
2022-01-21,3.333,1.625,1.7,-5.8,-0.9,951.8,6.0,0.1,4.13,14.6,28.1,203.42,34462.32
2022-01-22,3.0,2.20825,-1.6,-8.6,-4.4,952.1,1.4,0.1,0.91,22.6,44.3,30683.99,34578.08
2022-01-23,3.0,1.58325,-2.6,-7.0,-5.4,955.3,0.9,0.0,0.63,24.0,46.1,24129.04,34695.9
2022-01-24,2.0,0.791625,-4.4,-11.7,-6.8,960.8,2.5,0.0,1.75,14.7,26.6,25874.79,34817.01
2022-01-25,3.333,2.833375,-2.6,-15.1,-9.2,961.8,0.0,0.0,0.0,15.5,33.8,32400.0,34941.59
2022-01-26,3.0,2.333375,-1.6,-11.7,-5.9,958.0,0.3,0.0,0.28,16.6,31.7,17482.03,35069.42
2022-01-27,3.0,1.500125,1.2,-9.7,-2.9,957.6,0.0,0.0,0.0,13.6,25.9,25767.87,35200.29
2022-01-28,3.667,1.625125,5.3,-7.0,-2.0,954.2,0.0,0.0,0.0,20.0,36.7,11845.79,35334.02
2022-01-29,4.0,2.500125,3.9,-4.1,-0.6,956.6,0.3,0.1,0.14,15.9,31.0,31284.03,35470.4
2022-01-30,3.0,2.375125,7.3,-6.2,-0.4,951.4,0.5,0.1,0.28,14.0,29.9,24978.76,35609.24
2022-01-31,3.0,2.16675,6.6,-1.0,1.7,947.0,0.0,0.0,0.0,20.2,38.2,32400.0,35750.34
2022-02-01,3.333,1.29175,4.2,-2.4,0.1,940.2,3.3,0.2,2.17,9.8,19.8,1904.18,35893.52
2022-02-02,4.0,2.000125,3.1,-2.5,-0.0,941.9,2.9,0.1,1.96,12.8,23.4,18069.31,36038.6
2022-02-03,5.333,3.666625,4.3,-3.4,-0.1,949.2,0.2,0.1,0.07,16.6,30.6,21075.39,36185.4
2022-02-04,5.333,4.208375,3.0,-8.3,-2.3,954.1,0.0,0.0,0.0,12.5,21.2,34673.19,36333.74
2022-02-05,3.0,2.500125,9.1,-3.9,1.0,952.2,0.0,0.0,0.0,12.3,23.8,33939.67,36483.45
2022-02-06,3.667,2.791875,9.9,-3.1,2.2,955.8,0.0,0.0,0.0,12.0,19.8,34951.57,36634.36
2022-02-07,2.333,1.624875,10.0,-1.3,3.5,943.5,2.9,2.9,0.0,20.8,46.1,16110.95,36786.31
2022-02-08,2.0,1.041625,4.0,-0.8,1.1,950.0,0.9,0.1,0.56,21.6,42.8,27606.2,36939.13
2022-02-09,2.0,0.374875,7.7,-2.3,2.3,959.5,0.0,0.0,0.0,20.9,40.3,23144.8,37092.67
2022-02-10,5.0,3.2501249999999997,11.5,-2.6,3.5,960.4,0.0,0.0,0.0,7.9,16.2,35450.93,37246.78
2022-02-11,4.333,3.166625,14.0,2.1,6.8,956.6,0.0,0.0,0.0,9.4,20.9,35822.59,37401.29
2022-02-12,3.333,2.75,10.3,-0.8,4.4,960.5,0.0,0.0,0.0,14.2,28.1,32400.0,37556.22
2022-02-13,3.667,2.916625,4.9,-1.3,2.4,962.5,0.0,0.0,0.0,20.0,39.6,17559.21,37712.94
2022-02-14,2.667,1.708375,6.6,-3.3,0.8,956.9,0.9,0.1,0.56,9.6,21.6,31425.93,37871.71
2022-02-15,2.0,0.9167500000000001,11.5,-3.4,2.5,954.4,0.0,0.0,0.0,10.9,24.5,36293.27,38032.35
2022-02-16,3.0,2.083375,12.0,-1.4,4.1,951.6,0.0,0.0,0.0,11.7,26.3,36325.31,38194.7
2022-02-17,2.333,1.124875,13.7,0.5,5.8,945.2,0.0,0.0,0.0,12.3,30.2,30072.41,38358.6
2022-02-18,2.667,1.333375,10.5,0.9,6.1,948.9,0.6,0.6,0.0,23.4,46.1,32220.48,38523.9
2022-02-19,2.667,1.999875,16.8,-0.4,6.6,951.4,0.0,0.0,0.0,11.5,24.8,38054.77,38690.43
2022-02-20,4.667,2.41675,12.8,2.3,7.2,951.6,0.1,0.1,0.0,11.9,25.2,15178.7,38858.04
2022-02-21,4.0,2.250125,14.9,1.4,6.8,946.4,0.0,0.0,0.0,10.9,26.6,38377.35,39026.58
2022-02-22,4.667,2.6666250000000002,9.7,2.0,5.0,941.7,8.6,8.6,0.0,12.8,24.8,13123.59,39195.92
2022-02-23,2.333,1.583375,8.0,1.7,4.0,952.9,2.3,2.3,0.0,14.1,25.9,3751.82,39365.9
2022-02-24,3.0,1.249875,6.9,-2.4,2.6,956.7,0.0,0.0,0.0,17.6,32.8,37372.06,39536.38
2022-02-25,3.333,1.7915,9.7,-4.7,2.3,952.6,0.0,0.0,0.0,7.9,19.8,38799.48,39707.22
2022-02-26,0.667,0.125,10.6,-1.1,3.5,953.6,0.0,0.0,0.0,15.6,32.4,37137.39,39878.3
2022-02-27,3.667,2.333375,3.2,0.3,1.9,954.7,7.0,2.5,3.15,19.5,38.2,0.0,40049.47
2022-02-28,2.333,1.791625,1.7,-4.1,-0.2,955.6,1.7,0.0,1.19,11.3,25.9,5188.01,40220.59
2022-03-01,2.333,2.0416250000000002,2.0,-5.5,-2.0,957.0,0.0,0.0,0.0,13.0,28.4,33501.86,40391.54
2022-03-02,1.667,0.791875,3.6,-7.1,-1.0,952.8,0.0,0.0,0.0,11.9,23.8,26265.25,40562.19
2022-03-03,2.333,1.0415,4.7,-3.7,0.9,948.7,0.0,0.0,0.0,19.1,38.9,22328.65,40732.42
2022-03-04,3.333,2.33325,7.6,-4.8,0.9,947.4,0.3,0.3,0.0,9.9,22.3,34214.88,40902.21
2022-03-05,5.333,3.625125,5.6,-3.2,0.9,948.8,1.5,1.1,0.28,17.3,36.7,18807.86,41072.88
2022-03-06,4.667,2.958375,2.3,0.6,1.3,948.1,5.0,1.4,2.52,26.6,51.5,0.0,41244.68
2022-03-07,3.0,1.9165,3.9,-0.2,1.2,948.2,0.4,0.0,0.28,13.7,26.6,0.0,41417.49
2022-03-08,2.667,1.25,2.8,-3.9,-0.8,949.4,0.0,0.0,0.0,8.7,19.8,12611.96,41591.18
2022-03-09,2.667,1.0835,2.6,-5.3,-1.5,951.0,2.6,0.0,1.82,15.3,31.3,35353.98,41765.63
2022-03-10,3.667,1.83325,1.1,-5.7,-2.4,954.8,2.2,0.0,1.54,14.8,33.8,39600.0,41940.73
2022-03-11,4.333,3.3748750000000003,0.4,-7.0,-3.9,958.8,0.5,0.0,0.35,8.6,23.0,37323.25,42116.35
2022-03-12,4.667,1.999875,1.3,-6.2,-3.0,961.3,1.0,0.0,0.7,9.7,25.6,39600.0,42292.39
2022-03-13,6.333,3.666625,5.4,-7.9,-1.8,960.3,0.0,0.0,0.0,10.8,23.8,31852.14,42468.73
2022-03-14,5.667,2.12525,7.4,-5.9,0.3,965.3,0.0,0.0,0.0,9.0,20.9,39734.21,42645.24
2022-03-15,3.0,1.416625,12.5,-1.8,3.7,966.3,0.0,0.0,0.0,8.7,22.3,39600.0,42821.81
2022-03-16,2.333,1.375,9.9,2.6,5.4,958.0,0.5,0.5,0.0,9.0,21.2,11240.93,42998.35
2022-03-17,2.0,1.2085000000000001,4.2,0.9,2.5,961.2,2.6,2.6,0.0,10.5,24.1,3106.17,43174.72
2022-03-18,2.0,0.5417500000000001,4.8,-4.5,0.7,969.1,1.5,0.0,1.05,13.2,32.0,39736.11,43350.81
2022-03-19,2.0,1.125,3.3,-6.2,-2.2,970.3,0.0,0.0,0.0,13.4,30.6,40180.76,43526.52
2022-03-20,3.333,1.79175,4.8,-6.8,-1.9,970.9,0.0,0.0,0.0,12.7,30.6,40457.88,43701.73
2022-03-21,2.0,0.708375,6.5,-5.4,0.2,967.3,0.0,0.0,0.0,16.9,37.1,40854.55,43876.31
2022-03-22,3.333,1.916625,10.7,-3.9,3.6,963.6,0.0,0.0,0.0,18.4,37.8,36067.25,44050.17
2022-03-23,2.0,1.500125,9.8,-1.3,4.9,962.6,0.0,0.0,0.0,11.2,28.1,41305.62,44223.18
2022-03-24,3.333,2.2498750000000003,17.7,-1.7,6.7,957.3,0.0,0.0,0.0,14.4,27.4,41844.53,44395.35
2022-03-25,3.0,1.875125,16.0,1.0,7.8,955.1,0.0,0.0,0.0,26.1,51.5,42071.35,44567.87
2022-03-26,3.0,1.45825,15.4,1.1,7.4,960.4,0.0,0.0,0.0,14.4,28.4,42610.85,44741.0
2022-03-27,4.0,2.875,17.5,4.3,9.9,960.6,0.0,0.0,0.0,19.0,39.6,43150.77,44914.62
2022-03-28,4.0,1.66675,17.4,5.5,10.2,959.3,0.0,0.0,0.0,11.7,25.2,36558.05,45088.64
2022-03-29,2.667,1.875,16.1,5.0,10.2,950.2,0.0,0.0,0.0,15.1,31.7,42356.2,45262.94
2022-03-30,3.333,1.333375,19.0,4.9,11.4,944.9,0.0,0.0,0.0,11.4,24.1,38155.92,45437.42
2022-03-31,4.667,3.79175,20.7,6.7,12.8,938.6,0.0,0.0,0.0,15.4,35.6,19808.49,45611.96
2022-04-01,4.0,2.916625,19.7,8.2,12.9,933.9,1.4,1.4,0.0,17.0,34.9,30309.03,45786.48
2022-04-02,4.667,3.250125,16.8,5.4,10.2,936.1,0.4,0.4,0.0,20.5,46.4,43215.89,45960.84
2022-04-03,3.0,1.791625,10.1,1.1,5.9,943.7,3.0,2.2,0.56,18.4,39.6,35827.86,46134.94
2022-04-04,3.667,2.29175,11.4,-1.5,5.2,952.6,0.3,0.3,0.0,13.7,28.1,31569.52,46308.69
2022-04-05,2.0,1.499875,15.4,1.6,7.5,947.4,0.0,0.0,0.0,10.0,25.9,44906.5,46481.94
2022-04-06,2.667,1.416625,18.7,4.8,10.4,947.3,0.0,0.0,0.0,11.0,25.2,46108.65,46654.61
2022-04-07,3.667,2.41675,14.6,4.1,8.7,938.7,4.5,4.5,0.0,12.1,34.2,23866.57,46826.56
2022-04-08,3.333,1.75,20.7,4.2,13.0,941.8,0.0,0.0,0.0,13.7,31.3,45536.54,46997.69
2022-04-09,3.667,3.00025,21.6,7.6,14.3,940.9,0.0,0.0,0.0,13.3,28.8,46609.44,47167.87
2022-04-10,6.667,3.375,11.5,2.5,6.4,941.7,17.8,16.8,0.7,21.0,40.0,0.0,47336.97
2022-04-11,3.667,2.29175,9.8,2.6,5.5,951.0,3.1,3.1,0.0,21.8,43.6,37874.76,47504.88
2022-04-12,3.667,2.208375,13.9,-1.8,6.4,954.9,0.0,0.0,0.0,15.0,30.6,46800.0,47671.47
2022-04-13,3.333,1.708375,16.4,3.9,9.0,954.1,0.0,0.0,0.0,11.5,23.8,46800.0,47836.73
2022-04-14,6.0,4.45825,18.8,4.1,10.1,955.4,0.0,0.0,0.0,10.2,16.9,46800.0,48001.8
2022-04-15,5.0,3.541625,22.4,4.9,12.9,954.3,0.0,0.0,0.0,9.8,19.1,46800.0,48166.93
2022-04-16,2.667,1.791625,20.0,9.5,13.9,950.2,0.0,0.0,0.0,11.2,23.8,40387.22,48332.01
2022-04-17,3.0,2.3335,10.8,2.0,7.6,948.6,8.0,7.9,0.07,9.1,20.2,0.0,48496.9
2022-04-18,3.333,2.0415,6.5,1.4,3.4,947.2,2.9,2.1,0.56,9.1,23.0,1560.71,48661.51
2022-04-19,3.0,1.499875,9.2,0.2,4.4,946.9,2.2,2.2,0.0,13.0,31.7,43851.49,48825.73
2022-04-20,3.333,1.8331250000000001,4.4,-1.9,1.7,947.8,12.5,8.1,3.08,13.9,28.8,0.0,48989.42
2022-04-21,3.0,2.166875,15.3,-3.1,6.4,950.0,0.0,0.0,0.0,13.7,25.9,36812.07,49152.47
2022-04-22,2.333,1.58325,19.5,4.0,11.6,945.5,1.2,1.2,0.0,17.4,36.4,39600.0,49314.76
2022-04-23,3.333,2.45825,19.9,5.1,12.2,943.2,0.3,0.3,0.0,15.8,32.4,40704.59,49476.17
2022-04-24,2.0,1.208375,23.1,9.8,15.4,946.2,0.0,0.0,0.0,13.8,27.0,44933.29,49636.56
2022-04-25,1.667,0.9167500000000001,24.2,7.8,15.8,944.5,0.0,0.0,0.0,12.9,29.5,46800.0,49795.81
2022-04-26,1.0,0.45825,20.9,7.2,14.6,948.8,0.2,0.2,0.0,15.5,27.4,46800.0,49953.77
2022-04-27,5.0,2.666625,22.3,9.1,15.1,950.6,0.1,0.1,0.0,13.3,29.9,46800.0,50110.32
2022-04-28,3.667,2.833375,15.7,9.8,12.8,953.1,0.8,0.8,0.0,10.4,22.0,6225.5,50265.31
2022-04-29,3.667,2.583375,18.0,7.3,12.7,955.9,0.0,0.0,0.0,10.4,25.6,40651.92,50418.6
2022-04-30,4.333,2.7916250000000002,17.7,8.3,12.9,955.1,0.2,0.2,0.0,13.8,32.8,46808.74,50570.04
2022-05-01,3.0,1.958375,18.5,5.0,12.1,953.8,0.0,0.0,0.0,13.9,32.4,38304.43,50719.49
2022-05-02,2.667,1.04175,16.1,6.2,11.4,950.4,0.4,0.4,0.0,17.2,37.8,29649.76,50866.78
2022-05-03,2.333,1.5001250000000002,13.2,6.0,10.0,949.7,5.5,5.5,0.0,12.2,28.4,30098.42,51011.89
2022-05-04,2.0,1.458375,18.0,5.1,10.7,952.6,2.2,2.2,0.0,9.2,40.0,44076.81,51155.89
2022-05-05,1.333,0.791625,20.4,8.2,13.5,955.9,0.0,0.0,0.0,9.3,21.6,47621.62,51298.99
2022-05-06,1.667,0.83325,20.0,6.8,13.6,956.6,0.0,0.0,0.0,16.4,36.4,47255.2,51441.06
2022-05-07,1.0,0.291625,19.6,6.9,13.1,955.6,0.0,0.0,0.0,17.8,37.1,47890.58,51581.99
2022-05-08,2.0,1.41675,21.8,5.5,13.5,955.5,0.0,0.0,0.0,15.0,31.0,48194.6,51721.64
2022-05-09,3.0,1.5415,22.0,7.5,14.7,956.1,0.0,0.0,0.0,12.0,28.8,48500.79,51859.89
2022-05-10,1.333,0.5415,22.0,9.3,16.1,955.5,0.0,0.0,0.0,10.5,27.4,48472.68,51996.6
2022-05-11,2.0,1.291625,21.9,9.2,16.0,955.3,0.2,0.2,0.0,13.0,30.2,48445.32,52131.64
2022-05-12,2.667,1.833375,25.2,12.0,18.6,956.3,0.0,0.0,0.0,10.0,24.5,48764.67,52264.87
2022-05-13,2.667,1.583375,26.3,13.4,19.9,953.7,0.0,0.0,0.0,8.6,19.8,49070.27,52396.15
2022-05-14,2.667,1.583375,24.6,14.7,19.2,951.7,3.3,3.3,0.0,14.8,33.5,43228.26,52525.33
2022-05-15,3.333,2.1666250000000002,24.2,10.7,17.7,953.7,0.0,0.0,0.0,15.0,33.5,49626.69,52652.28
2022-05-16,3.0,2.083375,24.9,12.6,18.6,954.9,0.0,0.0,0.0,12.3,28.1,50478.75,52776.83
2022-05-17,3.333,2.333375,27.5,13.6,20.1,952.7,0.0,0.0,0.0,12.7,25.9,50167.15,52898.83
2022-05-18,3.0,1.375,20.8,10.1,15.3,953.0,8.4,8.4,0.0,18.5,41.4,36166.18,53018.15
2022-05-19,2.667,2.125,19.8,5.3,12.6,961.8,0.0,0.0,0.0,9.8,22.0,51262.58,53134.6
2022-05-20,3.667,2.375,23.7,8.5,15.7,960.6,0.0,0.0,0.0,9.2,16.9,51292.06,53248.05
2022-05-21,3.667,2.250125,27.5,11.8,19.6,953.6,0.0,0.0,0.0,9.4,22.7,51319.93,53358.32
2022-05-22,3.667,2.208375,25.2,14.1,19.0,948.6,0.0,0.0,0.0,21.7,43.9,43842.95,53465.26
2022-05-23,2.333,0.9165,24.1,10.3,18.2,946.7,0.1,0.1,0.0,21.2,46.8,51022.4,53568.78
2022-05-24,1.667,0.75,24.6,11.7,18.0,947.8,11.8,11.8,0.0,15.7,34.6,37346.74,53669.74
2022-05-25,2.333,1.5,28.6,12.5,20.4,951.6,0.0,0.0,0.0,11.4,28.8,51414.09,53768.27
2022-05-26,1.333,0.91675,27.4,14.5,21.3,955.4,0.6,0.6,0.0,16.4,38.2,49162.94,53864.28
2022-05-27,5.0,2.624875,27.9,15.0,20.9,955.2,2.3,2.3,0.0,9.6,28.4,51050.95,53957.66
2022-05-28,5.0,3.04175,27.0,15.3,20.2,948.5,0.0,0.0,0.0,15.5,29.9,26435.84,54048.31
2022-05-29,3.667,3.041625,23.8,13.4,17.5,944.5,6.6,6.6,0.0,21.2,43.9,27550.77,54136.14
2022-05-30,3.0,1.95825,24.1,12.3,18.2,947.3,0.1,0.1,0.0,11.5,26.6,52185.04,54221.03
2022-05-31,3.333,2.083375,25.3,12.4,19.3,952.3,0.0,0.0,0.0,9.7,22.3,43461.41,54302.87
2022-06-01,2.0,1.20825,26.9,14.2,20.7,952.9,0.0,0.0,0.0,13.8,30.2,52364.36,54381.58
2022-06-02,1.667,0.9165,28.3,16.4,22.1,953.4,0.0,0.0,0.0,9.5,22.7,51991.96,54457.02
2022-06-03,1.333,0.8335,28.0,15.3,22.2,955.7,0.6,0.6,0.0,10.7,27.0,52683.45,54529.11
2022-06-04,1.0,0.541625,28.1,16.7,22.8,955.4,0.0,0.0,0.0,8.2,19.8,52311.5,54597.73
2022-06-05,1.667,0.875125,29.4,17.4,23.9,953.2,0.0,0.0,0.0,13.8,31.3,52650.63,54662.78
2022-06-06,3.0,2.125,25.7,16.9,20.9,951.1,3.2,3.2,0.0,12.5,35.3,42031.17,54724.14
2022-06-07,2.333,1.7081250000000001,24.7,13.6,18.9,950.6,0.0,0.0,0.0,9.2,23.8,53803.97,54781.72
2022-06-08,2.0,1.0,25.1,11.8,18.6,946.9,0.3,0.3,0.0,13.2,26.3,39600.0,54835.41
2022-06-09,1.333,1.124875,23.4,14.9,18.6,944.5,9.7,9.7,0.0,11.7,34.2,49068.5,54885.1
2022-06-10,2.0,0.916625,21.5,14.9,17.3,944.5,12.5,12.5,0.0,11.0,32.4,23517.02,54930.71
2022-06-11,3.0,1.75,20.7,15.3,16.9,947.2,27.6,27.6,0.0,10.6,24.1,15639.21,54972.11
2022-06-12,3.0,2.125,21.4,14.7,17.5,949.7,8.8,8.8,0.0,10.3,28.8,27820.79,55009.25
2022-06-13,4.667,2.5835,24.6,12.8,19.0,950.9,0.3,0.3,0.0,9.3,23.0,53994.57,55042.4
2022-06-14,2.333,1.7501250000000002,24.4,13.9,19.0,952.4,10.4,10.4,0.0,20.4,42.1,53916.89,55071.66
2022-06-15,4.333,2.958375,23.9,12.3,17.8,955.5,0.0,0.0,0.0,12.7,26.3,54000.0,55097.0
2022-06-16,3.667,2.374875,24.8,13.2,18.6,955.4,0.0,0.0,0.0,10.0,22.7,51970.14,55118.42
2022-06-17,3.333,2.708125,24.6,12.5,18.4,953.9,0.0,0.0,0.0,14.9,33.1,53730.33,55135.93
2022-06-18,4.333,2.458375,21.7,14.2,17.9,954.9,4.1,4.1,0.0,13.1,31.7,54000.0,55149.51
2022-06-19,3.333,2.1666250000000002,24.4,11.5,18.4,955.4,0.0,0.0,0.0,11.3,26.6,54000.0,55159.17
2022-06-20,3.333,2.208125,26.3,12.9,19.5,951.0,0.0,0.0,0.0,8.7,15.5,54000.0,55164.92
2022-06-21,2.667,1.750125,28.3,15.9,21.9,948.1,0.1,0.1,0.0,20.5,41.0,54000.0,55166.75
2022-06-22,3.0,2.208375,26.0,15.4,21.6,948.7,8.3,8.3,0.0,17.5,42.1,49559.45,55164.67
2022-06-23,3.0,2.25,24.0,16.4,20.1,949.1,7.0,7.0,0.0,17.2,43.2,42801.58,55158.69
2022-06-24,3.0,1.374875,24.7,13.4,19.5,950.9,0.4,0.4,0.0,9.1,18.7,53466.62,55148.83
2022-06-25,4.667,2.66675,28.1,14.2,21.5,950.3,3.0,3.0,0.0,11.6,25.6,40127.7,55135.09
2022-06-26,4.667,3.458375,24.6,16.4,20.0,952.6,8.7,8.7,0.0,13.4,31.3,51783.76,55117.48
2022-06-27,4.0,1.875,25.7,14.1,20.8,954.5,0.5,0.5,0.0,7.9,18.7,54000.0,55096.03
2022-06-28,3.333,1.7081250000000001,27.5,14.4,21.7,954.3,0.4,0.4,0.0,11.4,28.8,53442.89,55070.75
2022-06-29,1.667,1.16675,28.2,14.3,21.5,953.3,0.0,0.0,0.0,9.8,25.6,54000.0,55041.66
2022-06-30,1.0,0.7085,30.0,16.4,23.1,951.3,0.0,0.0,0.0,8.6,18.7,54000.0,55008.79
2022-07-01,3.333,1.208375,30.3,15.5,23.3,952.2,0.0,0.0,0.0,10.2,23.0,54000.0,54972.15
2022-07-02,4.667,2.875125,30.1,17.0,23.8,954.7,0.0,0.0,0.0,10.2,29.2,54000.0,54931.73
2022-07-03,3.0,1.624875,29.3,17.9,23.2,955.2,0.1,0.1,0.0,12.3,26.3,54000.0,54887.12
2022-07-04,4.0,3.3335,29.6,15.4,22.7,953.6,2.1,2.1,0.0,10.8,32.8,51573.62,54838.31
2022-07-05,1.0,0.541625,30.5,15.9,23.1,952.4,0.0,0.0,0.0,12.1,33.1,52259.76,54785.41
2022-07-06,1.667,0.875125,24.7,16.2,21.1,951.7,1.3,1.3,0.0,15.4,30.2,51097.79,54728.55
2022-07-07,5.333,2.749875,26.2,16.8,21.0,952.0,0.0,0.0,0.0,13.3,27.4,53943.49,54667.81
2022-07-08,5.0,3.0835,23.8,14.7,20.0,951.1,0.2,0.2,0.0,13.5,32.8,43972.9,54603.34
2022-07-09,2.667,1.333375,20.4,15.3,17.4,950.9,8.1,8.1,0.0,11.4,27.4,13205.73,54535.24
2022-07-10,2.333,1.374875,23.1,13.3,18.1,949.8,0.0,0.0,0.0,15.6,31.3,50342.83,54463.63
2022-07-11,4.0,2.0416250000000002,20.5,13.2,16.9,952.9,0.0,0.0,0.0,20.6,42.8,53750.57,54388.62
2022-07-12,4.333,3.08325,21.8,9.3,16.2,955.8,0.0,0.0,0.0,15.5,33.5,52572.93,54310.33
2022-07-13,1.667,0.958375,23.5,10.0,17.5,956.0,0.0,0.0,0.0,12.0,26.6,52885.89,54228.87
2022-07-14,1.333,0.874875,27.1,12.1,20.1,955.8,0.0,0.0,0.0,9.0,16.6,53509.03,54144.37
2022-07-15,2.667,1.75,30.0,15.2,23.1,952.4,0.0,0.0,0.0,6.4,18.0,53422.54,54056.94
2022-07-16,3.0,1.4585000000000001,31.1,15.0,24.0,953.6,0.0,0.0,0.0,10.5,24.5,53333.25,53966.68
2022-07-17,1.667,0.8336250000000001,28.2,16.0,22.7,956.9,0.0,0.0,0.0,11.2,26.3,53170.64,53873.71
2022-07-18,3.0,1.83325,26.0,12.6,19.7,958.6,0.0,0.0,0.0,9.7,25.9,53146.71,53778.16
2022-07-19,4.667,3.91675,28.6,12.8,20.6,957.9,0.0,0.0,0.0,18.6,49.3,53049.66,53680.12
2022-07-20,2.333,1.4165,29.0,15.4,22.6,957.2,0.0,0.0,0.0,9.3,24.5,52950.26,53579.7
2022-07-21,5.333,2.875125,32.0,15.6,24.2,953.7,0.0,0.0,0.0,10.2,24.1,52712.27,53477.02
2022-07-22,3.333,2.2915,32.2,18.9,26.2,953.7,0.0,0.0,0.0,10.5,25.9,52680.47,53372.08
2022-07-23,5.333,2.708375,34.1,19.5,26.1,954.3,0.0,0.0,0.0,6.8,16.2,52301.01,53264.0
2022-07-24,2.667,2.0,33.7,19.0,26.7,952.7,0.0,0.0,0.0,14.8,29.9,50477.83,53152.67
2022-07-25,2.333,1.16675,30.2,18.6,24.8,952.0,0.1,0.1,0.0,9.5,22.3,50164.46,53038.23
2022-07-26,3.333,1.625,32.5,18.2,25.0,949.0,0.0,0.0,0.0,8.4,21.6,51504.67,52920.87
2022-07-27,2.667,2.1666250000000002,31.3,17.5,25.4,948.7,0.3,0.3,0.0,9.4,20.2,50609.63,52800.74
2022-07-28,2.333,1.70825,29.9,18.9,24.0,950.8,0.5,0.5,0.0,15.5,34.9,38424.62,52677.99
2022-07-29,1.667,0.83325,30.0,16.3,23.8,952.6,0.0,0.0,0.0,15.2,33.8,49341.95,52552.78
2022-07-30,2.333,1.5415,31.1,17.2,24.1,951.0,2.8,2.8,0.0,15.9,41.4,46984.52,52425.27
2022-07-31,4.0,2.29175,26.1,17.3,21.5,950.2,0.1,0.1,0.0,15.7,34.2,48214.33,52295.61
2022-08-01,2.667,1.875125,26.0,15.0,21.1,950.1,0.0,0.0,0.0,19.3,40.0,48147.49,52163.93
2022-08-02,2.333,2.1665,28.4,14.4,21.4,951.0,0.0,0.0,0.0,10.1,29.2,48541.05,52030.39
2022-08-03,2.667,1.958375,27.7,15.2,22.1,952.5,0.0,0.0,0.0,10.1,22.7,47925.26,51895.13
2022-08-04,2.0,1.5,29.3,17.4,23.5,953.4,0.0,0.0,0.0,7.9,20.9,47985.34,51758.28
2022-08-05,3.0,1.291625,30.4,18.1,24.7,952.4,0.0,0.0,0.0,6.6,18.4,47711.43,51619.99
2022-08-06,1.0,0.583375,31.1,19.1,25.2,950.2,0.1,0.1,0.0,10.3,25.2,47104.82,51480.37
2022-08-07,5.667,3.291625,29.3,18.6,24.0,950.8,0.3,0.3,0.0,15.8,34.2,47094.28,51339.57
2022-08-08,5.0,3.8335,29.5,16.8,23.7,953.0,0.0,0.0,0.0,16.9,36.4,46904.11,51197.72
2022-08-09,4.0,3.33325,29.6,17.5,23.8,953.6,0.0,0.0,0.0,14.5,33.5,46968.11,51054.93
2022-08-10,3.667,2.541625,26.0,16.4,20.8,953.6,8.1,8.1,0.0,13.8,27.7,35246.09,50911.32
2022-08-11,4.333,3.0415,25.6,15.4,20.6,952.9,0.1,0.1,0.0,9.1,29.9,46800.0,50766.91
2022-08-12,2.667,1.5,26.4,15.3,21.6,952.0,0.0,0.0,0.0,12.6,23.8,45948.86,50620.62
2022-08-13,2.667,2.0,24.3,16.4,19.4,948.7,6.0,6.0,0.0,8.0,19.4,30557.24,50472.26
2022-08-14,2.667,1.249875,21.2,15.6,18.4,945.5,13.7,13.7,0.0,8.6,22.7,19029.83,50321.99
2022-08-15,2.333,1.166625,26.0,14.8,19.9,945.7,0.3,0.3,0.0,12.0,25.9,46800.0,50169.96
2022-08-16,1.667,0.875125,28.7,16.0,22.3,948.2,0.0,0.0,0.0,13.6,29.2,43200.0,50016.29
2022-08-17,6.667,3.375,27.9,15.1,22.2,949.6,0.0,0.0,0.0,12.0,23.0,46800.0,49861.14
2022-08-18,5.0,3.79175,31.8,17.0,23.8,950.3,0.0,0.0,0.0,10.8,24.1,46800.0,49704.63
2022-08-19,5.0,3.166625,32.4,18.8,25.4,949.6,0.0,0.0,0.0,10.0,19.1,46800.0,49546.89
2022-08-20,4.0,2.20825,30.7,18.7,22.2,947.8,2.4,2.4,0.0,18.6,36.7,30407.76,49388.06
2022-08-21,4.333,2.708375,24.6,16.7,19.8,945.6,3.8,3.8,0.0,11.1,24.5,44261.52,49228.26
2022-08-22,3.0,1.5,26.3,16.2,19.8,945.5,1.0,1.0,0.0,15.3,32.0,32324.11,49067.62
2022-08-23,2.0,0.58325,26.6,16.8,20.4,947.7,14.6,14.6,0.0,15.9,31.3,23936.77,48906.26
2022-08-24,1.0,0.5,25.5,16.1,20.4,950.6,0.9,0.9,0.0,11.8,28.8,31596.93,48744.28
2022-08-25,1.333,0.666625,25.9,16.9,21.1,949.8,8.7,8.7,0.0,14.5,33.5,40922.2,48581.82
2022-08-26,1.333,0.791625,27.6,16.4,22.2,948.0,0.0,0.0,0.0,10.7,26.3,46800.0,48418.98
2022-08-27,3.667,2.25,29.2,14.8,21.9,948.7,0.0,0.0,0.0,7.0,14.0,46800.0,48255.88
2022-08-28,3.0,1.66675,30.4,17.4,23.4,951.0,0.0,0.0,0.0,8.4,14.8,46800.0,48092.62
2022-08-29,3.667,2.5001249999999997,29.8,16.6,23.4,952.7,0.0,0.0,0.0,11.9,23.0,44914.36,47929.31
2022-08-30,4.0,2.625,28.3,15.9,21.5,953.1,3.0,3.0,0.0,9.4,30.2,46085.99,47766.07
2022-08-31,4.333,2.624875,25.2,15.6,20.2,951.6,3.9,3.9,0.0,11.6,30.6,28928.71,47602.87
2022-09-01,3.333,1.9581250000000001,26.5,15.8,20.4,949.4,0.1,0.1,0.0,10.2,25.2,43082.61,47438.63
2022-09-02,3.667,1.75,23.0,17.0,18.9,949.5,35.2,35.2,0.0,10.4,26.3,18493.02,47273.13
2022-09-03,5.0,3.5415,23.2,14.8,18.0,952.5,0.7,0.7,0.0,13.5,26.6,28603.21,47106.5
2022-09-04,6.333,5.41675,25.5,12.3,17.4,955.9,0.0,0.0,0.0,15.9,34.2,46290.07,46938.85
2022-09-05,5.0,4.5,23.0,14.3,18.1,958.4,1.1,1.1,0.0,10.8,26.3,43919.39,46770.29
2022-09-06,4.0,3.375,24.3,11.0,17.6,957.1,0.0,0.0,0.0,12.5,28.8,45161.57,46600.94
2022-09-07,3.667,2.666625,25.2,10.9,18.2,955.6,0.0,0.0,0.0,11.9,26.3,45855.69,46430.91
2022-09-08,4.333,3.25,27.8,12.0,19.2,954.2,0.0,0.0,0.0,12.7,28.4,45134.24,46260.31
2022-09-09,3.667,2.416875,28.8,14.1,20.1,952.9,0.6,0.6,0.0,10.0,26.3,33988.39,46089.24
2022-09-10,3.333,2.625,29.0,16.4,20.7,950.3,12.3,12.3,0.0,11.5,35.6,40878.94,45917.79
2022-09-11,3.333,1.916625,24.3,14.5,19.0,949.7,0.2,0.2,0.0,13.4,29.9,43217.45,45746.1
2022-09-12,2.667,1.66675,21.3,12.2,16.5,949.6,0.0,0.0,0.0,19.6,41.0,43787.09,45574.24
2022-09-13,1.333,0.5417500000000001,20.9,10.9,15.6,950.0,0.4,0.4,0.0,17.6,35.3,43507.9,45402.33
2022-09-14,4.0,1.791875,26.9,10.7,18.4,950.8,0.0,0.0,0.0,9.1,22.0,43184.07,45230.46
2022-09-15,3.667,1.250125,32.0,15.5,22.9,949.0,0.0,0.0,0.0,17.8,33.8,41437.66,45058.74
2022-09-16,1.667,0.95825,31.0,16.1,21.3,946.2,0.6,0.6,0.0,15.1,34.2,26827.41,44887.26
2022-09-17,2.0,1.0,24.4,15.2,19.5,941.1,2.6,2.6,0.0,12.1,24.8,14695.15,44716.13
2022-09-18,3.333,2.29175,16.3,7.7,12.8,946.1,1.7,1.7,0.0,23.1,47.5,31189.74,44545.43
2022-09-19,3.667,2.29175,20.9,6.4,12.8,950.2,0.0,0.0,0.0,12.6,24.1,42312.49,44375.28
2022-09-20,2.667,1.83325,16.8,7.1,11.5,952.1,0.1,0.1,0.0,15.6,33.5,42247.94,44205.64
2022-09-21,2.0,1.083375,14.9,4.9,9.7,952.5,0.8,0.8,0.0,14.0,38.2,42059.83,44035.38
2022-09-22,3.0,1.208375,14.8,5.5,9.7,953.2,0.2,0.2,0.0,13.0,30.2,40842.15,43864.3
2022-09-23,3.333,2.458125,15.4,5.0,9.8,953.7,0.0,0.0,0.0,13.5,29.9,40875.2,43692.51
2022-09-24,3.333,2.6666250000000002,20.1,5.0,11.8,954.8,0.0,0.0,0.0,9.4,23.4,41846.99,43520.1
2022-09-25,1.667,1.333375,22.6,6.6,14.3,953.3,0.0,0.0,0.0,10.1,25.6,40942.16,43347.19
2022-09-26,3.333,0.9165,25.1,9.4,16.4,948.2,1.1,1.1,0.0,14.4,25.9,32922.93,43173.88
2022-09-27,5.333,3.33325,23.2,13.9,17.1,940.5,20.8,20.8,0.0,12.5,31.0,32816.06,43000.28
2022-09-28,1.333,0.83325,24.0,11.5,17.1,941.6,0.0,0.0,0.0,12.0,25.6,40417.95,42826.51
2022-09-29,2.667,1.541625,23.9,10.8,16.7,943.7,0.4,0.4,0.0,14.6,32.0,40156.63,42652.66
2022-09-30,4.0,2.41675,26.1,11.5,17.9,950.3,0.0,0.0,0.0,9.7,23.4,40173.13,42478.85
2022-10-01,1.333,0.45825,25.0,13.8,18.2,953.9,0.9,0.9,0.0,11.2,36.4,34083.53,42305.19
2022-10-02,4.667,2.374875,19.4,10.2,15.5,952.0,19.1,19.1,0.0,26.2,50.0,39613.98,42131.78
2022-10-03,5.667,3.4583749999999998,16.7,9.8,12.7,951.4,1.8,1.8,0.0,22.7,44.6,32469.73,41958.72
2022-10-04,4.333,2.9165,14.7,7.8,10.9,955.5,0.0,0.0,0.0,17.0,34.9,38060.04,41786.14
2022-10-05,3.333,2.7498750000000003,18.2,5.0,10.7,961.9,0.0,0.0,0.0,10.9,25.2,39510.34,41614.13
2022-10-06,4.0,3.0415,19.8,7.1,12.5,962.4,0.0,0.0,0.0,9.4,15.5,39288.8,41442.83
2022-10-07,4.0,2.625125,19.1,6.3,12.4,961.0,0.0,0.0,0.0,10.3,24.8,39186.33,41272.33
2022-10-08,3.333,2.375125,20.7,8.5,13.5,956.8,0.0,0.0,0.0,9.7,15.1,39085.03,41102.75
2022-10-09,4.333,3.7085,21.7,9.9,14.6,955.8,0.0,0.0,0.0,9.7,18.4,38985.01,40934.21
2022-10-10,3.333,2.083125,18.8,10.1,14.0,958.8,0.0,0.0,0.0,15.5,32.8,22231.42,40766.7
2022-10-11,3.0,1.4165,16.0,11.6,13.2,957.3,4.9,4.9,0.0,12.1,26.6,62.03,40598.97
2022-10-12,2.333,1.125,17.5,8.8,13.5,957.6,1.6,1.6,0.0,12.9,29.2,35905.24,40430.79
2022-10-13,1.333,0.83325,18.9,7.3,12.7,956.9,0.0,0.0,0.0,10.7,21.6,33320.2,40262.29
2022-10-14,4.333,2.916625,15.9,9.3,12.2,953.4,0.5,0.5,0.0,14.8,32.4,22385.06,40093.58
2022-10-15,4.667,2.79175,16.1,7.7,11.5,954.6,0.2,0.2,0.0,12.2,29.2,32765.88,39924.79
2022-10-16,4.0,2.9166250000000002,17.7,5.8,10.5,959.3,0.0,0.0,0.0,9.5,23.4,38079.49,39756.05
2022-10-17,3.0,0.833375,17.9,5.9,10.6,965.2,0.0,0.0,0.0,11.0,24.8,37810.65,39587.49
2022-10-18,2.333,1.33325,18.5,5.8,10.8,963.3,0.0,0.0,0.0,11.5,26.6,37540.49,39419.24
2022-10-19,1.333,0.875,19.2,3.8,10.8,955.2,0.0,0.0,0.0,12.5,24.8,37268.93,39251.43
2022-10-20,3.0,1.41675,17.1,7.7,11.5,957.2,0.0,0.0,0.0,12.0,25.2,36995.83,39084.2
2022-10-21,1.333,0.9165,16.2,5.0,9.1,959.3,0.0,0.0,0.0,10.2,22.0,36721.05,38917.69
2022-10-22,5.333,3.41675,21.9,4.3,11.8,957.5,0.0,0.0,0.0,10.2,23.0,36444.48,38752.02
2022-10-23,4.333,2.66675,20.9,7.5,14.2,957.5,0.0,0.0,0.0,16.4,33.5,36166.05,38587.35
2022-10-24,2.667,1.583375,23.5,11.4,15.8,957.6,0.0,0.0,0.0,7.7,19.8,36213.33,38423.82
2022-10-25,2.0,0.749875,24.1,12.2,17.1,955.1,0.0,0.0,0.0,9.1,17.6,36000.0,38261.58
2022-10-26,2.667,0.875,21.0,10.1,14.4,956.8,0.0,0.0,0.0,9.9,20.9,36000.0,38100.77
2022-10-27,3.0,2.250125,20.3,6.7,13.0,961.7,0.0,0.0,0.0,9.0,13.7,36000.0,37941.57
2022-10-28,4.333,2.833125,19.0,8.4,12.7,963.3,0.0,0.0,0.0,9.4,17.3,36000.0,37784.1
2022-10-29,4.667,3.75,19.3,4.6,12.3,961.1,0.0,0.0,0.0,8.5,14.8,35929.52,37628.54
2022-10-30,3.0,2.45825,20.9,5.2,12.5,957.2,0.0,0.0,0.0,10.0,19.4,35854.97,37474.92
2022-10-31,3.333,2.458375,22.7,8.7,14.9,956.9,0.0,0.0,0.0,10.5,18.0,35779.97,37321.86
2022-11-01,3.333,1.66675,22.6,10.0,15.3,958.4,0.0,0.0,0.0,6.3,14.4,35704.38,37169.13
2022-11-02,4.0,2.75,24.2,12.0,16.2,957.0,0.0,0.0,0.0,12.0,24.1,35628.28,37016.88
2022-11-03,5.0,3.708375,20.5,9.5,13.9,956.0,0.0,0.0,0.0,10.5,19.8,35551.74,36865.26
2022-11-04,3.667,2.875,19.2,5.8,11.1,950.0,0.0,0.0,0.0,14.8,31.3,32116.49,36714.4
2022-11-05,3.333,2.000125,17.9,6.5,11.2,946.3,0.0,0.0,0.0,12.2,28.4,22315.2,36564.49
2022-11-06,0.667,0.5417500000000001,15.0,8.5,11.4,948.6,1.5,1.5,0.0,18.4,37.1,2575.12,36415.67
2022-11-07,5.0,2.875125,16.4,5.9,10.8,953.9,0.0,0.0,0.0,9.7,23.8,35242.58,36268.11
2022-11-08,3.333,2.375,15.6,8.5,11.4,956.1,1.1,1.1,0.0,7.0,17.6,34479.21,36121.98
2022-11-09,3.0,1.166625,14.9,6.3,10.1,957.0,0.0,0.0,0.0,9.1,19.8,34180.31,35977.45
2022-11-10,0.333,0.041625,14.4,4.5,9.0,958.4,0.0,0.0,0.0,8.7,15.1,33879.48,35834.68
2022-11-11,2.667,1.79175,13.0,5.2,8.8,963.2,2.3,2.3,0.0,16.3,33.5,11445.19,35693.87
2022-11-12,2.333,1.083375,10.7,6.4,8.2,965.0,0.1,0.1,0.0,14.2,31.0,16031.91,35555.2
2022-11-13,2.667,1.666625,12.5,5.2,8.5,964.3,0.0,0.0,0.0,14.7,31.0,32400.0,35418.83
2022-11-14,1.667,0.75,15.0,3.5,8.1,959.9,0.0,0.0,0.0,10.6,14.8,34392.77,35284.97
2022-11-15,1.0,0.416375,12.0,2.0,6.3,954.0,0.0,0.0,0.0,11.2,20.5,34029.49,35153.81
2022-11-16,1.333,0.458125,14.9,3.7,8.7,944.7,0.2,0.2,0.0,8.7,19.4,23888.6,35025.54
2022-11-17,0.667,0.25012500000000004,15.2,7.6,10.4,938.5,6.7,6.7,0.0,14.0,38.9,20192.33,34900.36
2022-11-18,3.0,1.416625,17.0,4.9,10.3,938.7,4.0,4.0,0.0,13.2,33.1,29353.59,34778.48
2022-11-19,2.333,0.95825,17.0,7.7,11.6,943.7,10.0,10.0,0.0,12.3,29.2,27627.21,34659.96
2022-11-20,2.667,1.208375,16.3,9.7,11.7,944.1,6.3,6.3,0.0,14.3,28.1,12197.6,34543.55
2022-11-21,3.333,2.0416250000000002,11.4,3.2,7.6,940.5,7.1,7.1,0.0,20.3,45.4,11228.49,34429.04
2022-11-22,1.0,0.45825000000000005,9.1,-0.4,4.6,944.0,0.6,0.6,0.0,14.3,29.5,22409.34,34316.55
2022-11-23,1.0,0.416625,12.6,5.3,7.4,938.0,4.8,4.8,0.0,13.1,28.1,28350.38,34206.25
2022-11-24,2.333,1.333375,7.8,4.2,5.7,943.7,0.0,0.0,0.0,18.4,36.4,23366.5,34098.27
2022-11-25,4.0,3.25,8.0,2.0,5.3,951.8,0.0,0.0,0.0,22.2,44.3,30209.35,33992.77
2022-11-26,3.667,2.958375,7.7,-2.1,2.4,957.5,0.0,0.0,0.0,10.4,16.9,31858.25,33889.92
2022-11-27,3.667,2.7501249999999997,5.8,-2.1,2.4,959.7,2.3,2.3,0.0,11.8,23.4,0.0,33789.85
2022-11-28,5.333,3.20825,3.9,1.7,2.4,956.0,2.5,2.5,0.0,10.5,22.0,7283.61,33692.72
2022-11-29,4.0,3.3748750000000003,3.8,0.9,2.4,953.7,0.3,0.3,0.0,9.0,18.7,266.89,33598.71
2022-11-30,5.333,3.58325,3.9,2.3,2.9,953.4,2.6,2.6,0.0,12.8,26.6,0.0,33507.96
2022-12-01,4.667,3.75025,3.3,0.8,2.0,953.4,2.7,1.6,0.77,13.1,27.0,0.0,33420.65
2022-12-02,3.333,3.0,7.9,0.3,3.5,955.4,0.0,0.0,0.0,9.8,22.3,22597.2,33336.92
2022-12-03,3.333,2.2916250000000002,7.6,0.5,3.6,959.1,0.0,0.0,0.0,12.4,25.6,25193.08,33256.95
2022-12-04,4.333,2.7916250000000002,5.4,3.9,4.3,960.3,0.1,0.1,0.0,20.9,39.6,527.61,33180.91
2022-12-05,2.667,1.58325,7.6,3.3,4.7,959.8,0.4,0.4,0.0,14.9,29.5,12783.53,33108.95
2022-12-06,1.667,0.75,8.3,2.5,4.4,955.0,0.0,0.0,0.0,13.2,29.5,27411.57,33041.25
2022-12-07,4.667,2.54175,9.3,1.6,4.0,949.5,0.0,0.0,0.0,12.0,26.6,27144.27,32977.96
2022-12-08,4.0,1.958375,10.2,0.1,3.9,948.9,0.0,0.0,0.0,12.7,27.7,24178.25,32919.25
2022-12-09,4.333,2.208375,12.0,2.1,5.9,948.5,0.0,0.0,0.0,14.0,27.7,16166.05,32865.21
2022-12-10,3.0,1.9168749999999999,15.0,5.5,8.9,941.6,2.6,2.6,0.0,15.4,31.0,22815.63,32815.21
2022-12-11,2.667,2.125,15.3,2.2,8.6,932.4,10.7,10.7,0.0,22.4,42.5,18000.0,32769.08
2022-12-12,2.667,1.291625,8.0,0.0,3.3,940.0,10.0,6.9,2.17,12.3,23.8,26143.84,32726.88
2022-12-13,2.0,0.625,1.7,-3.5,-0.6,946.8,0.7,0.7,0.0,15.1,28.1,25753.2,32688.65
2022-12-14,2.0,1.0,1.9,-2.5,-0.5,947.1,1.9,1.2,0.49,16.5,31.7,6269.24,32654.42
2022-12-15,2.0,1.333375,8.5,0.1,3.5,945.1,12.8,10.5,1.61,17.3,40.3,20797.27,32624.24
2022-12-16,2.667,1.0,12.1,3.1,6.4,948.6,0.0,0.0,0.0,17.5,32.4,31695.81,32598.15
2022-12-17,1.667,0.45825,14.4,5.2,8.9,950.3,0.7,0.7,0.0,17.0,35.6,28259.0,32576.18
2022-12-18,2.0,0.791625,8.9,2.5,5.4,962.5,1.1,1.1,0.0,16.1,30.2,3094.87,32558.38
2022-12-19,3.667,2.0833749999999998,3.3,-1.3,0.9,969.4,0.0,0.0,0.0,14.3,31.0,25237.15,32544.76
2022-12-20,2.333,1.1665,2.7,-4.5,-1.4,966.5,0.0,0.0,0.0,12.6,27.4,31787.86,32535.37
2022-12-21,3.333,2.041875,5.2,-5.0,-1.0,957.6,0.0,0.0,0.0,9.1,18.0,31620.32,32530.23
2022-12-22,3.667,2.083375,7.1,-2.7,1.9,952.0,0.0,0.0,0.0,8.6,15.1,31847.0,32529.36
2022-12-23,4.667,3.3751249999999997,9.6,0.9,3.8,949.7,0.0,0.0,0.0,8.6,17.6,31879.57,32532.8
2022-12-24,4.333,3.583125,6.5,1.8,3.5,950.4,3.2,3.2,0.0,10.7,15.8,7223.8,32540.56
2022-12-25,3.0,2.000125,10.5,1.4,5.4,956.8,0.0,0.0,0.0,19.6,39.2,31920.2,32552.67
2022-12-26,5.667,3.16675,10.9,2.5,5.2,959.8,0.0,0.0,0.0,9.0,20.5,31937.16,32569.13
2022-12-27,4.333,3.6665,12.2,0.3,5.4,958.5,0.0,0.0,0.0,11.7,20.2,31958.56,32589.97
2022-12-28,2.333,1.1251250000000002,6.8,-0.4,2.8,961.0,1.1,0.6,0.35,11.4,15.5,22577.86,32615.2
2022-12-29,3.667,2.0,9.9,-1.4,3.1,959.8,0.0,0.0,0.0,10.8,22.0,32014.89,32644.86
2022-12-30,4.667,4.041625,12.4,3.0,5.9,959.1,0.0,0.0,0.0,7.4,18.4,32050.41,32679.28
2022-12-31,4.0,2.91675,11.1,3.8,6.3,962.9,0.0,0.0,0.0,7.6,15.1,32090.74,32718.44
2023-01-01,4.0,2.750125,10.3,3.6,6.2,965.2,0.0,0.0,0.0,5.8,11.2,32135.73,32762.23
2023-01-02,3.0,1.791625,10.3,2.5,6.0,963.7,0.0,0.0,0.0,6.4,13.7,32185.27,32810.52
2023-01-03,2.667,1.33325,12.1,0.5,5.5,960.5,0.0,0.0,0.0,13.0,18.0,32239.22,32863.17
2023-01-04,4.667,3.0,7.8,0.2,4.4,961.1,0.0,0.0,0.0,16.6,32.8,28768.47,32920.09
2023-01-05,3.0,1.79175,12.0,0.9,5.3,955.7,0.0,0.0,0.0,12.1,25.9,30874.49,32981.12
2023-01-06,1.333,0.7915,10.1,0.8,5.1,956.2,0.0,0.0,0.0,22.6,43.6,32286.05,33046.15
2023-01-07,2.667,1.2915,9.6,-0.4,3.8,957.7,0.0,0.0,0.0,10.4,15.5,32294.13,33115.05
2023-01-08,3.0,1.75,8.0,-2.3,2.3,955.0,0.0,0.0,0.0,11.9,19.1,32304.5,33187.68
2023-01-09,2.0,1.125,4.8,-2.4,0.3,950.7,0.0,0.0,0.0,16.5,33.5,32317.16,33263.93
2023-01-10,3.0,1.416875,4.5,-0.0,2.3,941.8,16.0,16.0,0.0,15.6,29.5,0.0,33343.66
2023-01-11,2.667,1.91675,4.7,-1.5,2.0,948.6,0.5,0.5,0.0,12.6,24.1,28712.09,33426.74
2023-01-12,3.0,2.16675,4.9,2.1,3.2,953.8,0.3,0.3,0.0,8.5,18.0,3600.0,33513.05
2023-01-13,4.0,2.45825,5.2,0.6,3.1,954.7,0.6,0.6,0.0,7.6,13.7,2903.8,33602.46
2023-01-14,3.333,2.04175,4.7,-1.7,1.6,954.3,0.0,0.0,0.0,7.5,16.2,18473.33,33694.85
2023-01-15,5.0,4.000249999999999,7.5,-0.4,3.5,954.0,0.0,0.0,0.0,13.4,28.4,30273.97,33790.08
2023-01-16,4.0,2.583375,6.1,-1.4,1.6,945.7,0.0,0.0,0.0,16.6,33.5,25200.0,33888.04
2023-01-17,3.333,1.125,14.0,1.4,6.2,937.5,0.0,0.0,0.0,15.8,28.1,22398.34,33988.6
2023-01-18,4.0,2.66675,16.6,5.5,9.8,936.7,0.0,0.0,0.0,17.3,35.6,28800.0,34091.77
2023-01-19,2.667,1.375,18.1,4.9,10.5,940.3,1.9,1.9,0.0,12.6,28.1,32400.0,34198.65
2023-01-20,2.667,1.291625,9.9,1.5,6.2,939.8,20.7,20.7,0.0,17.1,33.1,1937.24,34309.38
2023-01-21,4.0,2.9166250000000002,8.9,-2.0,3.7,944.8,11.9,11.9,0.0,17.2,33.5,25959.29,34423.75
2023-01-22,3.333,2.1248750000000003,9.1,3.9,6.5,952.2,9.2,9.2,0.0,9.7,19.1,20972.66,34541.56
2023-01-23,3.0,1.541625,7.9,4.8,6.8,957.9,0.1,0.1,0.0,22.2,43.6,0.0,34662.6
2023-01-24,1.333,0.83325,4.4,0.7,2.3,962.3,4.3,2.9,0.98,17.5,34.6,0.0,34786.69
2023-01-25,3.0,1.33325,2.4,0.0,0.8,961.3,0.0,0.0,0.0,15.8,31.3,3391.01,34913.62
2023-01-26,2.667,2.2085,2.0,-1.5,-0.2,952.0,1.3,0.0,0.91,20.0,38.2,0.0,35043.2
2023-01-27,3.333,1.875,3.1,-0.3,0.9,942.8,2.0,0.3,1.26,7.6,16.2,0.0,35175.24
2023-01-28,3.0,2.2083749999999998,3.1,-1.0,0.5,947.6,1.3,0.0,0.98,13.1,25.6,8647.59,35309.56
2023-01-29,2.0,1.083375,1.9,-1.4,0.1,953.5,1.5,0.0,1.12,13.6,27.0,3600.0,35445.98
2023-01-30,2.667,1.000125,2.2,-3.8,-1.1,951.3,0.0,0.0,0.0,14.7,31.0,32228.65,35584.32
2023-01-31,3.333,1.875,3.0,-3.0,0.3,948.2,0.4,0.0,0.28,22.3,45.4,27909.51,35724.4
2023-02-01,2.667,1.20825,6.2,-2.2,1.1,952.2,0.1,0.0,0.07,22.6,45.0,18703.33,35866.05
2023-02-02,3.333,0.916625,7.4,-2.1,1.8,951.4,1.1,0.8,0.21,20.7,49.0,19261.96,36009.11
2023-02-03,3.0,1.66675,4.2,-2.9,0.8,955.0,1.0,0.0,0.7,24.3,47.2,30440.83,36153.4
2023-02-04,2.667,1.125125,4.4,-1.1,1.5,947.5,1.7,0.9,0.56,24.1,46.8,8566.39,36298.77
2023-02-05,2.0,1.124875,-0.9,-5.2,-3.5,954.6,3.6,0.0,2.52,23.4,43.9,3862.16,36445.06
2023-02-06,3.667,3.083375,-2.0,-8.0,-4.7,960.9,0.5,0.0,0.35,11.9,27.4,26113.02,36592.12
2023-02-07,4.0,3.29175,-0.4,-6.4,-3.9,965.0,0.1,0.0,0.07,11.6,19.4,30598.72,36739.94
2023-02-08,4.0,3.20825,-1.5,-7.7,-4.4,969.3,0.0,0.0,0.0,11.7,26.3,24002.28,36889.9
2023-02-09,4.333,3.2498750000000003,1.0,-7.9,-4.6,970.3,0.0,0.0,0.0,11.6,29.2,35088.19,37042.26
2023-02-10,4.0,2.958375,3.6,-7.8,-3.0,967.7,0.0,0.0,0.0,8.7,14.4,35439.13,37196.8
2023-02-11,3.333,1.9165,4.4,-6.8,-2.3,965.5,0.0,0.0,0.0,11.3,25.2,35810.86,37353.36
2023-02-12,2.333,1.8751250000000002,4.2,-4.4,0.2,962.7,0.0,0.0,0.0,13.9,25.9,2497.74,37511.77
2023-02-13,2.0,0.91675,6.4,-4.5,0.3,967.9,0.0,0.0,0.0,11.4,25.2,35882.38,37671.85
2023-02-14,2.333,1.499875,4.4,-2.3,0.6,963.6,0.0,0.0,0.0,23.2,43.6,36135.86,37833.44
2023-02-15,5.333,3.8748750000000003,6.7,-2.0,1.6,963.6,0.0,0.0,0.0,15.4,32.0,35565.08,37996.37
2023-02-16,5.0,3.2915,12.1,-2.6,3.2,962.1,0.0,0.0,0.0,8.4,18.0,36973.83,38160.48
2023-02-17,3.0,1.375,14.1,-0.4,4.6,959.4,0.0,0.0,0.0,16.1,33.1,35723.35,38325.6
2023-02-18,2.333,1.5,15.8,0.0,6.0,957.1,0.0,0.0,0.0,14.5,29.5,33324.98,38491.6
2023-02-19,2.667,1.45825,17.1,1.7,8.1,953.2,0.0,0.0,0.0,12.0,19.8,32802.31,38658.31
2023-02-20,3.0,1.708375,12.0,1.3,7.1,956.4,0.0,0.0,0.0,25.5,50.8,38071.58,38825.6
2023-02-21,4.0,2.666625,17.4,0.5,6.9,952.6,0.0,0.0,0.0,13.0,25.9,38406.66,38993.29
2023-02-22,2.333,1.624875,15.9,2.5,8.3,950.3,0.0,0.0,0.0,12.7,20.5,38498.24,39161.27
2023-02-23,4.333,3.41675,15.3,4.1,7.7,950.5,0.0,0.0,0.0,15.0,33.8,34030.53,39329.39
2023-02-24,2.333,1.166625,12.3,3.8,6.7,949.4,0.4,0.4,0.0,17.1,32.4,30848.14,39497.5
2023-02-25,3.333,2.0416250000000002,16.0,-0.3,7.7,941.4,0.0,0.0,0.0,13.5,29.5,34546.63,39665.47
2023-02-26,5.667,3.4166250000000002,19.5,5.6,11.6,938.6,0.0,0.0,0.0,14.9,32.4,35268.79,39833.16
2023-02-27,6.667,6.208375,12.6,3.1,7.5,948.2,0.8,0.8,0.0,13.4,30.6,32400.0,40000.58
2023-02-28,5.667,3.458375,10.9,3.5,7.0,956.6,2.0,2.0,0.0,17.8,35.3,3094.81,40169.06
2023-03-01,3.0,1.75,7.9,3.8,5.5,955.7,1.7,1.7,0.0,16.8,33.8,0.0,40338.86
2023-03-02,3.667,1.91675,6.8,3.8,5.0,953.9,1.0,1.0,0.0,16.9,34.2,0.0,40509.85
2023-03-03,4.0,3.416625,5.8,3.1,4.2,950.9,4.0,4.0,0.0,12.4,24.1,0.0,40681.89
2023-03-04,4.0,3.08325,8.7,0.8,4.4,949.8,0.0,0.0,0.0,5.4,15.5,14459.79,40854.85
2023-03-05,4.333,3.541625,9.9,1.5,5.1,945.4,0.0,0.0,0.0,16.4,33.1,39548.56,41028.61
2023-03-06,3.667,2.916875,12.1,-2.9,5.0,945.1,0.0,0.0,0.0,13.6,27.4,39600.0,41203.04
2023-03-07,3.0,1.958375,14.2,-0.7,6.1,942.4,0.4,0.4,0.0,11.2,25.6,39600.0,41378.02
2023-03-08,3.0,1.70825,14.3,1.8,7.8,943.7,0.0,0.0,0.0,12.1,26.3,39600.0,41553.43
2023-03-09,4.0,2.83325,18.3,4.1,9.8,943.3,0.1,0.1,0.0,13.3,28.4,39600.0,41729.15
2023-03-10,3.333,2.0,16.5,6.0,9.4,940.7,9.4,9.4,0.0,14.7,42.1,20602.59,41905.05
2023-03-11,2.667,1.458375,14.9,5.1,9.2,934.0,1.6,1.6,0.0,22.7,43.2,25340.26,42081.02
2023-03-12,3.0,1.583375,8.0,-0.1,3.8,946.1,0.0,0.0,0.0,19.8,40.3,39600.0,42256.94
2023-03-13,1.333,0.499875,10.4,-3.8,3.3,954.4,0.0,0.0,0.0,9.7,17.3,39779.33,42432.7
2023-03-14,4.333,3.291625,15.1,-2.8,5.0,948.8,0.0,0.0,0.0,14.5,32.0,39600.0,42608.17
2023-03-15,5.667,3.7501249999999997,12.3,0.0,5.6,939.3,0.0,0.0,0.0,9.8,21.2,20720.76,42783.24
2023-03-16,3.667,1.125,6.1,0.8,2.7,946.4,3.3,1.8,1.05,21.5,42.5,0.0,42957.8
2023-03-17,2.333,1.374875,8.4,0.4,3.5,955.0,0.7,0.1,0.42,11.6,26.6,28745.52,43131.73
2023-03-18,2.667,2.0415,8.6,-2.7,3.2,955.1,0.2,0.2,0.0,13.5,30.6,39600.04,43304.9
2023-03-19,3.333,2.083375,14.7,-1.0,5.9,955.3,0.0,0.0,0.0,7.9,17.3,40189.84,43477.33
2023-03-20,4.0,2.124875,19.1,3.0,9.8,952.9,0.0,0.0,0.0,8.0,18.4,39600.0,43650.24
2023-03-21,2.333,1.70825,15.9,6.9,10.7,948.8,5.1,5.1,0.0,7.7,14.4,17683.92,43823.87
2023-03-22,3.667,2.83325,12.8,6.1,9.0,948.9,13.2,13.2,0.0,9.7,17.3,17494.82,43998.12
2023-03-23,7.0,4.3335,15.1,2.1,8.1,951.3,0.0,0.0,0.0,8.9,18.4,40674.45,44172.87
2023-03-24,8.0,5.08325,18.5,4.2,10.2,951.0,0.0,0.0,0.0,8.8,18.4,41243.48,44348.02
2023-03-25,3.667,2.79175,19.9,7.2,12.1,946.5,0.5,0.5,0.0,13.5,27.4,29807.29,44523.47
2023-03-26,2.667,1.708625,15.6,5.9,10.1,946.2,2.2,2.2,0.0,16.3,33.1,41694.58,44699.1
2023-03-27,1.0,0.5415,16.2,2.9,8.3,936.9,8.8,8.8,0.0,19.6,37.8,21114.8,44874.81
2023-03-28,1.667,0.875,5.9,0.1,2.7,945.8,0.2,0.2,0.0,31.6,62.6,35169.83,45050.5
2023-03-29,2.0,1.250125,7.4,-1.8,2.2,956.4,0.0,0.0,0.0,27.7,54.7,43312.24,45226.05
2023-03-30,5.0,3.083375,13.7,-0.1,6.7,956.0,0.0,0.0,0.0,11.5,27.0,40351.6,45401.35
2023-03-31,4.333,3.333125,17.4,5.2,10.6,948.4,0.5,0.5,0.0,18.8,39.2,42626.95,45576.3
2023-04-01,3.667,2.66675,16.9,6.2,10.3,940.0,2.3,2.3,0.0,20.0,46.4,25946.48,45750.78
2023-04-02,3.667,2.708375,15.5,3.5,9.2,943.1,0.0,0.0,0.0,12.8,28.1,42959.59,45924.68
2023-04-03,3.667,2.5,14.9,3.8,8.2,943.4,14.6,14.6,0.0,17.3,40.3,21215.06,46097.89
2023-04-04,3.667,2.625,8.3,1.0,5.7,940.1,17.5,17.5,0.0,22.5,42.5,0.0,46270.28
2023-04-05,3.333,2.458375,5.0,-0.6,1.8,947.7,0.2,0.0,0.14,18.7,37.8,23419.68,46441.74
2023-04-06,3.0,1.749875,6.2,-1.7,1.8,947.9,0.0,0.0,0.0,17.9,36.4,42435.58,46612.16
2023-04-07,3.0,1.875125,8.7,-2.8,3.2,949.5,0.0,0.0,0.0,15.9,34.2,20159.56,46781.42
2023-04-08,2.0,1.25,11.2,0.4,5.8,952.6,3.1,3.1,0.0,10.7,25.2,43940.24,46949.49
2023-04-09,3.0,1.416625,11.8,4.2,7.3,953.4,2.8,2.8,0.0,14.6,31.0,18426.54,47117.56
2023-04-10,3.333,2.541625,10.3,3.9,7.0,951.6,3.8,3.8,0.0,14.7,32.0,38889.02,47285.86
2023-04-11,2.333,1.08325,12.8,4.2,8.0,946.9,0.4,0.4,0.0,22.2,44.6,37970.41,47454.28
2023-04-12,1.333,0.624875,12.6,4.8,8.6,942.8,1.5,1.5,0.0,26.6,56.2,38131.87,47622.7
2023-04-13,2.333,1.375,20.0,2.8,10.4,943.3,0.0,0.0,0.0,9.6,21.2,46800.0,47791.01
2023-04-14,2.333,1.45825,20.4,6.1,10.8,941.2,2.4,2.4,0.0,20.5,43.6,32865.35,47959.12
2023-04-15,2.333,1.83325,17.0,3.0,10.4,944.7,1.2,1.2,0.0,9.4,26.3,46800.0,48126.89
2023-04-16,1.667,0.9167500000000001,17.1,5.3,11.0,945.3,0.4,0.4,0.0,12.0,29.2,36620.17,48294.21
2023-04-17,1.667,1.1665,15.5,7.1,10.1,944.5,10.0,10.0,0.0,13.7,31.3,13367.73,48460.98
2023-04-18,4.667,2.0833749999999998,13.4,8.3,10.0,946.8,2.3,2.3,0.0,11.6,27.0,13416.31,48627.06
2023-04-19,3.667,1.958375,14.6,5.8,9.8,947.1,0.7,0.7,0.0,15.1,33.1,44894.53,48792.33
2023-04-20,2.333,1.083375,13.8,4.6,9.1,947.6,0.6,0.6,0.0,14.7,32.8,46242.05,48956.67
2023-04-21,3.333,2.0416250000000002,15.4,3.8,10.2,947.2,1.0,1.0,0.0,15.9,34.2,46800.0,49119.94
2023-04-22,2.333,1.4997500000000001,15.5,6.1,10.5,949.0,2.8,2.8,0.0,10.5,29.2,46537.7,49282.03
2023-04-23,8.333,4.2915,16.3,4.2,10.2,950.5,0.1,0.1,0.0,18.8,38.2,46800.0,49442.79
2023-04-24,8.0,4.91675,19.5,4.8,11.0,947.3,3.9,3.9,0.0,15.2,32.8,30932.83,49602.08
2023-04-25,3.333,1.749875,15.0,7.2,11.1,942.6,8.1,8.1,0.0,15.5,35.6,36844.19,49759.78
2023-04-26,3.333,2.8748750000000003,14.5,5.1,9.8,943.0,0.1,0.1,0.0,19.5,38.2,28298.35,49915.72
2023-04-27,4.333,3.5,12.1,3.8,8.4,950.2,0.0,0.0,0.0,18.4,37.8,41036.22,50069.78
2023-04-28,4.0,3.291625,15.5,2.2,8.0,954.2,0.0,0.0,0.0,15.6,33.1,46800.0,50221.91
2023-04-29,4.0,3.4165,15.3,4.1,9.7,951.0,0.0,0.0,0.0,11.0,22.0,37667.13,50373.23
2023-04-30,3.0,1.958375,17.2,7.2,12.3,949.2,1.9,1.9,0.0,16.7,33.1,46800.0,50523.95
2023-05-01,3.333,2.124875,18.5,6.1,12.4,952.5,0.6,0.6,0.0,15.1,40.3,46800.0,50673.95
2023-05-02,3.333,1.8335,19.1,6.4,12.9,954.6,0.0,0.0,0.0,17.6,37.8,46800.0,50823.12
2023-05-03,2.0,0.666625,17.3,9.2,12.0,954.5,12.4,12.4,0.0,21.9,44.3,21088.11,50971.33
2023-05-04,2.333,1.375,14.3,8.7,11.0,953.8,5.6,5.6,0.0,12.2,28.1,15133.0,51118.45
2023-05-05,1.667,0.7085,17.0,5.8,11.7,954.6,0.0,0.0,0.0,10.7,24.1,43716.32,51264.34
2023-05-06,6.0,3.791625,17.8,6.5,12.6,953.0,0.4,0.4,0.0,12.6,28.4,46906.07,51408.88
2023-05-07,4.0,2.125,21.1,8.7,14.2,953.1,0.0,0.0,0.0,9.7,19.1,47897.86,51551.92
2023-05-08,4.333,2.666625,19.7,8.6,13.7,953.1,15.4,15.4,0.0,12.9,40.3,34347.04,51693.35
2023-05-09,4.333,2.375,13.4,9.5,11.2,954.9,1.8,1.8,0.0,15.1,31.3,0.0,51832.99
2023-05-10,5.333,3.54175,10.4,7.4,8.7,954.0,9.9,9.9,0.0,16.9,33.5,1129.7,51970.73
2023-05-11,2.667,2.04175,13.3,7.1,10.1,953.6,0.0,0.0,0.0,18.4,38.5,26159.29,52106.39
2023-05-12,5.333,3.0415,14.5,6.5,9.8,954.3,5.2,5.2,0.0,18.1,38.5,33571.2,52239.84
2023-05-13,4.0,2.291625,18.2,7.2,12.4,956.1,0.1,0.1,0.0,13.4,25.6,47042.2,52370.92
2023-05-14,3.333,1.791625,14.2,10.4,11.6,955.1,8.2,8.2,0.0,18.1,37.4,4179.38,52499.46
2023-05-15,2.667,1.08325,16.8,8.9,12.5,949.9,1.2,1.2,0.0,15.9,37.4,8517.46,52625.32
2023-05-16,2.667,1.70825,20.2,11.9,14.9,946.3,6.2,6.2,0.0,20.5,42.8,9041.64,52748.34
2023-05-17,1.0,0.625125,19.3,11.1,14.4,945.4,8.4,8.4,0.0,12.5,31.0,27431.4,52868.33
2023-05-18,0.667,0.29150000000000004,14.8,10.7,12.4,949.2,3.5,3.5,0.0,9.5,23.8,1644.24,52985.24
2023-05-19,4.0,1.416625,19.5,7.7,13.9,954.0,0.9,0.9,0.0,10.5,25.9,49452.87,53100.0
2023-05-20,5.667,4.04175,19.9,10.4,15.0,953.2,0.6,0.6,0.0,16.6,37.1,50593.96,53212.78
2023-05-21,5.667,3.2083749999999998,20.1,11.0,15.0,949.2,0.1,0.1,0.0,16.4,39.2,43310.19,53323.46
2023-05-22,4.667,3.375,19.5,10.1,14.8,949.3,17.0,17.0,0.0,15.9,37.1,45949.5,53431.92
2023-05-23,3.667,2.375125,21.1,7.9,15.5,949.4,0.1,0.1,0.0,10.5,22.0,51710.42,53538.06
2023-05-24,3.0,2.291625,23.1,7.6,16.8,950.0,0.0,0.0,0.0,8.9,15.8,51384.64,53641.74
2023-05-25,3.0,2.41675,20.4,11.2,16.4,951.9,2.4,2.4,0.0,9.4,24.1,50243.91,53742.87
2023-05-26,1.667,1.333375,20.4,9.8,16.1,951.9,1.9,1.9,0.0,10.7,27.0,45913.08,53841.31
2023-05-27,2.0,0.833375,20.3,9.2,15.8,951.3,1.3,1.3,0.0,14.7,32.4,48356.19,53936.94
2023-05-28,3.0,2.16675,18.5,9.9,15.1,949.7,16.9,16.9,0.0,9.7,27.0,40361.34,54029.65
2023-05-29,1.333,0.75,20.4,12.4,16.0,949.7,0.9,0.9,0.0,12.0,27.0,39133.69,54119.29
2023-05-30,2.0,0.958375,21.4,11.9,16.7,950.8,4.3,4.3,0.0,10.5,29.9,50622.51,54205.76
2023-05-31,3.0,2.2498750000000003,22.0,12.4,17.2,952.7,0.2,0.2,0.0,19.2,40.7,49266.71,54288.93
2023-06-01,3.667,2.666625,23.4,12.4,17.3,952.3,0.4,0.4,0.0,13.0,29.2,47015.24,54368.66
2023-06-02,2.0,1.16675,23.4,12.8,18.1,949.4,0.7,0.7,0.0,10.2,21.2,49248.13,54444.83
2023-06-03,1.667,0.750125,20.4,12.8,16.8,949.9,4.5,4.5,0.0,9.7,30.2,47141.64,54517.31
2023-06-04,4.0,1.999875,20.4,13.7,16.5,954.7,3.7,3.7,0.0,14.2,29.9,30937.85,54585.98
2023-06-05,1.667,0.958375,22.2,10.9,16.9,955.4,0.0,0.0,0.0,12.0,26.3,44539.51,54650.72
2023-06-06,2.667,1.333375,23.0,12.1,17.3,954.5,0.0,0.0,0.0,17.7,36.4,49311.87,54711.38
2023-06-07,2.0,0.75,22.3,12.1,17.6,953.1,0.0,0.0,0.0,12.7,26.3,44260.12,54767.9
2023-06-08,1.667,1.166625,24.4,12.3,18.5,951.2,0.1,0.1,0.0,15.0,32.0,50471.47,54820.74
2023-06-09,1.667,0.708375,24.7,12.0,18.4,949.3,0.6,0.6,0.0,12.8,30.2,53312.95,54869.99
2023-06-10,1.333,0.9165,23.4,14.4,18.3,947.3,4.5,4.5,0.0,9.5,27.0,46147.96,54915.61
2023-06-11,3.0,2.08325,23.5,13.8,18.6,946.6,0.1,0.1,0.0,15.9,32.0,50057.48,54957.57
2023-06-12,2.333,1.49975,24.3,14.0,18.1,946.7,7.0,7.0,0.0,10.1,35.3,45788.59,54995.83
2023-06-13,2.333,1.2915,19.5,14.0,16.7,947.3,3.0,3.0,0.0,9.2,22.0,29558.66,55030.35
2023-06-14,2.667,0.75,22.3,14.0,18.2,949.3,0.2,0.2,0.0,11.0,26.3,45074.31,55061.12
2023-06-15,5.333,3.208125,21.2,14.5,18.0,949.2,24.9,24.9,0.0,11.6,25.9,24684.49,55088.08
2023-06-16,6.0,4.000125,22.6,15.4,18.1,945.4,41.2,41.2,0.0,12.0,25.9,27044.44,55111.21
2023-06-17,2.333,2.0,19.9,14.6,16.3,945.5,21.4,21.4,0.0,15.9,30.6,11572.48,55130.49
2023-06-18,3.0,2.125,21.3,13.9,17.1,949.9,2.4,2.4,0.0,12.8,23.4,32632.98,55145.89
2023-06-19,3.333,2.3748750000000003,24.9,12.2,18.6,952.4,0.0,0.0,0.0,12.5,26.6,54000.0,55157.37
2023-06-20,2.667,2.000125,25.0,12.5,19.7,953.7,0.2,0.2,0.0,11.6,24.5,54000.0,55164.94
2023-06-21,2.667,1.458375,27.0,15.6,21.3,954.5,0.0,0.0,0.0,8.0,19.4,54000.0,55168.55
2023-06-22,2.667,2.1251249999999997,28.0,15.4,22.0,956.0,4.3,4.3,0.0,10.6,23.0,53521.59,55168.19
2023-06-23,2.667,2.124875,29.3,17.5,23.0,954.3,0.0,0.0,0.0,9.0,17.6,53495.72,55163.85
2023-06-24,4.333,2.916625,28.9,15.8,22.4,952.4,0.0,0.0,0.0,11.5,24.5,50745.51,55155.51
2023-06-25,5.0,2.70825,24.6,16.5,19.7,951.0,7.9,7.9,0.0,11.5,30.6,35870.92,55143.16
2023-06-26,3.0,2.416625,24.1,15.7,20.0,949.7,0.6,0.6,0.0,12.0,28.1,52923.28,55126.8
2023-06-27,2.333,2.0,25.4,14.1,20.0,950.4,0.0,0.0,0.0,8.1,16.9,54000.0,55106.38
2023-06-28,2.333,1.9165,25.0,14.4,19.0,950.2,6.3,6.3,0.0,14.8,34.9,41327.65,55081.67
2023-06-29,3.667,3.04175,21.2,12.6,16.9,952.7,4.6,4.6,0.0,12.1,26.6,54000.0,55052.69
2023-06-30,3.0,1.54175,25.7,13.1,18.8,951.2,0.0,0.0,0.0,7.2,20.2,54000.0,55019.53
2023-07-01,2.0,1.125125,26.9,14.4,20.7,947.4,0.2,0.2,0.0,10.5,24.5,47024.53,54982.27
2023-07-02,1.667,1.0,23.1,15.6,19.6,946.0,4.0,4.0,0.0,14.6,27.4,52402.08,54940.99
2023-07-03,1.333,0.958375,26.8,15.1,21.2,949.6,0.1,0.1,0.0,11.7,24.8,54000.0,54895.8
2023-07-04,1.0,0.791875,28.6,16.3,22.6,951.6,0.0,0.0,0.0,7.6,17.6,54000.0,54846.77
2023-07-05,2.667,1.33325,26.4,18.8,21.7,951.0,9.5,9.5,0.0,11.9,29.2,33534.98,54794.01
2023-07-06,3.333,2.333375,25.4,15.8,20.7,951.0,2.4,2.4,0.0,12.8,28.4,42667.57,54737.6
2023-07-07,4.0,3.2085,26.4,16.5,20.7,952.7,0.1,0.1,0.0,15.1,31.7,53948.98,54677.65
2023-07-08,3.333,1.2915,25.1,15.8,20.5,954.8,0.4,0.4,0.0,23.0,44.3,52193.91,54614.23
2023-07-09,1.333,0.70825,26.8,13.3,20.3,956.0,0.0,0.0,0.0,15.2,30.6,53865.81,54547.46
2023-07-10,1.333,0.95825,27.8,14.2,21.7,956.7,0.0,0.0,0.0,12.9,27.4,53822.4,54477.42
2023-07-11,2.667,1.7085,29.3,15.5,23.1,955.7,0.0,0.0,0.0,14.8,30.6,53766.13,54404.21
2023-07-12,2.333,1.5415,32.9,19.3,25.7,954.9,0.0,0.0,0.0,10.1,22.7,53690.6,54327.93
2023-07-13,3.0,1.625,35.6,20.3,27.6,953.7,0.0,0.0,0.0,7.2,18.0,53612.11,54248.67
2023-07-14,4.667,3.333375,32.2,19.1,26.2,953.3,0.0,0.0,0.0,13.3,26.3,53530.75,54166.53
2023-07-15,2.667,1.5835,31.8,19.7,25.6,954.5,0.0,0.0,0.0,12.5,27.0,53446.62,54081.6
2023-07-16,4.0,1.333375,32.2,19.1,26.1,954.5,0.0,0.0,0.0,8.9,20.9,53359.8,53993.96
2023-07-17,4.667,3.29175,33.4,20.6,27.5,955.1,0.0,0.0,0.0,11.4,22.3,53270.32,53903.65
2023-07-18,4.333,2.583375,33.2,21.2,27.5,954.3,0.0,0.0,0.0,15.6,34.6,53177.53,53809.85
2023-07-19,1.333,0.958375,33.1,18.7,26.3,951.8,0.0,0.0,0.0,9.3,24.8,53081.22,53712.49
2023-07-20,4.333,1.79175,31.7,18.3,25.2,948.3,0.0,0.0,0.0,21.0,40.7,52747.41,53611.71
2023-07-21,4.333,2.2915,33.1,18.2,25.3,950.3,0.0,0.0,0.0,11.8,25.2,52369.7,53507.68
2023-07-22,3.0,1.833375,35.7,18.8,27.0,951.8,0.2,0.2,0.0,23.5,49.0,52338.32,53400.56
2023-07-23,2.333,1.45825,30.8,20.4,25.7,954.1,0.0,0.0,0.0,21.3,43.6,51959.44,53290.49
2023-07-24,2.333,1.5,33.2,18.4,25.6,953.1,0.0,0.0,0.0,18.0,35.6,51580.59,53177.64
2023-07-25,4.333,1.79175,38.0,19.9,28.8,947.2,0.0,0.0,0.0,11.8,24.1,50857.02,53062.14
2023-07-26,4.667,3.291625,35.0,20.5,27.1,941.7,0.8,0.8,0.0,27.0,51.1,49187.94,52944.17
2023-07-27,2.0,1.583375,22.7,16.2,19.4,948.6,0.2,0.2,0.0,27.2,54.7,49129.72,52823.83
2023-07-28,2.333,1.2497500000000001,29.3,12.5,20.4,951.8,0.0,0.0,0.0,14.0,31.0,50646.98,52701.3
2023-07-29,3.0,1.95825,31.0,16.3,24.1,950.6,0.0,0.0,0.0,8.1,17.6,49672.4,52576.71
2023-07-30,2.667,1.91675,31.6,18.3,25.2,949.4,0.0,0.0,0.0,7.3,16.6,49043.81,52450.2
2023-07-31,2.333,1.416625,27.6,19.0,23.2,948.9,3.2,3.2,0.0,17.4,33.8,47455.6,52321.9
2023-08-01,3.0,1.958375,29.8,15.7,22.9,947.4,0.0,0.0,0.0,10.9,23.0,49148.08,52191.95
2023-08-02,4.0,2.333375,31.3,18.5,24.9,946.4,0.0,0.0,0.0,10.9,27.4,41999.23,52060.47
2023-08-03,2.0,1.249875,35.3,19.7,27.6,947.9,0.0,0.0,0.0,9.8,23.0,47237.99,51927.61
2023-08-04,4.0,2.25,35.7,21.9,29.2,948.4,0.2,0.2,0.0,15.2,29.5,47634.05,51793.48
2023-08-05,6.333,3.458375,33.7,21.8,27.8,944.6,0.8,0.8,0.0,23.9,42.1,47694.32,51658.2
2023-08-06,1.0,0.33325,26.2,17.1,21.7,941.2,7.9,7.9,0.0,18.5,42.8,42258.27,51521.78
2023-08-07,4.0,2.041625,26.7,14.8,19.8,947.5,0.4,0.4,0.0,19.6,39.2,44956.69,51383.17
2023-08-08,4.0,1.5,22.8,14.7,18.3,952.5,6.7,6.7,0.0,12.5,28.1,42145.75,51242.21
2023-08-09,2.333,1.583375,26.6,10.9,18.3,953.4,0.0,0.0,0.0,16.4,31.3,46924.12,51099.06
2023-08-10,2.667,1.625,21.5,15.7,18.2,953.2,4.7,4.7,0.0,12.6,25.2,28944.42,50953.86
2023-08-11,1.333,0.833375,25.3,12.5,18.8,956.5,0.4,0.4,0.0,8.4,19.8,46800.0,50806.76
2023-08-12,2.333,1.666625,26.6,12.2,20.0,956.7,0.0,0.0,0.0,9.4,23.4,45423.77,50657.92
2023-08-13,2.0,1.000125,26.9,17.8,22.1,956.1,0.0,0.0,0.0,17.4,36.7,43528.73,50507.48
2023-08-14,1.333,0.958125,28.1,15.2,22.5,955.8,0.0,0.0,0.0,20.2,40.0,37339.4,50355.56
2023-08-15,1.0,0.6248750000000001,24.9,18.9,21.7,954.6,9.1,9.1,0.0,15.0,31.7,23786.48,50202.32
2023-08-16,3.0,1.583375,27.5,18.3,22.6,953.2,17.6,17.6,0.0,12.3,28.8,45725.65,50047.87
2023-08-17,2.333,1.5,31.7,16.8,24.3,952.4,0.2,0.2,0.0,19.2,38.9,46800.0,49892.37
2023-08-18,3.0,2.374875,32.8,17.9,25.6,952.7,0.0,0.0,0.0,18.7,38.2,46800.0,49735.92
2023-08-19,3.0,1.708125,31.1,18.0,24.7,953.5,0.0,0.0,0.0,16.8,38.5,46800.0,49578.66
2023-08-20,3.333,1.95825,31.5,17.9,24.9,954.5,0.0,0.0,0.0,15.4,33.8,46800.0,49420.71
2023-08-21,2.667,2.0,32.7,18.2,26.4,955.7,0.1,0.1,0.0,12.2,30.2,46800.0,49262.19
2023-08-22,3.333,1.541625,32.6,18.7,26.2,955.5,0.1,0.1,0.0,18.5,37.8,46800.0,49103.21
2023-08-23,1.667,0.666625,32.9,21.5,27.4,954.3,0.0,0.0,0.0,15.1,33.1,46800.0,48943.9
2023-08-24,3.0,1.541875,30.8,18.9,25.9,953.5,1.1,1.1,0.0,11.4,27.7,41464.07,48784.36
2023-08-25,2.0,0.875,32.3,18.9,25.0,952.8,0.0,0.0,0.0,11.5,24.8,46800.0,48624.71
2023-08-26,2.0,1.625,33.2,20.4,26.1,951.9,0.0,0.0,0.0,12.1,29.2,46800.0,48464.94
2023-08-27,3.333,2.1665,32.6,18.1,25.4,949.6,0.0,0.0,0.0,12.4,28.1,46800.0,48303.94
2023-08-28,2.0,1.54175,33.8,17.6,25.3,947.2,0.0,0.0,0.0,19.6,39.6,46800.0,48141.53
2023-08-29,2.0,0.95825,29.2,19.2,23.4,943.6,8.4,8.4,0.0,16.7,37.1,43598.03,47977.83
2023-08-30,2.0,1.249875,28.1,16.8,22.0,943.6,0.4,0.4,0.0,16.9,31.3,45279.08,47812.94
2023-08-31,2.0,1.41675,27.1,15.7,20.9,948.8,1.0,1.0,0.0,15.3,31.0,46501.07,47647.01
2023-09-01,3.333,2.6251249999999997,27.4,13.7,20.4,954.2,0.0,0.0,0.0,10.0,21.6,46621.42,47480.15
2023-09-02,5.333,4.499875,27.9,14.8,21.6,956.5,0.0,0.0,0.0,8.6,21.2,46518.19,47312.46
2023-09-03,5.333,3.4165,28.5,16.1,22.0,956.1,0.0,0.0,0.0,9.8,18.7,46414.27,47144.06
2023-09-04,2.667,1.541625,20.8,14.5,16.0,952.7,11.9,11.9,0.0,11.1,23.4,407.73,46975.08
2023-09-05,4.0,1.7085,21.7,15.2,17.8,954.3,0.4,0.4,0.0,19.0,44.3,23006.33,46805.6
2023-09-06,3.333,1.458375,23.7,13.5,19.2,956.6,2.4,2.4,0.0,18.0,37.8,42974.99,46635.73
2023-09-07,2.0,1.3335,24.3,16.4,20.4,956.8,0.0,0.0,0.0,18.6,38.2,36269.8,46465.6
2023-09-08,2.667,1.249875,24.5,13.8,19.9,956.3,0.0,0.0,0.0,18.5,38.5,42886.72,46295.28
2023-09-09,2.667,1.75,25.5,13.8,19.1,955.2,0.0,0.0,0.0,12.4,28.1,45551.01,46124.9
2023-09-10,1.333,0.541625,25.8,13.6,19.5,955.7,0.0,0.0,0.0,16.6,36.4,44800.19,45954.56
2023-09-11,2.0,1.375,25.7,10.7,18.7,954.4,0.0,0.0,0.0,11.1,27.4,44787.03,45784.34
2023-09-12,5.333,2.875,27.8,12.8,19.4,953.6,0.0,0.0,0.0,10.0,16.2,44461.01,45614.36
2023-09-13,4.667,2.91675,30.3,13.1,20.8,953.8,0.0,0.0,0.0,10.5,21.6,43822.59,45444.71
2023-09-14,4.333,2.9165,29.7,15.5,22.0,953.6,0.9,0.9,0.0,8.9,18.0,36700.01,45275.48
2023-09-15,3.0,1.583375,27.2,15.0,20.7,954.5,1.0,1.0,0.0,11.6,22.3,42383.21,45106.67
2023-09-16,3.0,1.291625,23.2,16.1,19.0,956.0,11.5,11.5,0.0,11.5,25.2,36576.76,44937.16
2023-09-17,3.333,2.916625,23.9,15.5,19.1,956.7,0.0,0.0,0.0,11.6,28.1,38762.18,44766.73
2023-09-18,5.0,4.0,24.6,15.4,19.5,956.2,0.0,0.0,0.0,14.0,31.3,40391.97,44595.5
2023-09-19,6.333,4.666625,24.0,11.9,17.9,953.9,1.2,1.2,0.0,10.0,20.2,34002.27,44423.57
2023-09-20,3.667,2.916625,26.1,14.7,19.8,954.2,5.6,5.6,0.0,14.3,31.3,42019.24,44251.05
2023-09-21,2.667,2.16675,27.0,15.1,20.1,952.7,0.4,0.4,0.0,8.6,25.2,39863.52,44078.03
2023-09-22,3.333,2.04175,29.2,14.2,20.7,951.9,0.0,0.0,0.0,9.7,26.6,41146.75,43904.64
2023-09-23,2.667,2.0833749999999998,31.9,15.2,22.3,952.2,0.0,0.0,0.0,11.3,24.1,41805.25,43730.98
2023-09-24,5.667,2.54175,27.9,17.0,21.9,950.3,0.0,0.0,0.0,19.2,39.2,25008.64,43557.14
2023-09-25,5.333,3.45825,23.8,17.3,20.2,953.9,0.0,0.0,0.0,19.6,40.7,29462.79,43383.23
2023-09-26,5.0,3.916625,22.9,13.9,18.9,955.3,0.0,0.0,0.0,22.5,48.6,39600.0,43209.36
2023-09-27,3.667,2.708375,23.3,13.1,18.0,955.4,0.0,0.0,0.0,21.3,42.8,39600.0,43035.63
2023-09-28,3.0,1.083375,23.1,12.6,18.2,955.2,0.0,0.0,0.0,14.2,32.4,40722.75,42862.14
2023-09-29,4.0,2.2085,24.5,12.1,18.1,956.6,0.0,0.0,0.0,16.2,32.8,40443.65,42689.0
2023-09-30,2.333,2.12475,24.7,10.6,17.9,956.0,0.0,0.0,0.0,12.5,30.2,40478.12,42516.31
2023-10-01,3.667,1.8335,23.7,10.6,16.8,955.9,0.0,0.0,0.0,11.1,22.7,40198.84,42344.19
2023-10-02,3.0,1.83325,21.8,12.3,16.2,958.8,0.0,0.0,0.0,17.3,36.0,39919.29,42172.72
2023-10-03,2.333,1.666625,22.1,9.2,15.3,960.3,0.0,0.0,0.0,8.7,22.0,39953.91,42002.03
2023-10-04,3.333,2.29175,25.7,9.7,17.1,958.6,0.0,0.0,0.0,10.6,18.4,39914.59,41832.21
2023-10-05,5.0,2.41675,24.1,11.7,17.3,959.3,0.0,0.0,0.0,8.3,16.6,37456.99,41663.26
2023-10-06,3.0,1.749875,22.1,10.7,16.6,959.1,0.0,0.0,0.0,11.2,25.9,39322.19,41493.97
2023-10-07,1.667,0.95825,23.7,8.3,14.8,959.0,0.0,0.0,0.0,13.4,27.4,39398.94,41324.11
2023-10-08,2.333,1.58325,24.3,7.4,16.1,954.8,0.0,0.0,0.0,24.1,46.4,39332.24,41153.79
2023-10-09,3.0,1.874875,20.4,11.5,16.0,957.5,0.0,0.0,0.0,15.9,29.5,39015.74,40983.14
2023-10-10,2.0,0.708375,21.0,11.2,15.8,955.9,0.6,0.6,0.0,20.0,39.2,34749.67,40812.27
2023-10-11,1.0,0.583375,21.1,9.0,14.8,959.8,0.0,0.0,0.0,12.9,26.6,38811.98,40641.31
2023-10-12,1.0,0.45837500000000003,22.6,6.5,14.0,958.3,0.0,0.0,0.0,9.0,16.9,38710.59,40470.36
2023-10-13,3.667,2.5835,25.9,11.5,17.3,956.6,0.0,0.0,0.0,10.0,18.0,38609.67,40299.57
2023-10-14,3.0,1.4165,25.5,11.4,17.1,953.0,0.0,0.0,0.0,12.9,24.1,38509.35,40129.06
2023-10-15,1.667,0.583375,26.1,12.3,17.5,947.6,0.0,0.0,0.0,19.8,37.8,38015.11,39958.94
2023-10-16,2.0,0.499875,15.4,7.4,11.2,953.5,0.2,0.2,0.0,26.0,48.6,32400.0,39789.35
2023-10-17,0.667,0.249875,11.8,4.5,7.9,954.9,7.9,7.9,0.0,13.9,29.9,10818.65,39620.42
2023-10-18,3.0,2.0,14.8,5.3,10.2,952.9,0.3,0.3,0.0,10.0,24.5,30380.43,39452.27
2023-10-19,3.333,1.95825,18.3,3.7,9.8,950.0,0.0,0.0,0.0,12.9,29.2,33577.23,39285.04
2023-10-20,2.667,1.708375,27.5,7.8,16.1,945.9,0.0,0.0,0.0,12.3,24.1,36986.4,39118.88
2023-10-21,5.0,3.083375,28.8,9.6,17.4,948.3,0.0,0.0,0.0,12.3,25.6,36711.15,38953.91
2023-10-22,3.0,1.79175,26.3,12.3,18.6,950.6,0.0,0.0,0.0,12.3,27.0,33400.37,38790.29
2023-10-23,0.667,0.249875,23.4,14.3,18.0,953.3,0.4,0.4,0.0,10.5,22.7,36154.55,38628.14
2023-10-24,1.0,0.625125,23.2,11.8,16.2,952.3,0.0,0.0,0.0,9.4,16.2,32400.0,38467.62
2023-10-25,1.667,0.6667500000000001,25.6,10.2,16.8,945.2,2.6,2.6,0.0,13.7,29.2,25200.0,38308.75
2023-10-26,4.667,3.375,23.3,11.2,16.5,942.4,3.1,3.1,0.0,12.3,31.3,36000.0,38150.18
2023-10-27,4.0,2.208375,24.7,11.8,17.4,940.4,0.0,0.0,0.0,11.2,24.8,30349.74,37991.67
2023-10-28,4.0,3.000125,25.0,13.4,18.0,944.3,0.0,0.0,0.0,14.4,28.4,36000.0,37833.35
2023-10-29,4.667,3.916625,22.1,11.7,15.9,952.3,0.0,0.0,0.0,7.1,15.1,35949.55,37675.37
2023-10-30,4.0,2.4165,21.6,9.7,14.1,954.8,0.0,0.0,0.0,9.7,21.6,35873.6,37517.88
2023-10-31,2.667,1.875,22.4,7.1,14.1,950.2,0.0,0.0,0.0,12.2,27.4,35797.28,37361.04
2023-11-01,2.667,1.958375,18.6,9.6,13.8,949.7,0.1,0.1,0.0,16.8,35.6,35720.65,37204.99
2023-11-02,2.333,1.5,17.1,8.7,12.2,946.0,0.0,0.0,0.0,12.6,27.7,28800.0,37049.88
2023-11-03,1.0,0.5417500000000001,18.4,8.0,12.4,939.8,0.0,0.0,0.0,19.2,42.1,11597.77,36895.89
2023-11-04,4.667,1.9585,12.8,9.2,11.4,936.2,45.4,45.4,0.0,20.2,39.2,7200.0,36743.17
2023-11-05,7.333,4.625125,19.1,4.6,11.1,939.3,0.0,0.0,0.0,14.0,28.1,35412.23,36591.88
2023-11-06,5.667,4.333375,20.5,8.9,13.9,947.4,0.0,0.0,0.0,9.6,19.8,35334.97,36442.21
2023-11-07,5.0,3.125,17.6,7.8,12.2,954.9,0.0,0.0,0.0,9.7,19.4,35257.79,36294.31
2023-11-08,4.0,2.874875,14.0,7.3,10.2,951.8,13.8,13.8,0.0,15.3,28.1,342.32,36148.37
2023-11-09,3.0,2.41675,11.6,2.5,7.2,955.7,0.0,0.0,0.0,15.5,28.1,35103.96,36004.58
2023-11-10,3.333,1.958375,12.4,0.5,5.6,950.9,0.0,0.0,0.0,17.1,34.6,33991.84,35863.1
2023-11-11,1.667,0.958375,14.9,5.3,9.2,940.5,0.4,0.4,0.0,20.8,38.9,26120.86,35724.13
2023-11-12,4.0,1.875,8.8,3.8,6.4,947.4,2.8,2.8,0.0,19.3,35.6,2318.19,35587.86
2023-11-13,5.0,2.416875,12.5,3.3,7.4,950.8,1.2,1.2,0.0,9.1,20.5,32952.86,35454.5
2023-11-14,3.0,1.3335,18.7,4.1,10.1,950.9,0.0,0.0,0.0,10.0,22.0,34394.81,35324.08
2023-11-15,3.333,2.625,16.3,5.8,9.8,947.0,1.4,1.4,0.0,20.1,39.2,11788.85,35195.3
2023-11-16,2.0,1.583375,12.1,4.1,8.2,954.2,0.6,0.6,0.0,20.2,37.4,32610.2,35067.92
2023-11-17,2.0,0.583375,12.0,2.1,6.5,947.0,12.0,12.0,0.0,13.8,28.4,22279.88,34942.11
2023-11-18,1.333,0.291625,7.2,2.3,3.8,946.0,4.9,4.9,0.0,32.5,64.1,662.32,34817.99
2023-11-19,1.0,0.666625,5.2,1.0,2.9,951.4,0.0,0.0,0.0,25.4,47.2,32569.9,34695.74
2023-11-20,1.667,1.125,13.3,0.4,5.5,949.9,0.0,0.0,0.0,10.0,20.9,22616.41,34575.52
2023-11-21,4.333,3.1248750000000003,10.7,2.5,5.2,947.3,0.1,0.1,0.0,10.3,18.4,13617.22,34457.49
2023-11-22,5.333,3.9998750000000003,10.8,1.6,6.7,946.6,2.1,2.1,0.0,11.2,13.3,1787.99,34341.81
2023-11-23,3.0,1.374875,9.9,5.5,7.8,954.8,0.8,0.8,0.0,8.2,18.0,268.54,34228.67
2023-11-24,2.667,1.91675,12.7,4.9,8.2,941.1,2.6,2.6,0.0,10.6,22.3,17345.47,34118.22
2023-11-25,6.333,4.29175,8.2,0.1,3.7,927.4,34.6,20.6,9.8,14.3,31.3,0.0,34010.63
2023-11-26,4.0,1.833375,-0.1,-3.0,-1.6,934.8,16.5,0.0,11.62,31.8,58.7,23784.47,33906.11
2023-11-27,2.333,1.70825,2.7,-4.2,-1.4,948.8,0.0,0.0,0.0,22.9,42.8,31864.54,33804.8
2023-11-28,2.0,1.666625,2.1,-5.6,-0.6,937.5,1.9,1.6,0.28,16.2,38.2,4984.69,33706.9
2023-11-29,1.667,1.041875,5.1,-2.3,2.6,940.1,3.4,3.4,0.0,14.3,27.7,13109.81,33612.6
2023-11-30,2.333,1.124875,6.1,-2.9,0.3,949.6,0.0,0.0,0.0,13.0,26.6,31056.05,33522.07
2023-12-01,6.667,4.958375,16.1,0.4,7.5,945.8,0.0,0.0,0.0,11.6,20.2,24626.46,33435.49
2023-12-02,5.333,1.916625,12.1,5.0,8.2,941.5,0.0,0.0,0.0,14.8,31.0,5819.93,33353.06
2023-12-03,3.0,2.375125,8.5,1.2,5.5,947.4,7.5,7.5,0.0,19.5,36.0,0.0,33274.96
2023-12-04,2.667,2.0835,2.6,-2.8,-0.8,957.4,0.0,0.0,0.0,17.3,33.1,31666.2,33201.28
2023-12-05,3.333,2.8748750000000003,4.1,-1.1,1.2,953.2,0.1,0.1,0.0,16.2,31.0,14193.17,33131.18
2023-12-06,3.0,2.375,4.4,1.5,3.0,946.9,7.6,7.6,0.0,12.6,23.0,0.0,33064.47
2023-12-07,2.0,1.16675,4.5,1.1,2.8,949.3,5.6,5.1,0.35,8.6,17.3,420.45,33001.24
2023-12-08,2.0,1.083375,2.9,-0.1,1.3,951.8,1.1,0.6,0.35,9.5,17.6,2654.98,32941.56
2023-12-09,0.667,0.25,3.3,-3.5,0.7,952.2,0.0,0.0,0.0,8.4,13.3,18276.98,32885.51
2023-12-10,1.333,0.7085,5.0,-3.6,0.0,950.2,0.0,0.0,0.0,11.3,24.5,30042.49,32833.2
2023-12-11,1.0,0.20825,8.5,-0.2,3.3,950.4,0.0,0.0,0.0,9.3,21.2,31640.28,32784.67
2023-12-12,3.333,1.541625,10.8,1.2,5.0,949.2,0.1,0.1,0.0,9.2,21.2,31646.79,32740.03
2023-12-13,2.667,1.70825,9.9,0.2,4.7,945.5,0.0,0.0,0.0,14.5,27.4,24753.84,32699.34
2023-12-14,4.333,2.75,13.1,3.1,6.3,942.5,3.4,3.4,0.0,18.9,35.3,21949.89,32662.68
2023-12-15,3.333,2.166625,6.3,1.9,4.8,953.4,24.7,24.2,0.35,10.4,17.6,0.0,32630.13
2023-12-16,4.0,2.5835,2.3,-1.0,1.1,964.4,4.7,2.2,1.75,7.9,16.9,0.0,32601.75
2023-12-17,5.333,4.1665,4.0,-3.9,-0.6,971.2,0.0,0.0,0.0,11.6,23.4,31714.49,32577.62
2023-12-18,5.333,3.5415,9.3,-3.3,0.6,966.6,0.0,0.0,0.0,12.0,23.4,31734.7,32557.82
2023-12-19,3.667,2.375125,9.7,-3.1,2.7,960.6,0.0,0.0,0.0,9.9,14.4,31757.01,32542.39
2023-12-20,4.0,2.208375,9.0,-0.6,3.0,949.4,0.0,0.0,0.0,9.2,19.8,31538.17,32531.43
2023-12-21,2.667,0.9582499999999999,6.5,-2.8,1.4,944.1,0.0,0.0,0.0,15.7,32.0,31807.72,32524.97
2023-12-22,1.333,0.49975,5.4,-1.5,2.0,935.3,1.3,1.3,0.0,14.8,26.3,4856.98,32523.09
2023-12-23,2.667,1.208375,7.2,-1.9,2.0,938.7,1.3,0.7,0.42,25.7,50.4,24666.14,32525.84
2023-12-24,3.0,2.000125,13.2,2.0,6.5,946.9,0.2,0.2,0.0,16.3,33.5,30760.45,32533.28
2023-12-25,1.333,0.624875,13.4,2.2,7.0,950.4,0.0,0.0,0.0,10.7,19.4,31912.56,32545.49
2023-12-26,1.667,1.208375,12.8,0.4,7.1,952.3,0.0,0.0,0.0,11.5,18.7,31930.31,32562.4
2023-12-27,2.0,1.0,11.7,-0.3,3.9,957.2,0.0,0.0,0.0,12.3,20.5,31952.73,32583.93
2023-12-28,1.667,0.416625,10.0,0.7,4.9,960.8,0.0,0.0,0.0,10.7,19.1,31979.74,32610.02
2023-12-29,2.333,1.5,9.9,1.3,5.4,956.4,0.0,0.0,0.0,7.9,12.6,32011.25,32640.56
2023-12-30,2.333,0.95825,10.0,0.7,3.8,954.6,0.0,0.0,0.0,12.9,17.6,31638.65,32675.47
2023-12-31,1.333,0.58325,7.5,1.5,3.8,953.8,0.0,0.0,0.0,9.0,14.4,32087.43,32714.67
2024-01-01,4.0,1.916625,11.2,-0.5,4.2,949.7,0.0,0.0,0.0,9.7,18.7,32131.92,32758.06
2024-01-02,2.667,1.91675,8.8,2.9,5.2,949.2,3.0,3.0,0.0,11.5,23.8,14302.86,32805.55
2024-01-03,3.333,2.3335,7.6,-0.3,4.4,946.2,0.1,0.1,0.0,11.4,14.4,2613.22,32857.05
2024-01-04,2.667,1.250125,12.3,0.4,6.1,943.2,5.2,5.2,0.0,17.1,38.5,27059.23,32912.47
2024-01-05,2.0,1.08325,9.7,1.5,4.4,949.4,0.0,0.0,0.0,11.2,22.7,28337.48,32971.7
2024-01-06,1.0,0.375,9.9,0.4,4.0,945.7,0.0,0.0,0.0,12.2,24.5,30106.13,33034.65
2024-01-07,0.333,0.12487500000000001,9.9,2.3,6.4,934.0,4.1,4.1,0.0,9.6,23.8,25087.36,33101.24
2024-01-08,2.0,0.666625,7.2,1.0,3.8,941.3,8.2,7.7,0.35,18.0,33.1,0.0,33171.35
2024-01-09,2.333,1.20825,0.8,-7.0,-3.0,955.8,3.6,0.4,2.24,7.4,16.2,1051.59,33244.9
2024-01-10,2.333,1.75,0.6,-7.4,-4.6,962.0,0.0,0.0,0.0,7.2,15.5,32322.39,33321.77
2024-01-11,2.0,1.333375,3.1,-7.4,-3.6,956.9,0.0,0.0,0.0,11.6,23.8,32339.14,33401.89
2024-01-12,1.333,0.874875,1.5,-5.2,-3.4,952.7,0.0,0.0,0.0,16.6,33.5,31080.45,33485.15
2024-01-13,0.667,0.45837500000000003,0.3,-6.7,-3.9,954.3,0.0,0.0,0.0,18.9,37.8,32380.45,33571.56
2024-01-14,2.0,1.66675,7.7,-8.1,-2.6,947.7,0.0,0.0,0.0,13.0,24.5,32400.0,33662.07
2024-01-15,2.333,1.333375,7.5,-4.6,0.2,941.7,0.1,0.1,0.0,13.5,28.1,21731.46,33756.77
2024-01-16,2.667,1.125125,3.7,-1.0,1.1,943.8,0.4,0.3,0.07,18.9,34.9,8380.74,33855.48
2024-01-17,1.333,0.750125,7.3,-4.5,-0.0,949.0,0.0,0.0,0.0,13.9,28.1,32400.0,33957.99
2024-01-18,2.333,1.499875,13.5,-0.1,5.0,941.1,0.7,0.7,0.0,15.4,30.2,32400.0,34064.11
2024-01-19,2.667,1.75,15.0,2.6,7.6,941.6,0.1,0.1,0.0,17.8,32.8,31732.81,34173.65
2024-01-20,2.333,1.58325,3.4,-2.4,-0.7,954.3,12.7,1.0,8.19,22.1,42.8,0.0,34286.43
2024-01-21,2.0,1.125,-1.3,-8.1,-4.4,963.6,0.3,0.0,0.21,9.6,14.0,32529.5,34402.24
2024-01-22,3.333,1.666625,-1.9,-9.7,-5.9,966.4,0.0,0.0,0.0,8.2,10.1,32489.11,34520.92
2024-01-23,2.667,1.583375,-0.3,-11.2,-5.9,959.6,0.0,0.0,0.0,12.6,19.1,32448.37,34642.27
2024-01-24,3.333,1.6665,3.1,-3.1,-0.4,960.6,0.0,0.0,0.0,11.7,26.6,32113.56,34766.13
2024-01-25,2.333,1.25,8.4,-2.4,3.6,954.8,0.3,0.3,0.0,20.9,40.0,23307.95,34892.31
2024-01-26,2.0,1.166625,5.9,0.5,3.2,956.3,0.0,0.0,0.0,26.0,49.7,33027.45,35020.65
2024-01-27,2.333,1.04175,5.4,-4.2,1.1,957.2,1.0,0.1,0.63,32.8,63.0,13994.98,35150.96
2024-01-28,3.0,1.708375,3.4,-2.8,0.1,963.9,0.2,0.1,0.07,18.8,34.6,23618.81,35283.09
2024-01-29,2.667,1.875,3.8,-1.8,0.2,968.6,0.9,0.0,0.63,8.4,18.0,20113.17,35416.87
2024-01-30,2.333,1.75,2.5,-3.9,-1.3,970.9,0.0,0.0,0.0,8.7,22.3,32854.34,35552.15
2024-01-31,2.333,1.6665,7.0,-6.1,-0.4,966.7,0.0,0.0,0.0,9.0,15.5,34199.01,35688.76
2024-02-01,2.0,1.416625,10.0,-3.2,1.4,960.0,0.0,0.0,0.0,13.8,19.4,34152.56,35826.54
2024-02-02,1.0,0.5,4.1,-1.8,1.5,958.0,0.0,0.0,0.0,25.3,47.5,9374.56,35965.51
2024-02-03,0.667,0.291625,8.9,-3.6,1.3,957.3,0.0,0.0,0.0,11.2,23.0,24390.48,36107.0
2024-02-04,3.0,1.375,11.5,-1.7,4.6,954.9,0.0,0.0,0.0,24.6,47.2,28898.05,36251.25
2024-02-05,2.667,1.416625,16.9,0.3,6.7,952.7,0.0,0.0,0.0,14.3,28.4,33521.06,36398.04
2024-02-06,3.0,1.750125,16.3,1.8,7.7,953.8,0.0,0.0,0.0,9.1,19.1,34929.87,36547.2
2024-02-07,1.333,0.791625,14.9,3.4,7.4,948.6,0.0,0.0,0.0,12.9,26.3,32849.22,36698.54
2024-02-08,1.667,1.125125,15.7,3.9,7.9,945.6,0.0,0.0,0.0,9.4,21.2,35013.31,36851.86
2024-02-09,3.0,1.08325,15.4,0.8,8.1,944.4,0.0,0.0,0.0,10.1,22.0,35389.77,37007.0
2024-02-10,2.333,1.04175,16.4,3.7,9.1,942.9,0.0,0.0,0.0,11.7,23.4,34742.92,37163.77
2024-02-11,4.333,2.6666250000000002,16.3,6.2,10.3,939.8,0.6,0.6,0.0,16.5,33.8,26067.76,37322.01
2024-02-12,2.333,0.958125,12.7,5.0,8.0,938.5,8.6,8.6,0.0,12.6,28.4,22479.03,37481.55
2024-02-13,3.667,2.0833749999999998,9.0,1.5,5.6,944.1,2.4,2.4,0.0,22.7,42.8,15306.29,37642.21
2024-02-14,3.0,1.208375,6.6,3.6,5.0,951.6,0.2,0.2,0.0,17.8,33.5,1791.58,37803.85
2024-02-15,1.333,0.750125,9.6,-0.7,3.8,956.1,0.0,0.0,0.0,11.6,23.0,35943.51,37966.3
2024-02-16,2.0,0.875,11.3,-3.0,3.2,957.1,0.0,0.0,0.0,9.0,15.8,36967.61,38129.4
2024-02-17,2.0,1.041625,12.6,-0.0,4.8,959.4,0.0,0.0,0.0,8.7,13.0,36998.39,38293.02
2024-02-18,3.333,1.124875,8.4,-1.5,3.6,962.1,0.0,0.0,0.0,18.9,35.6,24045.19,38456.98
2024-02-19,0.333,0.12487500000000001,8.6,0.9,4.3,959.2,0.0,0.0,0.0,9.8,19.8,36402.07,38621.15
2024-02-20,2.333,1.416625,8.1,0.2,3.9,957.3,0.0,0.0,0.0,9.7,22.0,33093.53,38785.39
2024-02-21,1.333,0.708375,9.6,2.2,5.2,957.5,0.8,0.8,0.0,13.9,29.9,29995.51,38949.55
2024-02-22,1.667,1.333375,12.0,0.6,4.8,953.6,0.2,0.2,0.0,10.7,23.0,38468.92,39113.63
2024-02-23,1.333,0.541625,15.7,0.4,7.4,947.9,0.0,0.0,0.0,11.2,24.8,38298.36,39279.0
2024-02-24,2.333,1.416625,17.3,2.5,9.3,949.2,0.0,0.0,0.0,13.5,27.0,32878.97,39445.92
2024-02-25,3.0,2.41675,12.5,6.5,9.4,949.9,3.1,3.1,0.0,11.2,23.0,18689.0,39614.23
2024-02-26,3.0,2.249875,15.0,5.7,9.1,946.5,0.3,0.3,0.0,15.9,33.1,34982.86,39783.8
2024-02-27,4.333,2.208375,15.3,4.1,9.1,951.1,0.0,0.0,0.0,10.8,21.2,35591.45,39954.48
2024-02-28,2.0,1.16675,15.3,3.9,8.4,954.6,0.0,0.0,0.0,10.2,25.2,32529.59,40126.15
2024-02-29,1.667,0.791625,13.9,4.2,8.8,954.4,0.6,0.6,0.0,12.0,27.0,29742.69,40298.66
2024-03-01,2.667,1.708375,12.0,6.1,9.2,948.5,3.8,3.8,0.0,17.4,34.2,16327.85,40471.88
2024-03-02,2.333,1.0,9.6,4.7,7.5,946.4,2.9,2.9,0.0,10.9,20.9,2242.64,40645.68
2024-03-03,6.333,3.5,13.9,1.7,6.3,947.8,1.4,1.4,0.0,10.6,19.1,39429.53,40819.93
2024-03-04,4.0,1.9165,14.0,2.1,7.4,946.8,0.0,0.0,0.0,14.8,28.8,39530.75,40994.51
2024-03-05,2.667,1.458375,12.4,5.5,8.7,943.9,0.5,0.5,0.0,14.2,30.2,32965.36,41169.29
2024-03-06,3.0,1.208375,12.6,1.9,6.9,949.6,6.2,6.2,0.0,7.0,15.1,33678.61,41344.14
2024-03-07,3.667,2.5,8.2,4.8,6.4,949.8,6.8,6.8,0.0,12.2,29.2,7734.55,41518.94
2024-03-08,3.667,2.00025,7.8,1.0,4.7,952.7,1.4,1.4,0.0,9.0,19.4,16385.36,41693.58
2024-03-09,4.0,2.333375,11.0,-1.2,4.2,952.9,0.0,0.0,0.0,10.2,25.9,39562.45,41867.92
2024-03-10,2.333,1.708375,15.4,1.4,7.1,951.7,0.0,0.0,0.0,10.6,25.6,39600.0,42041.85
2024-03-11,2.0,0.958375,14.5,4.8,9.0,948.4,0.0,0.0,0.0,18.6,35.3,23095.84,42215.24
2024-03-12,2.333,1.0415,14.3,5.2,9.3,944.7,7.9,7.9,0.0,9.2,23.0,32987.67,42387.98
2024-03-13,3.333,1.83325,11.8,5.7,7.9,946.3,1.8,1.8,0.0,20.2,40.7,20719.2,42560.07
2024-03-14,3.0,1.66675,8.5,4.7,7.1,949.5,3.3,3.3,0.0,20.7,42.1,0.0,42732.76
2024-03-15,3.333,1.4581250000000001,12.3,0.5,5.9,951.3,0.0,0.0,0.0,13.6,28.4,39600.0,42906.29
2024-03-16,0.667,0.291625,13.9,2.4,7.1,952.9,0.0,0.0,0.0,10.0,16.9,38662.68,43080.56
2024-03-17,0.333,0.041625,13.4,3.5,7.8,954.1,0.0,0.0,0.0,10.5,20.5,38974.46,43255.46
2024-03-18,2.667,0.79175,15.2,1.7,7.3,950.3,0.1,0.1,0.0,15.4,30.6,39600.0,43430.87
2024-03-19,2.667,1.70825,10.3,4.1,7.0,948.4,2.4,2.4,0.0,13.1,27.7,9416.89,43606.69
2024-03-20,2.333,0.9165,11.7,-1.3,4.7,954.6,0.0,0.0,0.0,11.2,25.9,40127.53,43782.81
2024-03-21,4.667,3.45825,14.1,-1.3,5.7,953.7,0.0,0.0,0.0,17.3,33.8,40500.85,43959.12
2024-03-22,3.333,1.95825,14.0,1.7,7.2,952.6,0.0,0.0,0.0,9.8,20.2,41037.25,44135.51
2024-03-23,5.667,4.0835,16.7,2.5,8.2,949.7,0.0,0.0,0.0,8.0,16.9,41573.93,44311.87
2024-03-24,8.333,4.95825,18.1,3.6,10.5,942.2,1.1,1.1,0.0,14.8,31.3,40549.3,44488.11
2024-03-25,5.0,3.58325,9.5,0.9,5.8,941.7,6.9,6.9,0.0,24.1,47.5,36188.21,44664.09
2024-03-26,3.0,2.3335,14.6,-0.0,6.3,946.7,1.8,1.8,0.0,13.6,29.9,34145.76,44839.73
2024-03-27,3.0,1.45825,17.7,5.2,9.9,943.3,6.1,6.1,0.0,16.8,36.0,37804.71,45014.9
2024-03-28,2.667,1.875,20.1,6.9,12.4,943.0,0.1,0.1,0.0,16.8,34.2,37617.31,45189.49
2024-03-29,1.667,1.125,22.0,6.2,13.4,951.3,0.0,0.0,0.0,9.0,18.4,42933.01,45363.39
2024-03-30,1.667,0.833375,24.1,8.5,15.4,951.9,0.0,0.0,0.0,11.6,28.4,42289.94,45536.48
2024-03-31,3.667,1.874875,25.9,10.0,16.9,951.7,0.0,0.0,0.0,10.7,23.8,43876.87,45708.65
2024-04-01,3.667,2.208375,27.5,9.1,17.4,950.4,0.0,0.0,0.0,12.0,25.2,45337.24,45879.8
2024-04-02,2.667,1.66675,21.7,8.8,15.1,945.9,0.0,0.0,0.0,24.7,48.6,42291.31,46049.9
2024-04-03,2.667,1.41675,18.8,6.0,12.7,951.9,0.0,0.0,0.0,15.1,27.7,35768.16,46220.14
2024-04-04,3.333,2.16675,18.6,9.3,13.8,951.7,0.0,0.0,0.0,20.4,42.1,45846.22,46390.75
2024-04-05,3.333,2.45825,20.0,6.3,13.6,956.0,0.0,0.0,0.0,9.9,24.5,46016.32,46561.62
2024-04-06,3.0,2.16675,23.5,9.5,15.9,956.0,0.0,0.0,0.0,14.6,28.1,44162.76,46732.65
2024-04-07,2.333,1.58325,20.1,11.2,15.5,955.4,0.5,0.5,0.0,15.9,40.7,39306.04,46903.73
2024-04-08,3.333,1.4581250000000001,21.5,7.2,13.9,957.0,0.0,0.0,0.0,9.4,23.0,46526.94,47074.76
2024-04-09,3.333,2.0416250000000002,24.4,6.1,14.4,953.7,0.0,0.0,0.0,10.6,18.0,46642.84,47245.61
2024-04-10,2.667,1.833375,24.8,9.3,16.1,952.7,0.0,0.0,0.0,13.7,29.9,46711.24,47416.19
2024-04-11,2.667,1.16675,22.8,8.4,16.1,959.5,0.0,0.0,0.0,12.5,29.9,46779.62,47586.36
2024-04-12,2.333,1.20825,24.5,7.3,17.0,961.8,0.0,0.0,0.0,12.4,28.8,46800.0,47756.03
2024-04-13,2.0,1.25,24.5,9.9,17.5,959.9,0.1,0.1,0.0,13.0,28.8,46800.0,47925.07
2024-04-14,1.667,1.249875,25.2,10.1,17.4,958.7,0.0,0.0,0.0,10.1,24.1,46800.0,48093.36
2024-04-15,2.667,1.499875,29.6,12.9,20.3,952.3,0.0,0.0,0.0,13.0,27.7,46800.0,48260.78
2024-04-16,5.333,4.124875,26.1,13.1,19.6,943.8,0.2,0.2,0.0,11.0,25.6,35996.59,48427.21
2024-04-17,3.0,1.458375,20.0,6.9,13.0,935.9,21.6,21.6,0.0,25.0,50.8,22656.06,48592.51
2024-04-18,1.667,0.75,13.1,4.5,8.0,940.6,0.4,0.4,0.0,21.4,43.6,36564.08,48756.56
2024-04-19,7.0,4.3335,13.7,1.8,7.9,946.3,0.0,0.0,0.0,11.8,25.6,44259.48,48919.23
2024-04-20,2.667,2.3335,14.8,5.9,10.5,943.9,0.1,0.1,0.0,9.2,23.4,40082.11,49080.37
2024-04-21,4.0,3.25,12.8,5.0,9.2,944.9,19.9,19.9,0.0,18.9,35.3,26203.4,49239.85
2024-04-22,2.333,1.874875,15.0,4.8,9.5,950.5,0.0,0.0,0.0,15.3,28.8,45069.42,49397.66
2024-04-23,2.667,1.66675,14.3,5.9,10.4,946.8,7.7,7.7,0.0,25.5,48.6,712.54,49554.91
2024-04-24,1.0,0.583375,20.3,9.8,14.1,940.7,0.6,0.6,0.0,13.2,33.5,42290.41,49711.84
2024-04-25,0.667,0.37512500000000004,13.2,7.0,9.9,941.4,8.9,8.9,0.0,17.6,34.6,5396.16,49868.32
2024-04-26,5.0,2.875,16.2,3.0,9.6,947.6,0.1,0.1,0.0,8.7,23.0,46800.0,50024.24
2024-04-27,3.333,2.5416250000000002,18.8,6.6,12.2,952.9,0.0,0.0,0.0,11.0,25.6,35006.68,50179.48
2024-04-28,3.667,1.250125,20.6,6.1,13.6,957.0,0.0,0.0,0.0,16.6,32.4,46800.0,50333.9
2024-04-29,2.667,1.541625,20.4,7.1,13.8,959.1,0.3,0.3,0.0,18.0,36.7,45147.58,50487.39
2024-04-30,4.333,2.25,16.6,11.0,13.7,958.9,0.1,0.1,0.0,14.7,31.0,29162.35,50639.81
2024-05-01,3.667,1.583375,17.7,11.1,13.8,954.6,0.0,0.0,0.0,14.4,30.2,16759.47,50791.03
2024-05-02,6.667,4.0,19.9,8.7,14.3,948.6,4.6,4.6,0.0,14.2,29.2,42998.56,50940.92
2024-05-03,4.0,1.708375,14.4,9.6,11.3,943.3,9.0,9.0,0.0,18.2,36.0,13297.37,51089.33
2024-05-04,3.0,1.04175,15.5,9.6,12.0,944.7,6.6,6.6,0.0,14.3,33.8,22986.29,51236.13
2024-05-05,4.333,2.041625,20.0,6.4,14.0,951.7,0.0,0.0,0.0,9.0,20.2,47602.68,51381.16
2024-05-06,5.333,2.708125,23.0,8.8,15.7,950.4,0.0,0.0,0.0,8.8,19.1,47903.28,51524.29
2024-05-07,2.667,1.5414999999999999,24.7,11.6,17.2,949.7,0.0,0.0,0.0,11.4,22.0,46360.65,51665.36
2024-05-08,2.0,1.416875,22.4,12.1,16.5,950.7,2.3,2.3,0.0,13.3,28.8,41618.51,51804.21
2024-05-09,2.333,1.291625,19.1,11.2,14.7,951.8,0.5,0.5,0.0,16.0,34.9,23239.39,51940.69
2024-05-10,8.667,4.791875,14.2,10.7,11.9,953.4,0.2,0.2,0.0,13.2,29.2,3376.62,52074.64
2024-05-11,9.0,8.375,19.1,6.6,13.4,952.6,0.0,0.0,0.0,10.5,27.0,48789.53,52205.88
2024-05-12,7.0,4.58325,18.2,8.5,13.2,952.1,2.7,2.7,0.0,15.8,36.4,47726.02,52334.37
2024-05-13,6.0,3.4998750000000003,17.9,8.0,13.0,952.8,2.1,2.1,0.0,8.5,20.2,43730.87,52461.11
2024-05-14,2.333,1.624875,18.1,7.8,12.1,950.7,4.7,4.7,0.0,11.3,26.3,34275.4,52586.28
2024-05-15,3.0,2.20825,13.0,10.1,11.5,951.9,10.8,10.8,0.0,19.6,40.7,2245.28,52709.75
2024-05-16,6.0,3.416625,15.3,9.7,11.7,954.1,3.5,3.5,0.0,22.3,43.6,19351.05,52831.42
2024-05-17,6.0,3.374875,17.4,9.4,12.9,952.2,0.0,0.0,0.0,22.4,44.3,40140.49,52951.15
2024-05-18,4.0,2.374875,23.8,9.2,16.1,952.1,0.0,0.0,0.0,10.8,24.5,47579.18,53068.83
2024-05-19,2.667,1.91675,20.1,13.1,16.2,950.0,5.5,5.5,0.0,12.1,27.0,27808.73,53184.31
2024-05-20,2.333,1.41675,19.4,12.4,15.3,950.2,6.5,6.5,0.0,15.1,30.6,18000.0,53297.48
2024-05-21,2.667,1.7085,22.0,12.5,17.0,950.3,0.0,0.0,0.0,20.4,38.9,48551.64,53408.2
2024-05-22,1.667,0.749875,21.6,11.7,16.2,948.0,8.5,8.5,0.0,8.8,23.4,39724.7,53516.33
2024-05-23,3.333,1.874875,20.0,10.6,15.5,949.6,4.0,4.0,0.0,17.7,35.3,48864.61,53621.74
2024-05-24,3.0,1.95825,20.5,11.0,15.8,953.3,1.0,1.0,0.0,10.0,23.0,49560.49,53724.3
2024-05-25,2.333,1.374875,22.8,11.2,16.7,953.6,0.0,0.0,0.0,19.3,41.0,51770.79,53823.87
2024-05-26,2.667,1.958375,21.7,11.2,16.6,953.3,0.0,0.0,0.0,16.9,36.0,50148.85,53920.29
2024-05-27,3.0,1.7081250000000001,21.6,9.5,15.6,954.3,0.6,0.6,0.0,16.1,34.9,52447.61,54013.43
2024-05-28,2.0,1.041875,19.7,9.8,15.0,950.7,1.2,1.2,0.0,8.0,23.4,44049.81,54103.16
2024-05-29,2.333,1.3751250000000002,21.5,10.2,15.3,948.1,0.2,0.2,0.0,12.6,34.2,49162.64,54189.32
2024-05-30,3.333,1.625,22.6,10.0,16.0,946.1,0.0,0.0,0.0,9.4,23.8,43287.98,54271.77
2024-05-31,4.333,2.041625,25.3,11.1,18.7,947.6,0.1,0.1,0.0,9.1,25.2,46423.28,54350.36
2024-06-01,2.667,1.0,27.2,13.1,20.6,951.2,0.0,0.0,0.0,9.7,24.8,52002.69,54425.03
2024-06-02,2.333,0.95825,25.1,15.4,20.6,953.5,0.2,0.2,0.0,12.6,27.0,50090.74,54496.37
2024-06-03,4.333,1.875,27.0,15.3,20.9,951.4,2.5,2.5,0.0,10.1,20.9,49433.47,54564.5
2024-06-04,2.667,1.416625,26.8,15.7,21.5,949.0,0.0,0.0,0.0,15.0,31.0,53696.45,54629.37
2024-06-05,2.333,1.666625,25.9,13.4,20.1,951.1,0.0,0.0,0.0,10.6,23.8,42372.85,54690.89
2024-06-06,2.0,1.208375,26.4,13.0,20.1,953.4,0.0,0.0,0.0,9.6,17.3,53776.32,54749.02
2024-06-07,6.333,3.416625,28.0,16.2,21.6,953.7,0.0,0.0,0.0,9.9,23.8,53686.66,54803.69
2024-06-08,4.667,2.666875,28.1,16.9,22.5,951.4,0.0,0.0,0.0,9.4,18.0,53673.12,54854.82
2024-06-09,2.0,1.208375,30.5,16.5,23.8,949.1,0.0,0.0,0.0,12.3,27.0,53659.96,54902.37
2024-06-10,4.0,1.708375,31.5,18.0,24.8,947.1,0.0,0.0,0.0,9.4,26.6,53647.2,54946.26
2024-06-11,4.333,1.95825,32.7,19.1,25.3,946.7,0.0,0.0,0.0,21.1,40.7,53951.92,54986.45
2024-06-12,1.333,0.91675,28.3,17.9,23.2,949.5,0.0,0.0,0.0,8.0,24.8,50755.18,55022.87
2024-06-13,1.0,0.5415,30.2,18.5,23.7,949.8,2.9,2.9,0.0,8.9,27.4,51342.36,55055.46
2024-06-14,2.333,1.29175,21.6,14.9,18.7,949.7,4.1,4.1,0.0,23.6,47.5,39888.14,55084.16
2024-06-15,4.667,3.041625,24.8,10.4,18.4,949.9,0.0,0.0,0.0,10.4,25.2,54000.0,55108.92
2024-06-16,4.0,2.625125,28.2,15.3,21.8,949.2,0.0,0.0,0.0,8.2,22.3,54000.0,55129.71
2024-06-17,3.333,2.45825,29.2,18.0,22.8,951.8,6.5,6.5,0.0,11.3,28.4,54000.0,55146.45
2024-06-18,3.333,2.3335,30.8,17.8,24.1,954.9,0.0,0.0,0.0,10.4,22.7,54000.0,55159.1
2024-06-19,3.333,2.25,32.1,18.9,25.4,955.1,0.0,0.0,0.0,9.7,16.6,54000.0,55167.62
2024-06-20,2.333,1.6665,33.6,18.4,26.7,955.2,0.2,0.2,0.0,10.1,22.0,51911.05,55171.96
2024-06-21,1.333,0.749875,32.9,19.5,26.5,954.7,0.0,0.0,0.0,10.1,22.0,54000.0,55172.08
2024-06-22,1.333,0.666625,33.3,18.1,26.3,949.7,0.0,0.0,0.0,12.2,26.6,46707.77,55167.92
2024-06-23,3.333,2.29175,33.3,18.6,26.1,947.0,0.0,0.0,0.0,14.6,27.0,46042.27,55159.52
2024-06-24,1.667,0.791625,31.3,18.3,25.7,948.9,0.0,0.0,0.0,10.6,25.6,54000.0,55146.94
2024-06-25,2.667,1.708375,30.6,19.1,25.3,951.7,0.2,0.2,0.0,16.5,37.1,49053.17,55130.24
2024-06-26,2.667,2.041625,30.0,19.4,25.2,952.5,0.3,0.3,0.0,15.5,34.6,44356.92,55109.47
2024-06-27,3.333,1.83325,26.0,17.7,21.7,949.8,2.1,2.1,0.0,14.2,27.0,37347.11,55084.68
2024-06-28,7.667,5.000125,25.2,16.8,20.8,950.5,14.6,14.6,0.0,6.9,22.0,43408.55,55055.95
2024-06-29,4.0,2.666625,28.4,14.9,22.4,954.0,0.1,0.1,0.0,9.5,26.6,54000.0,55023.32
2024-06-30,3.667,2.45825,31.0,16.7,24.1,953.0,0.0,0.0,0.0,8.8,22.3,54000.0,54986.89
2024-07-01,1.667,1.291625,31.9,16.4,24.7,949.2,0.0,0.0,0.0,8.9,18.4,51718.57,54946.69
2024-07-02,1.333,1.0,31.7,18.2,24.4,943.4,1.9,1.9,0.0,18.6,35.3,43788.55,54902.8
2024-07-03,1.333,1.08325,24.1,15.7,19.3,941.9,0.5,0.5,0.0,19.2,38.5,52722.94,54855.3
2024-07-04,3.0,2.083375,23.9,13.4,18.9,944.7,0.0,0.0,0.0,15.9,32.8,54000.0,54804.24
2024-07-05,3.0,1.75,27.2,13.3,20.6,951.4,0.0,0.0,0.0,10.1,23.8,53994.02,54749.72
2024-07-06,1.0,0.499875,30.0,14.8,22.7,953.5,0.0,0.0,0.0,14.7,30.2,53955.46,54691.77
2024-07-07,2.667,1.583375,31.8,17.1,24.8,952.5,0.0,0.0,0.0,15.9,29.5,53915.8,54630.5
2024-07-08,3.333,2.2916250000000002,32.8,17.3,25.5,952.2,0.0,0.0,0.0,10.6,27.7,53875.12,54565.97
2024-07-09,2.333,1.5001250000000002,32.6,19.7,26.8,953.5,0.0,0.0,0.0,14.9,34.2,53833.53,54498.25
2024-07-10,1.667,1.166625,32.9,21.3,27.4,953.8,0.0,0.0,0.0,16.1,36.0,53788.48,54427.42
2024-07-11,2.0,1.5,33.9,21.4,27.6,953.4,0.0,0.0,0.0,14.8,32.8,53715.18,54353.47
2024-07-12,2.0,1.250125,34.9,21.4,28.1,951.8,0.0,0.0,0.0,12.7,31.7,53638.3,54275.74
2024-07-13,1.333,0.749875,34.9,21.8,28.1,950.1,0.0,0.0,0.0,13.5,31.3,53557.64,54194.15
2024-07-14,1.333,1.124875,35.2,20.4,28.0,950.6,0.0,0.0,0.0,10.6,25.2,53473.31,54108.87
2024-07-15,3.0,1.375,34.7,20.4,28.7,951.3,0.0,0.0,0.0,15.1,34.9,53385.48,54020.03
2024-07-16,3.333,2.083375,35.2,20.5,28.8,951.0,0.0,0.0,0.0,15.5,34.6,53294.29,53927.78
2024-07-17,2.333,1.25,36.1,23.5,29.3,952.1,0.0,0.0,0.0,12.6,26.6,53199.87,53832.28
2024-07-18,1.333,0.874875,34.7,22.1,28.9,953.8,0.0,0.0,0.0,15.5,34.9,53102.37,53733.66
2024-07-19,1.333,0.875,33.0,21.2,27.6,953.2,0.0,0.0,0.0,14.5,31.7,52750.29,53632.06
2024-07-20,2.667,1.625125,34.0,20.8,27.4,948.5,0.0,0.0,0.0,12.3,26.3,52421.1,53527.65
2024-07-21,1.667,0.999875,32.6,19.4,25.7,946.6,0.3,0.3,0.0,11.1,39.6,51649.66,53420.53
2024-07-22,3.0,1.916625,31.5,20.6,26.1,948.2,0.1,0.1,0.0,13.3,29.5,50419.99,53310.88
2024-07-23,2.667,1.0,28.9,19.2,25.0,950.5,2.7,2.7,0.0,14.8,33.8,51839.2,53198.8
2024-07-24,1.667,1.208375,31.1,19.1,24.5,948.7,0.4,0.4,0.0,16.5,38.5,43677.19,53084.45
2024-07-25,3.333,1.833375,28.6,17.7,22.9,946.8,0.1,0.1,0.0,18.2,36.7,49859.05,52967.96
2024-07-26,5.0,3.625,28.6,14.9,21.8,948.7,0.0,0.0,0.0,15.9,32.4,50934.05,52849.44
2024-07-27,4.0,2.166625,29.8,13.7,22.4,954.0,0.0,0.0,0.0,10.7,24.5,50977.58,52729.04
2024-07-28,2.667,1.70825,33.3,16.9,25.0,955.7,0.0,0.0,0.0,9.5,20.5,50341.14,52606.89
2024-07-29,2.0,1.54175,32.8,18.8,26.4,953.2,0.0,0.0,0.0,16.6,30.6,50049.22,52483.09
2024-07-30,5.333,3.33325,28.5,17.8,22.8,952.5,0.0,0.0,0.0,16.6,31.0,49759.65,52357.78
2024-07-31,4.667,2.4583749999999998,30.3,14.4,23.2,952.6,0.0,0.0,0.0,11.0,23.0,49809.44,52230.96
2024-08-01,5.333,3.12475,31.6,16.5,24.9,950.9,0.0,0.0,0.0,5.6,16.9,49524.06,52101.64
2024-08-02,2.667,1.875125,33.7,15.6,25.9,947.2,0.0,0.0,0.0,9.7,20.5,48904.75,51969.63
2024-08-03,2.667,2.0,30.9,20.9,25.5,945.6,0.1,0.1,0.0,22.5,46.4,47951.71,51835.14
2024-08-04,7.0,4.583375,27.7,18.7,22.9,947.9,0.0,0.0,0.0,22.1,43.9,48011.92,51698.3
2024-08-05,3.0,2.125125,28.1,15.6,21.9,948.7,0.0,0.0,0.0,9.9,24.5,47205.91,51559.28
2024-08-06,1.667,1.20825,27.8,16.0,22.6,948.8,0.0,0.0,0.0,23.8,47.9,47467.21,51418.22
2024-08-07,2.333,1.541625,29.4,14.9,22.1,950.6,0.0,0.0,0.0,11.5,25.2,47531.99,51275.28
2024-08-08,2.667,1.45825,32.0,16.6,24.5,950.8,0.0,0.0,0.0,11.3,25.2,47265.49,51130.59
2024-08-09,2.0,1.458375,31.3,17.8,24.4,951.7,1.4,1.4,0.0,14.5,37.8,46855.34,50984.3
2024-08-10,2.333,1.541625,30.0,17.7,24.3,954.9,0.0,0.0,0.0,11.9,28.4,46894.55,50836.56
2024-08-11,5.0,3.833375,32.6,16.2,24.9,955.9,0.0,0.0,0.0,9.7,22.0,46934.35,50687.5
2024-08-12,8.0,6.8335,33.7,20.4,26.4,953.0,0.0,0.0,0.0,10.0,17.6,46800.0,50537.24
2024-08-13,4.333,2.375,35.8,20.1,28.2,950.2,0.0,0.0,0.0,9.7,15.5,46800.0,50385.94
2024-08-14,3.667,2.124875,35.0,19.5,28.1,950.5,0.0,0.0,0.0,19.3,38.5,46800.0,50233.7
2024-08-15,2.0,1.08325,35.6,20.7,28.3,953.4,0.0,0.0,0.0,18.1,36.0,46800.0,50080.65
2024-08-16,2.667,1.708375,32.6,21.7,27.3,953.5,0.4,0.4,0.0,8.5,25.6,46800.0,49926.93
2024-08-17,6.333,3.0415,33.8,18.6,26.3,951.0,0.6,0.6,0.0,13.2,31.3,46641.48,49772.65
2024-08-18,3.667,2.541625,32.2,19.2,25.8,948.2,0.0,0.0,0.0,13.0,29.5,46800.0,49617.92
2024-08-19,3.0,1.958375,32.8,17.9,25.3,947.2,0.0,0.0,0.0,14.2,25.9,46800.0,49462.85
2024-08-20,3.333,2.04175,29.1,18.7,22.7,948.2,0.2,0.2,0.0,12.9,29.5,32972.61,49307.47
2024-08-21,3.333,1.916625,28.2,15.9,21.7,947.1,0.3,0.3,0.0,12.2,27.4,46800.0,49150.64
2024-08-22,3.0,2.208375,29.7,16.2,23.2,949.3,0.0,0.0,0.0,12.4,28.4,46800.0,48992.21
2024-08-23,2.333,1.499875,31.3,17.0,23.8,952.6,0.0,0.0,0.0,9.9,22.7,46800.0,48832.28
2024-08-24,3.0,2.041875,31.6,17.6,25.0,954.2,0.0,0.0,0.0,10.7,24.1,46800.0,48670.99
2024-08-25,2.333,1.291625,30.4,18.1,24.8,952.1,0.0,0.0,0.0,13.4,31.3,46800.0,48508.47
2024-08-26,1.667,0.874875,29.2,18.4,24.2,951.6,0.1,0.1,0.0,17.1,44.6,46800.0,48344.85
2024-08-27,3.333,2.04175,29.4,15.7,23.2,952.6,0.0,0.0,0.0,15.4,33.8,46800.0,48180.23
2024-08-28,5.667,3.25,27.3,16.3,22.6,953.6,0.4,0.4,0.0,9.1,33.1,46097.59,48014.75
2024-08-29,2.0,1.16675,27.8,16.0,21.9,951.9,1.1,1.1,0.0,8.3,24.1,46800.0,47848.52
2024-08-30,4.667,3.3751249999999997,24.9,16.4,20.6,952.1,1.1,1.1,0.0,9.4,25.9,45543.65,47681.66
2024-08-31,4.667,3.708375,24.9,15.5,20.0,952.8,4.6,4.6,0.0,8.7,26.3,33784.33,47514.28
2024-09-01,3.667,2.916625,28.1,15.5,21.4,951.2,0.0,0.0,0.0,14.6,30.2,36983.05,47346.48
2024-09-02,2.667,1.83325,29.1,15.4,21.9,951.2,0.0,0.0,0.0,9.9,21.6,46433.34,47178.37
2024-09-03,2.0,1.374875,30.1,17.2,23.2,953.5,0.0,0.0,0.0,11.1,25.6,46329.8,47010.08
2024-09-04,4.333,2.20825,30.3,17.7,23.6,952.5,0.0,0.0,0.0,7.1,14.8,46226.12,46841.68
2024-09-05,1.667,1.04175,29.9,16.4,22.9,950.6,0.0,0.0,0.0,12.5,28.4,45801.67,46673.31
2024-09-06,3.0,1.416625,28.5,16.4,21.7,951.3,1.0,1.0,0.0,9.3,25.2,41462.38,46505.05
2024-09-07,2.333,1.75,26.2,16.5,20.9,954.6,0.3,0.3,0.0,9.9,26.6,42169.53,46336.99
2024-09-08,2.333,1.791625,26.4,14.8,19.8,954.0,0.0,0.0,0.0,10.1,27.4,45596.09,46169.27
2024-09-09,2.667,1.999875,27.6,13.0,20.3,948.2,0.1,0.1,0.0,16.9,36.4,38651.74,46001.84
2024-09-10,2.333,1.5415,20.1,16.3,18.7,942.0,5.9,5.9,0.0,10.8,21.6,0.0,45833.61
2024-09-11,3.667,1.875125,19.9,13.6,16.8,943.5,1.0,1.0,0.0,17.0,33.1,11727.78,45664.36
2024-09-12,7.0,5.291875,25.6,12.0,17.9,946.7,0.0,0.0,0.0,10.2,23.0,43821.97,45494.21
2024-09-13,6.0,4.249875,24.6,12.5,18.0,943.1,0.7,0.7,0.0,13.3,33.5,35985.03,45323.26
2024-09-14,4.333,3.16675,20.5,10.3,14.8,942.5,3.9,3.9,0.0,24.2,47.5,37773.47,45151.63
2024-09-15,4.0,3.083375,18.9,6.7,12.1,944.6,4.0,4.0,0.0,16.6,31.0,28068.27,44979.41
2024-09-16,4.0,3.29175,17.6,8.4,12.7,946.3,2.2,2.2,0.0,13.1,28.4,42528.09,44806.72
2024-09-17,7.333,5.374750000000001,20.9,9.3,14.6,951.9,0.0,0.0,0.0,9.4,23.0,40361.2,44633.65
2024-09-18,3.667,2.3335,17.6,12.3,15.1,954.5,2.5,2.5,0.0,6.3,14.8,384.48,44460.32
2024-09-19,4.333,3.041625,21.1,12.3,16.3,953.6,0.9,0.9,0.0,11.5,28.1,28479.36,44286.82
2024-09-20,3.333,1.041625,19.0,11.6,14.9,955.5,0.8,0.8,0.0,12.4,28.1,27822.47,44113.25
2024-09-21,2.0,1.375,20.5,10.2,15.3,957.3,0.0,0.0,0.0,13.4,30.2,40513.45,43939.72
2024-09-22,2.0,1.208375,22.4,7.9,14.8,955.5,0.0,0.0,0.0,8.1,17.3,41797.11,43766.33
2024-09-23,4.333,2.16675,22.8,10.5,15.9,952.8,0.0,0.0,0.0,10.6,13.7,41830.54,43593.17
2024-09-24,4.333,2.7915,24.7,10.9,17.4,952.2,0.0,0.0,0.0,11.7,23.8,40564.78,43420.37
2024-09-25,4.667,4.125125,25.4,13.0,19.0,953.3,0.1,0.1,0.0,9.3,23.4,40333.35,43247.99
2024-09-26,4.0,2.166875,26.4,14.9,19.4,953.1,0.0,0.0,0.0,9.3,17.3,40680.16,43076.16
2024-09-27,2.333,1.3331250000000001,27.2,13.4,19.9,950.9,0.0,0.0,0.0,10.3,23.8,40714.22,42904.98
2024-09-28,3.0,1.458375,27.9,13.8,20.3,948.7,0.0,0.0,0.0,7.9,15.8,40748.5,42734.54
2024-09-29,3.667,2.875,18.7,11.0,15.0,948.5,4.4,4.4,0.0,26.1,49.3,11056.28,42564.84
2024-09-30,4.0,1.999875,13.8,8.2,10.8,951.8,0.3,0.3,0.0,25.3,50.0,39600.0,42394.69
2024-10-01,2.0,1.33325,16.1,6.6,10.5,951.1,0.0,0.0,0.0,23.5,45.7,40224.7,42223.88
2024-10-02,2.0,1.458375,21.2,4.7,11.6,949.3,0.0,0.0,0.0,10.2,22.0,40259.66,42052.51
2024-10-03,3.0,1.791625,24.9,7.0,14.9,948.2,0.0,0.0,0.0,11.8,26.6,39937.3,41880.69
2024-10-04,3.0,1.875,28.0,11.2,18.2,947.1,0.1,0.1,0.0,14.7,31.7,30666.75,41708.56
2024-10-05,2.333,1.41675,21.0,13.6,16.7,947.0,3.9,3.9,0.0,12.5,25.2,18982.43,41536.21
2024-10-06,4.667,2.33325,19.0,11.4,14.2,946.7,7.1,7.1,0.0,15.3,34.6,34951.16,41363.76
2024-10-07,6.333,5.083375,19.8,7.2,12.7,951.5,0.0,0.0,0.0,16.7,33.8,39139.04,41191.33
2024-10-08,7.0,4.833375,21.5,6.7,13.7,954.2,0.0,0.0,0.0,11.1,24.1,37991.61,41019.04
2024-10-09,4.333,3.166625,20.3,8.7,14.1,948.5,0.7,0.7,0.0,10.0,20.2,28051.9,40846.99
2024-10-10,8.667,4.625125,25.3,10.9,17.4,945.1,0.0,0.0,0.0,11.5,23.0,38315.39,40675.32
2024-10-11,8.333,6.0,26.5,12.5,17.3,945.1,15.6,15.6,0.0,18.2,38.2,32502.77,40504.13
2024-10-12,4.667,3.083375,18.4,10.8,14.7,951.4,1.9,1.9,0.0,19.5,39.2,33384.71,40333.56
2024-10-13,1.667,0.916625,19.2,7.2,12.0,953.7,0.0,0.0,0.0,8.7,23.0,34910.65,40163.73
2024-10-14,3.667,1.3335,20.4,8.0,13.8,954.7,0.0,0.0,0.0,11.9,25.6,38326.59,39994.76
2024-10-15,3.333,2.5415,20.7,8.5,13.4,955.6,0.0,0.0,0.0,12.5,24.5,38058.89,39826.77
2024-10-16,3.0,2.7085,19.0,7.7,12.4,958.9,0.0,0.0,0.0,9.7,22.7,37789.58,39659.9
2024-10-17,3.0,1.75,16.8,3.9,9.2,961.7,0.0,0.0,0.0,11.4,23.4,31072.62,39494.28
2024-10-18,3.667,2.416625,16.4,3.0,9.1,959.9,0.0,0.0,0.0,12.6,23.8,37569.79,39330.04
2024-10-19,5.0,3.66675,15.3,3.5,8.7,959.0,0.0,0.0,0.0,13.9,30.6,36971.01,39167.19
2024-10-20,3.0,1.29175,16.2,3.3,8.4,962.8,0.0,0.0,0.0,11.3,24.8,37020.42,39004.41
2024-10-21,2.0,1.20825,16.8,3.9,9.6,966.2,0.0,0.0,0.0,10.8,14.0,36743.76,38841.47
2024-10-22,3.0,1.958375,17.8,5.2,10.6,965.2,0.0,0.0,0.0,10.1,13.3,36465.64,38678.5
2024-10-23,3.0,1.9585,19.6,6.2,11.7,964.5,0.0,0.0,0.0,8.3,15.8,36513.31,38515.62
2024-10-24,4.333,2.25,19.6,6.1,11.0,965.0,0.0,0.0,0.0,10.9,23.8,36000.0,38353.0
2024-10-25,1.0,0.4165,18.5,4.3,10.2,962.2,0.0,0.0,0.0,10.8,22.0,36000.0,38190.76
2024-10-26,4.0,2.04175,18.9,6.5,10.7,961.1,0.0,0.0,0.0,10.0,15.1,36000.0,38029.06
2024-10-27,2.667,2.25025,19.1,4.9,11.5,960.5,0.0,0.0,0.0,11.7,15.1,36040.26,37868.04
2024-10-28,4.667,2.875,22.0,9.3,13.8,959.7,0.0,0.0,0.0,9.1,18.4,35965.49,37707.86
2024-10-29,4.0,2.458375,20.0,7.3,12.5,959.3,0.0,0.0,0.0,10.3,20.9,31034.04,37548.66
2024-10-30,4.0,2.791625,17.2,6.3,11.7,959.3,0.0,0.0,0.0,7.4,19.1,35649.38,37390.6
2024-10-31,3.667,1.833375,17.5,3.7,10.0,959.4,0.0,0.0,0.0,10.9,20.9,35593.57,37233.85
2024-11-01,2.667,1.416625,16.7,5.2,10.0,959.0,0.0,0.0,0.0,10.2,22.3,35660.19,37078.56
2024-11-02,4.0,2.20825,18.8,4.3,10.8,955.7,0.0,0.0,0.0,16.5,33.8,35583.7,36924.9
2024-11-03,4.0,1.791625,12.4,5.5,8.2,961.9,0.2,0.2,0.0,12.8,25.6,9973.13,36773.05
2024-11-04,4.333,2.54175,14.6,2.5,8.0,960.1,0.0,0.0,0.0,16.7,33.5,35430.89,36623.18
2024-11-05,2.667,2.4585,12.2,0.8,5.4,963.0,0.0,0.0,0.0,15.5,33.8,35354.7,36475.45
2024-11-06,3.333,2.33325,13.3,-0.7,4.6,964.6,0.0,0.0,0.0,10.8,16.2,35278.74,36330.07
2024-11-07,3.0,2.0,13.4,-1.0,4.0,966.5,0.0,0.0,0.0,12.4,25.2,35203.07,36187.2
2024-11-08,3.667,2.20825,13.5,0.0,4.7,964.4,0.0,0.0,0.0,12.2,15.8,35127.73,36046.9
2024-11-09,5.0,4.208375,13.2,1.1,5.4,961.5,0.0,0.0,0.0,10.0,16.6,35052.11,35907.81
2024-11-10,5.667,3.500125,6.9,-2.0,1.8,959.7,0.0,0.0,0.0,10.2,24.5,30703.3,35769.68
2024-11-11,3.0,2.125125,6.6,-0.2,3.3,959.7,0.5,0.5,0.0,7.4,19.8,10376.78,35632.68
2024-11-12,1.667,1.125,6.3,1.5,3.4,959.9,6.1,5.6,0.35,6.5,15.1,343.5,35496.95
2024-11-13,2.667,1.54175,5.0,2.6,3.5,959.9,2.0,2.0,0.0,4.8,13.7,0.0,35362.66
2024-11-14,3.667,2.249875,6.6,2.6,4.5,955.8,7.2,7.2,0.0,11.7,23.4,0.0,35229.97
2024-11-15,3.333,2.625,4.7,0.8,2.5,955.0,0.0,0.0,0.0,13.4,29.2,4088.92,35099.04
2024-11-16,3.333,1.416625,6.6,-0.8,1.9,957.7,0.0,0.0,0.0,9.7,20.9,26585.5,34970.06
2024-11-17,2.667,1.583375,7.3,-3.3,0.2,950.8,0.0,0.0,0.0,4.8,16.9,33304.9,34843.18
2024-11-18,2.0,0.9167500000000001,11.5,-2.6,2.2,947.4,0.0,0.0,0.0,10.8,25.2,33298.4,34718.6
2024-11-19,2.667,1.79175,9.2,-1.3,2.1,949.7,0.0,0.0,0.0,6.0,17.3,32580.3,34596.47
2024-11-20,2.667,1.750125,15.8,-1.0,6.6,939.9,0.8,0.8,0.0,13.8,30.6,32217.92,34477.0
2024-11-21,3.0,1.750125,9.5,-3.3,2.2,939.7,8.6,4.6,2.8,33.5,65.2,25499.41,34360.36
2024-11-22,3.333,2.29175,7.5,-3.9,1.7,939.1,7.3,7.3,0.0,24.8,51.1,9798.05,34246.74
2024-11-23,2.667,1.91675,2.2,-0.8,0.5,953.6,3.0,1.9,0.77,24.8,53.3,28050.68,34136.35
2024-11-24,4.0,1.541625,6.4,-5.1,-0.1,966.7,0.0,0.0,0.0,14.9,31.0,31890.26,34029.36
2024-11-25,3.333,2.4166250000000002,10.2,-1.7,2.3,962.1,0.0,0.0,0.0,5.5,14.4,31855.86,33925.97
2024-11-26,3.0,1.29175,11.1,-1.2,2.6,956.3,0.0,0.0,0.0,6.7,18.7,31823.99,33826.38
2024-11-27,2.333,1.0001250000000002,13.3,1.2,6.0,957.5,0.0,0.0,0.0,10.5,22.7,31863.73,33730.79
2024-11-28,1.667,0.666625,10.0,0.7,3.8,958.5,0.0,0.0,0.0,9.7,24.5,24572.65,33639.29
2024-11-29,2.667,1.79175,4.3,0.9,2.5,955.6,10.3,7.8,1.75,18.4,35.3,0.0,33550.86
2024-11-30,4.333,1.91675,4.3,0.3,1.9,956.7,11.8,7.0,3.36,13.2,25.6,0.0,33465.29
2024-12-01,2.667,1.5,4.3,1.5,3.4,958.1,6.0,5.9,0.07,12.6,25.2,0.0,33382.69
2024-12-02,2.333,1.29175,4.9,1.3,2.5,957.3,3.8,3.2,0.42,8.3,20.5,0.0,33303.18
2024-12-03,3.333,2.5,7.1,0.3,4.0,953.3,0.0,0.0,0.0,10.8,26.6,12974.27,33226.87
2024-12-04,2.0,1.625,6.9,0.4,4.2,953.6,0.3,0.3,0.0,6.1,13.3,0.0,33153.88
2024-12-05,2.333,1.0835000000000001,6.2,4.1,5.0,956.7,0.7,0.7,0.0,16.7,36.0,0.0,33084.31
2024-12-06,2.333,1.08325,5.9,2.3,3.5,954.0,2.0,2.0,0.0,14.4,32.4,7837.04,33018.27
2024-12-07,1.667,1.29175,3.9,-0.4,2.0,947.4,26.1,18.1,5.6,13.5,26.3,0.0,32955.9
2024-12-08,2.333,1.374875,3.2,-2.7,-0.6,943.4,0.0,0.0,0.0,11.1,23.8,31638.61,32897.29
2024-12-09,4.333,3.08325,10.3,1.2,4.2,945.0,4.1,4.1,0.0,9.3,22.0,28884.98,32842.56
2024-12-10,2.333,1.70825,9.3,1.8,5.6,951.2,6.1,6.1,0.0,5.7,14.8,21497.92,32791.82
2024-12-11,2.0,1.333375,8.8,3.0,5.3,955.6,0.0,0.0,0.0,9.4,21.2,15229.98,32745.19
2024-12-12,2.333,1.125,5.7,-0.2,3.2,959.8,0.0,0.0,0.0,17.7,40.0,29663.66,32702.76
2024-12-13,1.667,0.79175,5.3,-2.5,0.9,963.8,0.0,0.0,0.0,12.5,28.4,31662.98,32664.66
2024-12-14,3.333,1.875,3.2,-2.1,0.3,960.8,3.5,2.2,0.91,13.8,31.7,13912.38,32630.99
2024-12-15,3.0,2.458375,7.4,0.1,2.8,954.1,0.5,0.5,0.0,18.5,38.9,19593.78,32601.85
2024-12-16,3.667,2.5835,6.1,0.3,2.6,963.9,0.0,0.0,0.0,17.6,38.2,31453.66,32577.35
2024-12-17,5.333,3.83325,11.4,-0.8,3.0,962.0,0.0,0.0,0.0,6.4,17.3,31722.77,32557.58
2024-12-18,3.667,2.75,11.3,0.3,3.6,959.6,0.0,0.0,0.0,5.3,13.7,31743.29,32542.63
2024-12-19,3.667,2.25,9.6,-0.2,2.8,951.8,0.0,0.0,0.0,6.6,17.6,31766.76,32532.3
2024-12-20,3.667,2.541625,7.8,-0.8,2.3,942.6,7.5,6.9,0.42,8.3,18.7,28446.25,32526.5
2024-12-21,3.333,2.916625,3.1,0.2,1.5,946.1,9.8,5.6,2.94,17.1,32.4,0.0,32525.18
2024-12-22,3.333,2.624875,5.6,-2.9,0.6,948.9,0.4,0.0,0.28,15.7,32.8,31854.16,32528.31
2024-12-23,3.667,2.458375,4.7,-4.5,-0.5,937.4,1.0,0.2,0.56,15.3,34.2,27360.9,32535.87
2024-12-24,3.333,2.1666250000000002,2.1,-0.1,0.9,937.1,7.8,6.4,0.98,12.3,24.1,134.71,32547.79
2024-12-25,2.0,1.29175,2.5,-0.1,1.2,951.8,5.4,3.9,1.05,15.1,41.4,0.0,32564.04
2024-12-26,0.333,0.208125,1.0,-0.1,0.4,961.6,3.2,0.2,2.1,16.7,29.5,0.0,32584.57
2024-12-27,1.333,0.5415,2.5,-1.7,0.3,962.7,1.4,0.2,0.84,12.8,25.2,10805.29,32609.33
2024-12-28,1.333,0.70825,5.0,-0.9,1.5,960.7,0.0,0.0,0.0,9.6,18.7,27831.45,32638.27
2024-12-29,1.667,1.041625,4.9,-3.8,-0.9,961.2,0.0,0.0,0.0,8.9,19.4,28324.81,32671.35
2024-12-30,2.333,1.58325,8.8,-3.5,0.9,961.9,0.0,0.0,0.0,6.2,17.6,32081.09,32708.49
2024-12-31,4.0,2.166625,8.9,-2.6,1.6,964.0,0.0,0.0,0.0,4.9,14.4,32123.19,32749.65
2025-01-01,8.0,5.666625,9.0,-2.7,1.6,963.9,0.0,0.0,0.0,5.5,16.6,32169.29,32794.76
2025-01-02,4.667,3.45825,10.9,-4.0,1.2,957.6,0.0,0.0,0.0,8.3,21.2,32219.31,32843.78
2025-01-03,3.333,2.0416250000000002,11.1,-3.4,2.0,949.5,0.0,0.0,0.0,9.9,24.1,30889.83,32896.64
2025-01-04,5.333,3.9998750000000003,3.3,-5.2,-0.3,954.2,3.7,0.1,2.52,18.7,37.8,31263.9,32953.28
2025-01-05,4.333,3.1665,4.5,-5.7,-2.2,954.7,0.0,0.0,0.0,10.5,25.6,32275.0,33013.63
2025-01-06,3.667,2.833375,10.4,-3.4,1.2,952.4,0.0,0.0,0.0,8.9,22.7,32282.02,33077.63
2025-01-07,3.333,2.45825,7.7,0.3,3.1,951.3,0.0,0.0,0.0,10.1,21.6,12836.99,33145.3
2025-01-08,3.667,1.583375,15.1,0.7,5.7,951.2,0.0,0.0,0.0,9.9,23.0,32304.33,33217.4
2025-01-09,3.667,2.000125,12.0,0.2,4.2,951.4,0.0,0.0,0.0,9.6,23.0,32319.31,33293.98
2025-01-10,4.0,2.45825,14.1,0.0,5.0,947.4,0.1,0.1,0.0,21.3,46.8,32268.64,33374.87
2025-01-11,3.0,1.541625,0.9,-0.5,0.2,951.1,7.8,0.3,5.25,17.3,41.0,0.0,33459.89
2025-01-12,2.333,1.625,-0.3,-4.6,-1.5,954.3,5.7,0.0,3.99,7.0,13.7,0.0,33548.86
2025-01-13,4.0,2.2915,-0.0,-4.1,-2.3,960.9,1.5,0.0,1.05,9.2,18.4,8126.2,33641.6
2025-01-14,3.0,2.458375,-1.4,-3.8,-2.2,964.9,0.2,0.0,0.21,10.3,25.6,17919.46,33737.95
2025-01-15,3.667,3.000125,-1.6,-4.7,-3.0,958.6,0.1,0.0,0.07,4.4,11.2,1443.63,33837.71
2025-01-16,3.667,2.79175,3.0,-4.0,-0.7,965.1,0.1,0.0,0.07,7.2,19.4,10355.55,33940.74
2025-01-17,4.0,3.541625,3.9,-5.7,-2.3,969.7,0.0,0.0,0.0,5.1,13.3,32400.0,34046.83
2025-01-18,2.333,2.08325,5.9,-4.9,-0.8,965.0,0.0,0.0,0.0,6.3,19.1,32400.0,34155.85
2025-01-19,3.667,2.833375,8.5,-3.9,1.0,960.9,0.0,0.0,0.0,4.2,14.8,32400.0,34267.61
2025-01-20,4.333,3.333375,8.2,-1.4,1.9,959.1,0.0,0.0,0.0,4.0,13.3,25663.07,34381.95
2025-01-21,3.0,2.25,7.4,-2.2,1.6,953.6,0.7,0.7,0.0,7.7,18.0,26894.04,34498.7
2025-01-22,3.0,2.125,9.8,-1.0,2.7,951.8,0.0,0.0,0.0,10.9,25.6,28855.52,34617.72
2025-01-23,3.667,2.208375,11.2,-1.1,2.5,951.7,0.0,0.0,0.0,9.3,22.3,32415.15,34738.85
2025-01-24,2.333,1.5831250000000001,14.0,-0.0,5.4,951.8,0.1,0.1,0.0,7.3,18.7,32400.0,34861.92
2025-01-25,1.0,0.416625,11.6,-0.7,4.3,955.0,0.0,0.0,0.0,9.9,24.5,33037.71,34986.78
2025-01-26,0.667,0.29150000000000004,9.3,-1.4,2.2,956.1,0.0,0.0,0.0,8.7,20.5,32400.0,35113.29
2025-01-27,2.667,1.375,14.6,0.3,4.7,954.2,0.0,0.0,0.0,6.1,17.6,33303.61,35241.45
2025-01-28,3.667,2.2501249999999997,14.0,-0.9,4.2,949.8,0.0,0.0,0.0,10.1,24.8,33609.37,35372.54
2025-01-29,2.0,1.541625,16.1,-1.2,5.9,950.8,0.0,0.0,0.0,8.4,21.2,32394.84,35506.77
2025-01-30,2.667,1.125125,11.9,3.3,6.2,954.5,2.2,2.2,0.0,6.1,17.3,17679.16,35643.93
2025-01-31,2.667,1.666875,13.7,2.4,6.6,957.8,0.0,0.0,0.0,3.5,15.1,33474.55,35783.81
2025-02-01,4.333,3.7501249999999997,12.7,0.6,5.0,960.7,0.0,0.0,0.0,8.8,21.6,33774.4,35926.24
2025-02-02,4.333,3.2916250000000002,8.4,-1.2,2.3,958.1,0.0,0.0,0.0,13.7,31.0,17479.4,36071.0
2025-02-03,1.0,0.625,7.6,0.2,3.0,955.5,0.2,0.2,0.0,16.1,37.8,28281.89,36217.91
2025-02-04,1.667,1.000125,4.1,-2.5,0.6,960.3,0.0,0.0,0.0,6.9,19.8,10993.85,36366.8
2025-02-05,2.667,1.416875,6.1,-4.1,-0.2,962.4,0.0,0.0,0.0,13.5,32.4,34612.41,36517.47
2025-02-06,2.667,1.75,5.3,-2.7,0.6,965.1,0.0,0.0,0.0,7.9,20.9,20744.95,36669.76
2025-02-07,1.0,0.499875,4.1,-4.8,-1.3,968.1,0.0,0.0,0.0,7.3,23.0,35002.56,36823.49
2025-02-08,3.333,1.916625,4.4,-6.9,-2.8,967.9,0.0,0.0,0.0,9.8,27.0,35052.33,36978.48
2025-02-09,4.667,2.79175,3.0,-6.5,-3.5,965.6,0.0,0.0,0.0,8.6,23.8,35132.99,37134.58
2025-02-10,4.667,3.7085,5.6,-8.3,-3.3,961.6,0.0,0.0,0.0,6.4,17.6,35792.66,37291.62
2025-02-11,3.667,3.083375,5.2,-7.5,-2.8,961.9,0.0,0.0,0.0,8.6,22.7,35829.91,37449.44
2025-02-12,4.333,3.083375,5.4,-7.6,-1.9,961.9,0.0,0.0,0.0,11.4,23.4,35765.6,37607.88
2025-02-13,4.333,3.54175,7.5,-1.6,1.0,957.5,0.7,0.0,0.49,10.5,26.6,30645.69,37766.8
2025-02-14,4.667,3.625,10.5,-2.1,2.1,950.5,0.0,0.0,0.0,9.3,26.3,35605.61,37926.04
2025-02-15,5.0,3.958375,6.0,-0.7,2.0,950.0,0.0,0.0,0.0,14.6,32.4,33074.16,38085.45
2025-02-16,4.0,3.375,3.5,-0.2,1.3,950.6,0.8,0.8,0.0,9.9,22.7,0.0,38245.03
2025-02-17,3.667,2.83325,-0.1,-3.6,-1.8,952.1,5.8,0.1,3.99,8.3,16.9,0.0,38406.18
2025-02-18,4.333,2.458375,-1.0,-5.5,-3.7,956.1,0.0,0.0,0.0,5.3,10.4,30795.8,38569.13
2025-02-19,5.0,3.20825,-1.7,-10.8,-5.4,961.5,0.0,0.0,0.07,8.0,14.8,12327.54,38733.74
2025-02-20,3.333,1.20825,-2.7,-14.0,-9.0,963.6,0.0,0.0,0.0,4.1,11.2,38349.15,38899.84
2025-02-21,2.667,1.000125,0.2,-12.4,-7.2,965.4,0.0,0.0,0.0,7.4,19.8,38443.59,39067.29
2025-02-22,2.667,1.291625,0.1,-12.6,-7.0,965.0,0.0,0.0,0.0,8.7,17.6,38536.23,39235.92
2025-02-23,3.0,1.3335,3.0,-9.5,-3.8,963.7,0.0,0.0,0.0,8.8,17.6,36000.0,39405.61
2025-02-24,4.667,2.5833749999999998,2.1,-3.4,-0.9,962.1,0.0,0.0,0.0,7.9,16.2,5516.19,39576.2
2025-02-25,3.0,1.791625,9.7,-1.9,2.9,956.3,1.1,1.1,0.0,5.2,16.6,35476.75,39747.56
2025-02-26,3.333,2.8748750000000003,11.0,-2.0,2.3,953.9,0.0,0.0,0.0,9.4,25.9,35903.57,39919.54
2025-02-27,5.667,4.08325,12.2,-1.2,3.9,953.1,0.1,0.1,0.0,10.4,20.9,18095.29,40092.01
2025-02-28,5.0,4.16675,12.0,2.0,5.9,953.7,4.0,4.0,0.0,10.5,25.6,34846.66,40264.83
2025-03-01,4.0,3.16675,9.2,2.1,5.2,956.6,7.9,7.9,0.0,9.2,23.4,6849.44,40437.87
2025-03-02,2.333,1.2081250000000001,4.8,2.0,3.4,958.3,5.3,5.3,0.0,8.8,15.8,5740.82,40611.01
2025-03-03,1.333,1.0,8.1,-1.7,2.5,959.7,0.0,0.0,0.0,9.7,18.4,39410.77,40784.1
2025-03-04,4.333,2.041625,11.2,-2.8,2.7,959.4,0.0,0.0,0.0,6.1,20.5,39510.36,40957.03
2025-03-05,3.333,2.333375,14.9,-2.1,4.6,961.0,0.0,0.0,0.0,4.4,16.9,39600.0,41129.67
2025-03-06,2.333,1.5415,16.9,0.0,6.0,961.9,0.0,0.0,0.0,2.6,13.0,39600.0,41301.88
2025-03-07,3.0,2.125125,20.1,1.1,7.4,957.6,0.0,0.0,0.0,10.8,21.2,39600.0,41473.55
2025-03-08,5.0,3.333375,18.9,0.6,7.3,951.7,0.0,0.0,0.0,11.1,26.6,39600.0,41644.67
2025-03-09,5.667,4.0,16.7,-0.1,6.1,949.0,0.0,0.0,0.0,6.8,15.1,39600.0,41816.54
2025-03-10,2.667,2.1248750000000003,18.7,0.7,7.6,948.3,0.0,0.0,0.0,9.6,25.6,39600.0,41989.4
2025-03-11,2.667,2.16675,21.4,1.7,9.6,946.0,0.8,0.8,0.0,12.6,31.3,37238.02,42163.14
2025-03-12,5.0,4.08325,20.6,4.9,11.5,943.8,0.5,0.5,0.0,14.1,33.8,28800.0,42337.62
2025-03-13,5.0,4.458375,20.5,6.6,13.1,940.3,0.5,0.5,0.0,13.9,32.8,34869.16,42512.76
2025-03-14,5.333,3.416625,23.1,5.7,12.8,946.3,0.4,0.4,0.0,11.7,31.7,35050.47,42688.42
2025-03-15,4.0,2.833375,25.8,8.4,15.3,946.8,0.0,0.0,0.0,13.5,31.7,35559.15,42864.51
2025-03-16,3.333,2.125,19.4,7.7,12.7,944.7,0.6,0.6,0.0,16.9,42.5,39575.52,43040.9
2025-03-17,3.333,2.833375,12.0,2.9,7.5,945.8,0.7,0.7,0.0,24.3,54.4,34277.11,43217.48
2025-03-18,3.333,2.5416250000000002,2.2,-1.4,1.1,955.9,0.7,0.0,0.49,17.0,35.6,1821.49,43394.15
2025-03-19,4.667,3.375,7.4,-4.4,0.4,964.1,0.0,0.0,0.0,6.3,19.1,40483.9,43570.79
2025-03-20,2.333,1.3335000000000001,11.5,-4.2,2.2,963.8,0.0,0.0,0.0,5.1,18.7,40607.02,43747.29
2025-03-21,5.333,3.333375,14.6,-2.7,3.9,959.6,0.0,0.0,0.0,6.2,16.6,40831.02,43923.55
2025-03-22,5.667,4.04175,15.8,-0.6,6.3,954.5,0.0,0.0,0.0,9.8,24.8,38495.23,44099.44
2025-03-23,4.0,2.083375,14.5,2.7,8.1,952.8,0.4,0.4,0.0,13.1,29.9,17967.13,44274.85
2025-03-24,4.333,3.2085,16.7,5.2,10.1,952.4,3.5,3.5,0.0,13.9,37.1,3367.37,44449.69
2025-03-25,4.0,2.875,21.0,8.5,13.8,952.5,3.5,3.5,0.0,11.3,31.0,29163.84,44623.82
2025-03-26,5.667,4.45825,16.0,7.6,11.5,949.5,0.9,0.9,0.0,9.5,23.0,8713.07,44797.14
2025-03-27,4.667,4.166875,18.4,8.9,11.8,944.3,2.4,2.4,0.0,18.5,41.0,10699.53,44969.52
2025-03-28,4.0,2.875,11.2,7.3,9.5,940.6,10.0,10.0,0.0,19.0,42.1,6732.91,45140.99
2025-03-29,3.333,1.58325,15.7,5.8,9.9,938.7,1.1,1.1,0.0,12.8,34.6,30468.06,45312.71
2025-03-30,2.333,1.291625,14.9,8.3,10.9,942.4,0.4,0.4,0.0,6.9,21.2,29514.5,45484.92
2025-03-31,2.0,1.333375,12.1,8.4,9.8,943.3,7.1,7.1,0.0,6.5,22.0,5691.96,45657.53
2025-04-01,2.333,1.166625,11.9,8.3,9.5,943.7,3.5,3.5,0.0,12.6,34.6,0.0,45830.42
2025-04-02,3.667,3.125,12.0,6.8,9.2,946.5,8.8,8.8,0.0,7.2,18.0,2871.17,46003.49
2025-04-03,4.667,3.45825,13.3,5.3,9.5,951.5,0.0,0.0,0.0,17.9,40.3,36311.22,46176.63
2025-04-04,4.667,4.29175,14.9,5.0,9.3,951.4,0.0,0.0,0.0,6.5,22.3,40110.15,46349.74
2025-04-05,5.667,4.625,15.4,3.2,8.8,944.6,0.7,0.7,0.0,17.1,38.2,45649.32,46522.71
2025-04-06,5.0,3.45825,7.2,0.8,3.8,942.7,3.4,2.0,0.98,23.5,50.0,0.0,46695.43
2025-04-07,4.0,2.583375,6.3,-1.3,2.1,949.7,1.6,0.1,1.05,10.6,28.1,41288.58,46867.79
2025-04-08,4.333,3.583375,6.4,-3.9,1.2,955.5,0.0,0.0,0.0,11.9,28.4,46185.31,47039.67
2025-04-09,4.667,3.41675,9.2,-3.1,2.7,954.0,0.0,0.0,0.0,14.9,34.6,39993.52,47210.96
2025-04-10,4.0,2.875,11.4,-1.0,4.7,950.0,3.0,2.1,0.63,26.9,58.7,29249.1,47381.54
2025-04-11,4.0,2.916625,11.4,-0.9,5.1,949.7,0.0,0.0,0.0,22.1,49.0,40263.97,47551.3
2025-04-12,4.333,3.0415,12.3,3.7,7.8,948.5,1.3,1.3,0.0,19.9,41.4,26630.16,47720.11
2025-04-13,3.667,2.708375,19.0,2.0,9.5,953.3,0.0,0.0,0.0,6.5,20.9,46800.0,47887.86
2025-04-14,4.667,3.125,14.2,4.6,9.0,955.1,0.0,0.0,0.0,14.6,30.6,7817.78,48054.41
2025-04-15,6.333,3.249875,11.9,6.7,9.0,956.0,1.1,1.1,0.0,15.7,36.7,11197.29,48219.63
2025-04-16,7.667,5.33325,22.0,5.8,12.5,957.4,0.0,0.0,0.0,15.6,36.4,43200.0,48383.41
2025-04-17,3.667,2.000125,22.5,10.1,15.6,955.9,0.0,0.0,0.0,17.0,42.5,46800.0,48545.72
2025-04-18,4.333,2.625125,18.9,10.8,13.9,949.8,1.8,1.8,0.0,13.9,29.9,41896.99,48707.7
2025-04-19,4.667,3.2498750000000003,18.2,9.1,13.1,948.6,2.0,2.0,0.0,11.5,25.6,29612.44,48869.58
2025-04-20,5.0,2.291625,21.4,5.8,13.1,948.7,0.0,0.0,0.0,5.4,15.8,46800.0,49031.26
2025-04-21,5.333,4.2915,23.3,8.5,14.8,947.8,0.0,0.0,0.0,8.8,20.2,46800.0,49192.61
2025-04-22,3.667,2.7085,22.9,9.4,15.3,949.0,0.1,0.1,0.0,11.7,38.9,46800.0,49353.52
2025-04-23,2.667,1.500125,20.2,9.4,14.1,949.2,2.8,2.8,0.0,11.2,36.7,37883.93,49513.85
2025-04-24,3.667,2.625,19.2,8.7,13.4,945.1,3.7,3.7,0.0,15.1,38.9,43816.71,49673.51
2025-04-25,2.0,1.125125,20.7,7.1,13.9,944.9,0.0,0.0,0.0,11.5,33.1,46800.0,49832.35
2025-04-26,2.0,1.499875,21.2,8.2,13.3,946.5,2.8,2.8,0.0,9.3,35.6,40180.21,49990.24
2025-04-27,2.667,1.625,17.5,8.3,12.0,955.2,6.5,6.5,0.0,17.0,39.2,33057.1,50147.07
2025-04-28,2.333,0.791625,16.3,6.6,11.3,961.1,0.0,0.0,0.0,16.7,37.1,41843.88,50302.69
2025-04-29,2.0,1.374875,17.0,2.8,10.0,958.6,0.0,0.0,0.0,12.0,31.0,46838.15,50456.97
2025-04-30,3.333,2.208375,20.0,3.8,12.1,955.6,0.0,0.0,0.0,11.9,31.3,46800.0,50609.76
2025-05-01,4.667,3.91675,20.7,6.7,14.1,952.7,0.1,0.1,0.0,7.7,24.8,47089.22,50760.93
2025-05-02,5.0,4.541625,21.2,8.1,14.8,954.6,0.4,0.4,0.0,9.4,26.3,47051.55,50910.33
2025-05-03,5.333,3.875,24.1,7.7,15.7,952.8,0.0,0.0,0.0,11.2,25.9,47346.17,51057.8
2025-05-04,4.667,3.875,25.0,10.3,17.3,947.2,0.0,0.0,0.0,10.1,23.4,47310.85,51203.2
2025-05-05,4.667,4.124875,24.3,11.5,18.0,944.8,0.0,0.0,0.0,9.6,22.7,42515.39,51346.36
2025-05-06,3.667,2.791625,24.3,12.1,18.0,946.5,0.0,0.0,0.0,10.2,27.0,40566.17,51487.14
2025-05-07,2.667,1.833375,20.4,11.2,15.2,947.9,19.7,19.7,0.0,14.7,35.6,47879.27,51625.48
2025-05-08,3.667,2.25,22.3,9.2,15.8,945.8,0.3,0.3,0.0,11.5,31.7,40239.03,51762.43
2025-05-09,4.667,2.833375,18.3,9.3,13.9,949.6,0.0,0.0,0.0,14.2,31.3,43601.33,51898.19
2025-05-10,4.667,2.249875,17.6,9.7,13.3,952.3,1.6,1.6,0.0,8.2,24.8,38373.42,52032.66
2025-05-11,4.667,2.75,19.0,5.7,12.4,950.3,0.1,0.1,0.0,8.7,25.2,48774.32,52165.69
2025-05-12,2.0,1.5,18.6,6.8,13.0,947.0,0.5,0.5,0.0,12.0,30.2,48748.98,52297.15
2025-05-13,3.667,1.958125,15.7,9.4,11.9,949.7,1.9,1.9,0.0,9.1,26.6,43811.42,52426.94
2025-05-14,3.667,2.875125,17.3,5.2,11.5,951.6,0.6,0.6,0.0,13.5,31.7,49665.19,52554.9
2025-05-15,3.667,2.6666250000000002,22.5,5.2,14.0,947.7,0.0,0.0,0.0,10.4,25.2,49855.53,52680.9
2025-05-16,3.667,2.3335,13.3,5.8,11.0,942.7,28.1,28.1,0.0,18.6,35.6,0.0,52804.81
2025-05-17,6.333,4.374875,15.1,5.6,9.9,946.1,1.8,1.8,0.0,20.9,46.8,49520.62,52926.5
2025-05-18,4.667,3.4585,19.3,5.1,12.0,951.5,0.1,0.1,0.0,12.7,35.3,50502.24,53045.81
2025-05-19,3.333,1.999875,21.1,6.2,13.3,952.5,2.3,2.3,0.0,17.1,42.8,50085.71,53162.59
2025-05-20,3.333,2.66675,20.5,7.8,14.1,953.3,0.1,0.1,0.0,14.0,37.8,51109.53,53276.72
2025-05-21,4.0,2.5,22.1,9.8,15.2,951.2,2.2,2.2,0.0,9.0,28.4,37819.76,53388.03
2025-05-22,2.333,1.541625,22.8,9.7,16.6,947.2,5.1,5.1,0.0,11.2,30.2,50656.12,53496.37
2025-05-23,3.333,1.916625,26.0,11.9,18.6,945.9,0.2,0.2,0.0,8.8,26.6,48914.16,53601.6
2025-05-24,1.333,0.958375,16.2,11.9,14.4,948.4,6.5,6.5,0.0,10.9,27.4,3627.3,53703.55
2025-05-25,2.0,1.54175,11.3,8.7,9.6,947.4,30.1,30.1,0.0,15.2,35.6,0.0,53802.08
2025-05-26,3.0,1.75,17.1,8.1,11.4,947.3,2.8,2.8,0.0,18.0,42.5,14526.88,53897.01
2025-05-27,4.333,2.70825,19.1,10.8,14.8,949.6,0.9,0.9,0.0,22.3,50.0,48503.91,53988.29
2025-05-28,4.333,3.125,19.2,11.3,15.1,949.6,0.4,0.4,0.0,19.7,45.7,51732.59,54076.65
2025-05-29,6.333,5.45825,18.4,9.2,14.1,948.2,0.3,0.3,0.0,17.4,41.0,36441.19,54162.22
2025-05-30,4.667,4.08325,18.6,11.2,14.5,951.7,0.5,0.5,0.0,13.7,27.7,32428.52,54244.92
2025-05-31,4.0,3.0,20.4,9.3,15.0,954.9,0.6,0.6,0.0,7.7,20.5,52733.59,54324.67
2025-06-01,7.667,6.04175,22.9,9.1,16.1,955.7,0.0,0.0,0.0,5.8,19.1,50946.26,54401.37
2025-06-02,7.0,5.583375,25.9,10.6,18.2,955.9,0.0,0.0,0.0,5.3,18.4,48454.51,54474.93
2025-06-03,7.0,4.958375,28.0,13.3,20.5,955.4,0.0,0.0,0.0,5.7,18.4,53391.67,54545.27
2025-06-04,5.333,3.58325,29.4,14.5,21.8,955.4,0.0,0.0,0.0,4.3,16.6,53020.58,54612.3
2025-06-05,3.667,2.625125,30.0,15.8,22.7,955.2,0.0,0.0,0.0,7.6,24.8,46332.49,54675.94
2025-06-06,2.333,1.83325,28.4,16.2,22.4,954.9,0.0,0.0,0.0,11.3,33.1,51920.82,54736.08
2025-06-07,4.333,3.1248750000000003,29.1,13.7,21.6,954.4,0.0,0.0,0.0,5.6,16.2,53809.58,54792.65
2025-06-08,4.0,2.75,30.7,14.8,23.2,952.4,0.0,0.0,0.0,5.6,16.9,53846.83,54845.57
2025-06-09,4.0,2.875,27.0,17.2,22.0,953.8,0.4,0.4,0.0,17.9,42.1,49085.16,54894.74
2025-06-10,2.667,1.9585,27.1,15.2,20.9,956.1,0.0,0.0,0.0,12.5,29.9,52933.35,54940.08
2025-06-11,4.667,2.95825,28.1,15.8,22.0,952.6,0.0,0.0,0.0,13.6,29.9,53947.77,54981.51
2025-06-12,5.333,4.083375,26.0,14.5,20.9,954.2,0.0,0.0,0.0,16.9,41.0,53977.49,55018.94
2025-06-13,6.667,5.625,26.1,12.6,19.9,955.5,0.0,0.0,0.0,12.6,31.7,54000.0,55052.3
2025-06-14,5.333,3.3751249999999997,24.3,11.9,18.9,955.8,0.0,0.0,0.0,10.6,26.3,54000.0,55081.5
2025-06-15,3.0,2.125,25.1,11.8,19.0,955.0,0.0,0.0,0.0,11.1,28.8,54000.0,55106.47
2025-06-16,3.667,2.2085,27.6,12.0,20.4,953.8,0.0,0.0,0.0,9.8,27.0,54000.0,55127.15
2025-06-17,2.333,1.999875,29.6,13.5,22.1,954.8,0.0,0.0,0.0,11.2,26.6,54000.0,55143.68
2025-06-18,3.333,2.70825,29.5,15.3,22.5,956.7,0.0,0.0,0.0,7.6,26.3,54000.0,55156.11
2025-06-19,4.333,2.08325,29.4,15.6,23.1,955.2,0.0,0.0,0.0,12.6,31.0,54000.0,55164.47
2025-06-20,3.0,2.08325,28.2,15.9,22.8,953.3,0.0,0.0,0.0,16.3,38.5,54000.0,55168.78
2025-06-21,3.333,2.166625,22.6,11.9,18.2,955.6,1.2,1.2,0.0,8.6,25.9,54000.0,55169.06
2025-06-22,3.333,2.2915,26.3,11.7,19.5,956.7,0.0,0.0,0.0,10.1,25.6,54000.0,55165.33
2025-06-23,2.667,1.4585,29.0,11.9,21.3,954.3,0.0,0.0,0.0,10.7,27.7,54000.0,55157.64
2025-06-24,2.667,1.833375,31.5,14.9,23.8,952.2,0.0,0.0,0.0,10.2,27.7,54000.0,55145.99
2025-06-25,4.333,2.374875,32.3,16.9,25.3,953.0,0.0,0.0,0.0,7.4,22.7,54000.0,55130.44
2025-06-26,5.333,4.0415,34.7,18.3,27.2,952.5,0.0,0.0,0.0,8.5,24.5,54000.0,55111.01
2025-06-27,5.0,3.25,34.4,19.8,27.6,952.8,0.0,0.0,0.0,14.3,33.8,43745.82,55087.73
2025-06-28,3.333,2.08325,28.4,18.7,24.0,953.4,1.0,1.0,0.0,15.5,37.1,53137.22,55060.66
2025-06-29,2.333,1.833375,28.8,17.2,22.6,954.7,0.0,0.0,0.0,14.4,34.9,51739.46,55029.81
2025-06-30,3.0,2.458375,30.3,15.9,23.9,952.7,0.0,0.0,0.0,14.1,35.3,54000.0,54995.25
2025-07-01,3.333,1.291625,30.2,18.1,24.9,951.8,0.0,0.0,0.0,12.0,32.4,54000.0,54957.0
2025-07-02,2.333,1.624875,30.2,16.1,23.6,954.5,0.0,0.0,0.0,11.6,32.0,54000.0,54915.12
2025-07-03,4.0,2.916625,32.2,14.8,24.1,956.2,0.0,0.0,0.0,9.3,25.6,54000.0,54869.64
2025-07-04,3.667,2.04175,33.9,16.3,25.6,955.5,0.0,0.0,0.0,8.9,23.0,54000.0,54820.62
2025-07-05,4.0,3.125,33.9,18.7,26.8,954.0,0.0,0.0,0.0,13.4,35.3,54000.0,54768.1
2025-07-06,5.0,3.458375,34.5,19.8,27.6,951.7,0.0,0.0,0.0,9.5,43.6,53969.22,54712.06
2025-07-07,5.0,3.3335,35.2,20.1,28.1,947.2,0.0,0.0,0.0,7.4,26.3,53931.38,54651.99
2025-07-08,3.333,2.54175,34.9,19.5,28.1,944.6,0.0,0.0,0.0,14.4,32.4,53891.67,54587.85
2025-07-09,2.667,1.70825,29.4,15.9,22.6,944.6,1.4,1.4,0.0,25.1,56.5,53850.21,54519.76
2025-07-10,1.0,0.625125,22.9,14.0,18.2,949.2,0.0,0.0,0.0,19.5,42.5,42365.35,54447.86
2025-07-11,4.333,3.083375,25.1,13.4,19.5,950.2,0.1,0.1,0.0,11.1,30.2,53734.1,54372.28
2025-07-12,3.0,2.625,28.7,12.6,21.3,952.2,0.0,0.0,0.0,12.5,29.5,53655.88,54293.15
2025-07-13,4.333,3.541625,32.2,15.5,24.4,954.6,0.0,0.0,0.0,7.9,23.0,53574.28,54210.6
2025-07-14,4.333,2.6665,33.7,17.6,26.2,952.9,0.0,0.0,0.0,12.0,29.2,53489.43,54124.76
2025-07-15,4.667,3.125,28.1,19.8,24.5,950.5,2.4,2.4,0.0,15.3,38.9,53151.38,54035.77
2025-07-16,4.667,2.91675,29.8,16.1,23.6,948.9,0.0,0.0,0.0,13.0,32.4,53310.49,53943.76
2025-07-17,4.0,3.29175,30.6,17.5,21.9,947.6,8.8,8.8,0.0,18.6,42.5,43720.46,53848.85
2025-07-18,4.0,2.208375,24.8,13.5,18.9,950.1,0.0,0.0,0.0,15.2,36.4,53120.05,53751.17
2025-07-19,2.667,1.625,27.6,12.7,20.1,950.3,0.0,0.0,0.0,10.9,26.6,53020.83,53650.86
2025-07-20,1.667,1.208375,30.5,15.1,22.7,948.3,0.6,0.6,0.0,17.2,38.5,52730.85,53548.03
2025-07-21,1.333,0.708125,34.0,17.0,25.4,947.4,0.0,0.0,0.0,7.9,23.0,52354.07,53442.79
2025-07-22,4.667,2.29175,36.0,19.3,27.5,947.1,0.0,0.0,0.0,17.0,38.5,52669.4,53335.3
2025-07-23,4.667,3.916875,33.0,19.9,26.8,948.3,0.3,0.3,0.0,12.2,31.0,51141.26,53225.65
2025-07-24,3.667,2.9585,35.1,20.2,27.6,948.7,0.0,0.0,0.0,14.2,34.6,51043.48,53113.97
2025-07-25,2.667,2.083375,35.4,20.2,28.1,950.9,0.0,0.0,0.0,12.6,31.7,51532.92,53000.37
2025-07-26,3.667,2.25,37.7,21.0,29.9,950.2,0.0,0.0,0.0,17.0,37.1,51263.24,52884.88
2025-07-27,1.333,0.833375,34.5,22.4,28.9,943.6,0.0,0.0,0.0,19.7,41.0,49256.96,52766.51
2025-07-28,2.333,1.374875,30.2,20.1,24.5,942.1,0.0,0.0,0.0,11.0,25.6,48279.45,52645.17
2025-07-29,2.667,1.625125,26.3,18.0,21.8,942.6,6.2,6.2,0.0,16.5,37.1,49051.29,52521.01
2025-07-30,3.0,1.791625,27.0,16.8,21.4,949.0,0.0,0.0,0.0,14.3,30.6,47853.56,52394.2
2025-07-31,3.0,2.1666250000000002,23.8,16.9,19.8,950.4,7.0,7.0,0.0,9.7,24.5,26056.44,52264.87
2025-08-01,3.333,2.499875,26.7,15.0,21.2,950.5,0.1,0.1,0.0,7.1,24.1,47821.15,52133.21
2025-08-02,3.0,2.041625,28.0,15.9,21.8,949.6,0.0,0.0,0.0,17.9,45.4,48216.56,51999.36
2025-08-03,4.0,1.916875,30.7,16.7,23.9,950.0,0.1,0.1,0.0,8.5,20.2,47939.3,51863.46
2025-08-04,2.333,1.8331250000000001,26.9,17.8,22.0,951.6,3.8,3.8,0.0,12.2,25.9,37220.61,51725.67
2025-08-05,3.0,2.125,26.6,16.4,20.5,954.0,28.7,28.7,0.0,11.4,27.4,36962.34,51586.12
2025-08-06,2.667,1.5,29.3,16.3,22.4,953.7,0.0,0.0,0.0,11.0,32.4,44556.65,51444.98
2025-08-07,1.0,0.70825,29.0,17.3,23.1,955.8,0.4,0.4,0.0,10.0,32.4,46881.77,51302.35
2025-08-08,5.0,2.83325,30.4,17.2,24.2,957.5,0.0,0.0,0.0,9.5,31.0,47252.55,51158.39
2025-08-09,5.667,4.708375,32.3,16.7,24.8,958.3,0.0,0.0,0.0,8.9,27.0,47319.24,51013.23
2025-08-10,4.333,3.4998750000000003,34.1,17.2,26.2,957.6,0.0,0.0,0.0,13.0,34.9,46885.61,50866.99
2025-08-11,4.333,3.083125,35.1,19.0,27.2,955.3,0.0,0.0,0.0,11.2,28.4,46924.63,50719.8
2025-08-12,4.0,2.75,32.8,20.3,26.5,956.1,0.0,0.0,0.0,14.1,35.3,46800.0,50571.79
2025-08-13,3.333,2.708375,31.9,19.3,25.3,956.3,0.0,0.0,0.0,15.1,37.4,46800.0,50423.08
2025-08-14,3.333,2.20825,30.5,17.2,24.2,955.3,0.0,0.0,0.0,17.1,39.2,46800.0,50273.78
2025-08-15,2.333,1.6665,28.6,18.2,23.8,955.6,0.0,0.0,0.0,11.2,30.6,27809.22,50123.9
2025-08-16,1.667,1.125,30.2,17.8,24.5,952.4,0.0,0.0,0.0,14.6,38.2,46800.0,49972.35
2025-08-17,1.667,0.958375,29.9,15.7,23.6,948.2,0.0,0.0,0.0,11.0,30.2,46785.92,49818.95
2025-08-18,3.0,1.45825,26.2,18.1,21.7,949.4,0.8,0.8,0.0,12.7,33.1,41588.2,49663.83
2025-08-19,4.667,3.208375,24.5,16.2,19.5,951.8,5.8,5.8,0.0,9.1,25.6,42534.56,49507.14
2025-08-20,4.0,2.58325,28.4,12.7,20.1,949.1,0.0,0.0,0.0,6.1,23.4,46800.0,49349.0
2025-08-21,2.667,1.66675,32.8,15.7,23.4,947.8,0.0,0.0,0.0,6.9,23.0,46800.0,49189.56
2025-08-22,3.0,1.791875,30.3,17.8,22.6,945.2,0.0,0.0,0.0,19.0,54.4,46800.0,49028.94
2025-08-23,2.0,1.29175,24.4,15.8,19.5,949.1,0.0,0.0,0.0,16.9,41.4,46800.0,48867.26
2025-08-24,1.667,1.250125,24.0,10.4,17.5,952.5,0.0,0.0,0.0,16.9,41.0,46800.0,48704.66
2025-08-25,3.0,1.625125,22.1,12.8,16.8,954.3,1.8,1.8,0.0,6.6,23.0,40335.77,48541.25
2025-08-26,2.667,1.708375,24.9,9.7,17.3,953.6,0.0,0.0,0.0,5.0,19.1,46800.0,48377.15
2025-08-27,2.667,1.66675,27.9,10.1,18.8,953.6,0.0,0.0,0.0,6.6,17.3,46800.0,48212.48
2025-08-28,2.0,1.66675,29.7,12.4,20.7,953.7,0.0,0.0,0.0,11.4,24.1,46800.0,48047.35
2025-08-29,2.0,1.54175,30.6,13.5,22.1,951.3,0.0,0.0,0.0,13.5,29.2,46800.0,47881.87
2025-08-30,2.333,1.708375,33.3,15.4,23.5,948.1,0.3,0.3,0.0,18.4,46.1,45217.29,47716.15
2025-08-31,2.333,1.708375,25.7,16.3,20.2,947.1,2.2,2.2,0.0,18.6,44.6,43694.53,47550.31
2025-09-01,5.667,2.0,25.9,13.9,19.9,949.3,0.0,0.0,0.0,19.4,45.0,46561.98,47384.44
2025-09-02,5.333,4.1665,30.6,14.1,21.8,949.9,0.0,0.0,0.0,5.6,17.3,46460.94,47218.66
2025-09-03,4.333,2.208125,32.8,15.9,23.9,949.7,0.0,0.0,0.0,12.3,34.6,43826.01,47053.06
2025-09-04,3.0,2.0416250000000002,28.9,16.4,22.8,951.2,0.0,0.0,0.0,17.2,39.6,43081.56,46887.64
2025-09-05,3.0,1.5,28.1,16.0,22.2,952.7,0.0,0.0,0.0,11.3,31.7,45167.75,46721.28
2025-09-06,5.0,3.625,28.1,13.7,21.3,954.6,0.0,0.0,0.0,9.8,29.2,45978.73,46553.78
2025-09-07,2.0,0.58325,28.2,13.2,20.9,955.0,0.0,0.0,0.0,8.4,28.4,45141.17,46385.27
2025-09-08,3.667,2.666625,28.2,14.4,21.3,953.0,0.0,0.0,0.0,7.7,25.2,43064.75,46215.84
2025-09-09,5.333,2.875,30.0,14.6,21.7,951.5,0.0,0.0,0.0,9.4,25.2,44190.62,46045.61
2025-09-10,4.0,2.125,31.4,15.6,23.2,952.6,0.0,0.0,0.0,17.3,38.2,43534.81,45874.69
2025-09-11,3.333,1.874875,25.9,18.0,21.8,952.3,0.0,0.0,0.0,13.5,31.3,17624.19,45703.19
2025-09-12,2.667,1.625125,26.7,15.0,20.8,953.9,0.0,0.0,0.0,10.8,29.2,43512.06,45531.2
2025-09-13,2.667,1.29175,29.3,14.4,21.3,957.2,0.0,0.0,0.0,15.4,35.6,43188.38,45358.85
2025-09-14,4.667,2.208625,26.8,15.9,21.2,955.9,0.0,0.0,0.0,16.2,35.3,41534.29,45186.22
2025-09-15,6.667,4.791875,26.2,14.9,20.4,955.9,0.3,0.3,0.0,11.4,25.6,43166.96,45013.43
2025-09-16,4.333,3.16675,28.9,12.5,20.2,954.9,0.0,0.0,0.0,5.8,18.4,42844.0,44840.57
2025-09-17,3.0,2.291625,20.8,13.5,17.1,953.8,0.1,0.1,0.0,19.5,46.1,30510.19,44667.75
2025-09-18,2.333,1.6251250000000002,21.9,9.0,15.2,959.2,0.0,0.0,0.0,10.4,24.5,42510.46,44495.06
2025-09-19,1.0,0.2915,23.9,7.5,15.5,962.2,0.0,0.0,0.0,7.8,24.5,42293.14,44322.61
2025-09-20,1.667,0.958375,26.5,11.0,18.3,961.8,0.0,0.0,0.0,9.3,30.2,41724.42,44150.5
2025-09-21,1.667,1.16675,27.1,12.2,19.4,958.3,0.0,0.0,0.0,14.0,36.7,42069.78,43978.82
2025-09-22,3.333,2.7915,27.8,12.6,19.7,954.8,0.0,0.0,0.0,13.7,30.2,41790.12,43807.68
2025-09-23,3.667,2.875125,29.4,12.1,19.9,953.1,0.0,0.0,0.0,12.2,28.1,41823.47,43637.17
2025-09-24,2.333,1.70825,29.4,13.8,20.7,951.9,0.0,0.0,0.0,12.3,30.2,41544.2,43467.28
2025-09-25,2.333,1.583375,21.2,14.8,17.8,953.7,0.1,0.1,0.0,16.0,37.1,8982.66,43296.86
2025-09-26,2.333,1.41675,21.2,14.7,16.6,958.8,0.3,0.3,0.0,20.5,47.2,20164.0,43125.69
2025-09-27,2.333,1.16675,18.8,11.0,14.1,958.4,0.1,0.1,0.0,18.0,40.7,37893.19,42953.89
2025-09-28,3.0,2.12525,16.8,11.1,13.1,953.4,5.8,5.8,0.0,14.3,30.6,1822.27,42781.55
2025-09-29,5.333,3.7498750000000003,16.0,9.9,12.3,951.1,13.7,13.7,0.0,10.1,24.8,21765.74,42608.79
2025-09-30,7.0,5.75,16.8,6.7,11.1,954.8,0.0,0.0,0.0,11.3,28.8,40183.03,42435.71
2025-10-01,6.333,4.875,16.9,6.0,11.0,954.7,0.1,0.1,0.0,9.0,25.2,37651.63,42262.44
2025-10-02,6.667,4.625,10.7,4.8,7.2,951.3,21.6,21.6,0.0,6.4,16.2,0.0,42089.08
2025-10-03,5.0,3.91675,5.2,1.2,3.6,946.0,29.8,18.8,7.7,15.7,39.2,0.0,41915.72
2025-10-04,4.0,3.333375,9.9,3.3,5.9,949.9,0.0,0.0,0.0,16.3,38.2,28647.35,41742.5
2025-10-05,3.333,1.7915,17.6,1.3,8.8,949.3,0.2,0.2,0.0,8.0,21.6,39495.06,41569.52
2025-10-06,2.0,1.04175,10.4,8.0,9.4,948.0,15.8,15.8,0.0,15.8,31.7,0.0,41396.88
2025-10-07,4.0,2.666625,8.5,5.8,7.2,948.4,12.8,12.8,0.0,10.2,22.0,0.0,41224.72
2025-10-08,3.667,2.08325,9.9,7.2,8.1,946.8,15.4,15.4,0.0,18.2,35.6,0.0,41053.13
2025-10-09,2.0,1.041625,15.4,7.8,10.9,952.4,0.0,0.0,0.0,23.0,50.4,37084.39,40882.23
2025-10-10,3.333,1.916625,17.5,8.1,12.8,958.6,0.0,0.0,0.0,18.8,42.1,35596.63,40712.15
2025-10-11,4.333,2.958375,15.9,10.4,12.6,958.7,0.1,0.1,0.0,22.0,48.2,32106.35,40543.0
2025-10-12,5.0,4.25,15.8,8.6,12.0,959.1,0.0,0.0,0.0,13.8,32.0,35821.07,40374.9
2025-10-13,4.667,3.458375,15.1,6.3,10.6,956.4,0.0,0.0,0.0,13.4,30.2,36970.93,40207.97
2025-10-14,2.333,1.874875,15.3,7.0,10.5,956.0,0.0,0.0,0.0,11.1,25.2,29628.87,40042.21
2025-10-15,3.667,2.16675,15.5,5.4,9.9,956.5,0.0,0.0,0.0,5.6,19.4,36429.7,39876.36
2025-10-16,1.333,0.833125,15.1,7.0,10.5,957.6,0.0,0.0,0.0,12.6,31.0,33091.58,39710.15
2025-10-17,3.667,2.208375,13.1,8.4,10.5,956.4,4.9,4.9,0.0,15.2,34.9,485.04,39543.74
2025-10-18,6.333,4.416625,11.2,9.7,10.3,955.2,6.7,6.7,0.0,13.1,25.9,0.0,39377.24
2025-10-19,5.0,3.08325,13.1,5.1,9.3,956.5,0.1,0.1,0.0,14.2,34.2,36956.43,39210.8
2025-10-20,2.667,1.833375,14.2,0.5,6.3,952.4,0.0,0.0,0.0,8.9,24.1,36682.0,39044.54
2025-10-21,3.0,1.875,15.2,3.3,8.5,949.6,0.0,0.0,0.0,12.5,29.2,27736.14,38878.6
2025-10-22,1.333,0.875,17.7,6.2,11.3,947.7,0.0,0.0,0.0,10.8,28.4,34632.85,38713.12
2025-10-23,2.333,1.33325,20.3,8.0,13.1,945.7,0.0,0.0,0.0,8.4,24.5,36176.38,38548.24
2025-10-24,3.0,2.249875,20.3,9.4,13.0,941.2,2.9,2.9,0.0,20.3,45.7,26110.2,38384.1
2025-10-25,3.667,1.791625,17.9,4.9,10.4,948.0,0.0,0.0,0.0,9.2,21.6,36000.0,38220.86
2025-10-26,1.333,0.66675,10.3,6.3,8.7,944.3,23.5,23.5,0.0,10.2,25.2,0.0,38058.65
2025-10-27,3.0,1.25025,13.1,5.9,9.8,942.0,31.0,31.0,0.0,18.7,41.4,14432.57,37897.63
2025-10-28,4.0,3.2498750000000003,13.7,5.1,8.8,948.7,0.1,0.1,0.0,18.2,40.7,28132.17,37737.95
2025-10-29,4.333,3.291625,17.4,1.8,7.6,955.7,0.0,0.0,0.0,8.3,21.6,35905.65,37579.78
2025-10-30,5.333,4.45825,16.7,3.2,8.3,954.2,0.0,0.0,0.0,9.5,24.8,35830.2,37423.27
2025-10-31,4.667,3.583375,17.9,5.0,10.1,954.8,0.0,0.0,0.0,2.9,14.4,34453.65,37268.6
2025-11-01,3.333,2.75,18.7,6.4,10.8,956.8,0.0,0.0,0.0,6.9,13.3,35679.35,37115.91
2025-11-02,4.333,2.9998750000000003,18.0,5.4,10.3,956.2,0.0,0.0,0.0,8.4,18.4,35604.04,36965.4
2025-11-03,4.333,3.416625,18.6,6.1,11.0,953.1,0.0,0.0,0.0,7.8,21.2,35528.83,36817.08
2025-11-04,3.0,2.16675,12.6,7.3,8.9,957.5,5.8,5.8,0.0,16.4,34.2,1954.65,36669.6
2025-11-05,5.667,3.333375,12.6,6.7,9.1,959.4,0.0,0.0,0.0,8.2,18.4,11884.14,36522.7
2025-11-06,6.667,4.3335,12.0,8.5,9.8,954.7,0.1,0.1,0.0,13.9,33.1,9150.81,36376.54
2025-11-07,5.333,3.9998750000000003,13.1,5.8,9.3,951.6,0.0,0.0,0.0,15.8,37.1,25986.83,36231.27
2025-11-08,6.0,3.874875,13.1,9.0,10.7,950.9,5.7,5.7,0.0,16.0,37.4,1040.47,36087.06
2025-11-09,3.0,1.666625,14.9,7.8,10.3,952.5,0.6,0.6,0.0,7.6,20.9,20652.95,35944.05
2025-11-10,4.333,2.666625,16.9,10.1,12.3,949.1,14.7,14.7,0.0,11.6,27.4,28800.0,35802.43
2025-11-11,2.667,1.45825,11.5,5.7,9.3,950.4,2.2,2.2,0.0,17.0,36.7,12315.5,35662.35
2025-11-12,8.667,6.41675,12.5,1.6,6.5,956.1,0.0,0.0,0.0,6.9,20.5,32908.04,35523.99
2025-11-13,7.333,4.4585,13.8,2.5,6.8,957.4,0.0,0.0,0.0,5.3,15.1,34731.53,35387.53
2025-11-14,1.333,0.708375,13.0,2.4,6.3,955.5,0.0,0.0,0.0,3.9,14.0,34394.54,35253.14
2025-11-15,3.333,1.958375,14.3,1.4,6.0,952.3,0.0,0.0,0.0,6.4,18.0,34384.59,35121.0
2025-11-16,3.667,3.16675,13.5,1.8,5.9,951.4,0.0,0.0,0.0,7.6,18.0,33668.67,34991.31
2025-11-17,3.667,2.125125,16.0,3.3,7.4,948.8,0.0,0.0,0.0,14.2,29.2,27820.85,34864.25
2025-11-18,2.333,0.916625,10.9,5.7,8.1,947.9,8.7,8.7,0.0,13.8,32.8,0.0,34740.01
2025-11-19,1.0,0.41650000000000004,11.7,6.9,9.0,948.8,6.1,6.1,0.0,11.1,20.2,0.0,34618.79
2025-11-20,3.0,1.5,16.0,7.3,10.2,947.9,2.6,2.6,0.0,12.2,30.6,25966.27,34500.8
2025-11-21,2.667,1.79175,15.8,7.1,10.6,946.9,13.1,13.1,0.0,13.4,38.5,19263.88,34386.22
2025-11-22,2.333,1.208375,17.0,8.5,11.2,946.7,0.5,0.5,0.0,10.7,27.4,31974.7,34275.26
2025-11-23,3.667,2.500125,10.3,2.6,7.0,948.0,2.8,2.8,0.0,12.2,25.9,20400.79,34168.01
2025-11-24,4.667,3.45825,10.7,0.4,3.6,951.0,0.0,0.0,0.0,8.2,21.6,31900.6,34063.3
2025-11-25,4.667,4.04175,11.3,1.4,4.9,947.7,0.0,0.0,0.0,13.6,31.3,31866.95,33960.92
2025-11-26,4.333,3.6248750000000003,14.6,3.6,7.8,944.0,3.7,3.7,0.0,12.2,29.5,25221.42,33860.98
2025-11-27,4.333,3.83325,9.8,3.4,7.0,947.2,14.3,14.3,0.0,14.3,28.4,0.0,33763.64
2025-11-28,4.0,3.41675,5.8,2.8,4.0,950.7,5.1,5.1,0.0,8.1,17.3,0.0,33669.02
2025-11-29,4.0,3.33325,5.9,1.7,3.9,946.8,6.3,5.9,0.28,11.9,24.1,0.0,33577.27
2025-11-30,4.0,2.791625,6.9,1.7,3.3,948.0,0.8,0.8,0.0,15.4,34.9,16534.44,33488.53
2025-12-01,3.667,2.000125,10.6,-0.3,4.1,952.8,0.0,0.0,0.0,10.9,22.3,31712.72,33402.92
2025-12-02,2.667,1.8335,5.7,-0.5,1.7,955.2,0.0,0.0,0.0,5.9,14.4,24015.84,33320.6
2025-12-03,6.667,3.458375,7.8,-0.7,3.5,954.5,0.2,0.2,0.0,11.4,26.3,16822.87,33241.71
2025-12-04,5.0,4.208375,8.6,4.9,6.9,951.3,0.1,0.1,0.0,18.8,43.9,6233.12,33166.38
2025-12-05,3.333,2.8748750000000003,10.6,8.0,9.0,945.0,2.6,2.6,0.0,18.6,40.3,149.73,33094.76
2025-12-06,4.0,2.833375,8.5,4.2,6.2,946.5,4.6,4.6,0.0,9.0,18.0,0.0,33027.0
2025-12-07,3.333,1.5415,8.5,4.0,5.4,949.1,0.0,0.0,0.0,4.0,12.2,24286.07,32963.24
2025-12-08,1.0,0.20825,8.9,4.4,6.0,954.5,0.0,0.0,0.0,11.4,25.6,17800.03,32903.61
2025-12-09,1.333,0.875,9.0,1.8,4.7,958.8,0.0,0.0,0.0,9.4,19.1,31636.03,32848.26
2025-12-10,6.0,2.7915,10.1,0.6,4.2,956.0,0.0,0.0,0.0,4.7,14.4,30065.06,32797.35
2025-12-11,6.0,3.54175,9.3,1.3,4.1,955.9,0.0,0.0,0.0,4.0,14.4,31640.31,32750.99
2025-12-12,5.0,3.875,7.5,2.0,4.4,956.6,0.0,0.0,0.0,17.6,38.9,28008.41,32709.34
2025-12-13,4.667,2.708125,7.4,0.9,3.5,960.5,0.0,0.0,0.0,8.8,20.5,31654.22,32672.47
2025-12-14,2.667,1.41675,7.9,-0.4,2.3,960.3,0.0,0.0,0.0,9.9,23.8,30839.63,32639.94
2025-12-15,3.0,1.1665,7.1,-1.6,1.8,960.8,0.0,0.0,0.0,6.9,15.1,31679.5,32611.63
2025-12-16,3.0,2.4166250000000002,7.0,-2.3,1.3,959.4,0.0,0.0,0.0,4.3,12.2,31696.45,32587.54
2025-12-17,4.667,3.04175,7.3,-2.2,1.2,960.7,0.1,0.1,0.0,7.7,19.8,30411.29,32567.69
2025-12-18,4.333,3.083375,8.7,-0.5,2.9,963.0,0.0,0.0,0.0,3.5,11.5,29872.19,32552.07
2025-12-19,2.333,1.583375,8.4,-0.0,2.9,961.4,0.0,0.0,0.0,4.4,12.2,31763.43,32540.69
2025-12-20,2.0,1.500125,8.5,-0.9,2.8,955.1,0.0,0.0,0.0,10.4,20.9,31790.83,32533.56
2025-12-21,4.667,3.7501249999999997,4.5,0.2,1.9,952.9,0.0,0.0,0.0,6.3,12.2,23844.71,32530.67
2025-12-22,4.667,3.666625,7.2,-0.4,3.2,953.5,0.0,0.0,0.0,7.5,16.9,11943.44,32532.02
2025-12-23,4.0,3.4998750000000003,6.0,1.8,3.8,952.9,0.0,0.0,0.0,10.7,24.1,25548.86,32537.61
2025-12-24,4.333,3.375,3.9,1.3,3.1,952.1,4.7,4.7,0.0,14.5,28.4,0.0,32547.43
2025-12-25,3.0,2.33325,3.8,-1.0,1.2,957.7,8.4,3.2,3.64,9.2,19.1,0.0,32561.47
2025-12-26,3.333,1.874875,5.0,-0.4,1.1,959.2,0.0,0.0,0.0,16.8,36.0,28949.46,32579.72
2025-12-27,2.667,1.625125,2.8,-0.4,0.5,956.9,0.0,0.0,0.0,18.6,40.3,25321.87,32602.16
2025-12-28,2.667,1.79175,4.5,-1.1,1.0,949.6,0.0,0.0,0.0,28.2,63.4,24741.61,32628.78
2025-12-29,3.0,1.95825,6.7,-2.3,0.6,951.4,0.0,0.0,0.0,22.9,49.0,32030.46,32659.56
2025-12-30,3.0,1.833375,5.2,-3.7,-0.5,945.5,0.0,0.0,0.0,23.8,51.1,32066.16,32694.49
2025-12-31,3.333,1.70825,-1.8,-5.5,-3.9,949.2,0.0,0.0,0.0,22.1,48.6,32106.01,32733.53
