date,temperature_2m_max,temperature_2m_min,temperature_2m_mean,surface_pressure_mean,precipitation_sum,snowfall_sum,wind_speed_10m_max,sunshine_duration,daylight_duration
2021-01-01,4.1,-2.4,0.8,1009.2,0.4,0.0,10.0,0.0,28585.05
2021-01-02,4.3,-1.0,2.5,1013.7,0.0,0.0,13.2,23191.7,28657.78
2021-01-03,5.1,-2.0,1.6,1015.4,0.6,0.0,19.7,20222.95,28736.08
2021-01-04,4.5,1.9,3.1,1017.3,2.3,0.0,26.6,0.0,28819.83
2021-01-05,3.9,0.9,2.6,1018.0,1.9,0.0,24.3,1004.72,28908.9
2021-01-06,4.9,-0.5,2.4,1017.6,3.4,0.21,18.5,14400.0,29003.21
2021-01-07,1.9,-2.3,-0.8,1016.5,0.0,0.0,11.2,23863.17,29102.6
2021-01-08,1.9,-2.4,-0.5,1016.4,0.0,0.0,8.4,993.58,29207.17
2021-01-09,2.4,-3.3,-0.7,1024.0,0.0,0.0,9.7,19041.29,29318.07
2021-01-10,2.5,-1.3,0.1,1024.2,0.0,0.0,10.8,11615.53,29435.27
2021-01-11,8.2,0.8,5.0,1016.4,0.6,0.0,29.8,22951.58,29558.5
2021-01-12,8.9,-0.4,6.1,1011.8,3.8,0.0,28.1,2431.54,29687.47
2021-01-13,8.9,-1.5,4.9,1016.7,2.6,0.0,12.2,0.0,29821.89
2021-01-14,8.9,2.0,5.1,1014.4,27.6,0.0,22.0,0.0,29961.48
2021-01-15,4.0,-0.3,1.7,1027.3,0.0,0.0,13.5,21394.71,30105.97
2021-01-16,7.1,1.6,4.0,1018.5,6.3,1.75,24.1,5739.05,30255.08
2021-01-17,7.3,2.1,4.3,1021.0,0.0,0.0,18.2,24179.85,30408.53
2021-01-18,8.0,1.5,4.4,1019.7,0.9,0.0,26.6,15280.14,30566.07
2021-01-19,10.9,8.4,10.0,1002.8,2.4,0.0,34.9,4773.02,30727.43
2021-01-20,10.4,9.3,9.9,986.9,7.2,0.0,38.5,0.0,30892.36
2021-01-21,9.0,3.7,6.0,982.3,2.3,0.0,41.4,21124.59,31060.6
2021-01-22,6.7,-0.4,2.7,989.9,0.7,0.0,13.1,28890.94,31231.92
2021-01-23,3.6,-2.7,0.6,993.4,0.0,0.0,18.9,25513.18,31406.05
2021-01-24,2.0,-3.9,-0.4,994.9,4.5,2.24,17.1,20.2,31582.79
2021-01-25,4.6,-2.6,0.4,1006.8,0.7,0.49,17.5,30044.75,31761.89
2021-01-26,5.2,-2.1,1.9,1014.1,4.1,0.0,20.4,0.0,31943.13
2021-01-27,9.4,5.8,7.5,1009.2,2.6,0.0,15.4,0.0,32126.3
2021-01-28,12.6,7.6,10.3,1000.2,14.6,0.0,28.9,21867.79,32311.47
2021-01-29,10.6,7.8,9.0,996.1,9.5,0.0,28.6,19927.59,32500.55
2021-01-30,7.3,2.8,4.7,995.9,15.4,0.0,30.8,0.0,32693.67
2021-01-31,4.1,0.6,2.3,996.5,2.0,0.07,25.3,12227.35,32890.51
2021-02-01,4.7,2.4,3.7,994.4,0.0,0.0,14.1,0.0,33090.81
2021-02-02,12.6,3.9,9.0,993.1,5.0,0.0,29.1,21401.88,33294.26
2021-02-03,9.3,4.8,7.6,994.2,2.5,0.0,25.5,4245.9,33500.61
2021-02-04,8.7,2.8,6.0,1006.4,5.3,0.0,16.6,5546.84,33709.58
2021-02-05,9.9,5.1,6.7,1006.3,0.9,0.0,15.9,23848.58,33920.91
2021-02-06,8.0,1.2,4.7,1005.0,8.8,0.0,24.1,23429.61,34134.35
2021-02-07,3.9,-1.2,1.3,1002.2,4.6,2.03,33.5,0.0,34349.65
2021-02-08,-0.5,-2.1,-1.4,1001.4,0.5,0.35,28.3,957.12,34566.57
2021-02-09,0.2,-3.2,-1.4,1004.9,1.0,0.63,20.2,7200.0,34784.88
2021-02-10,0.0,-9.8,-2.7,1013.1,0.0,0.0,19.5,33103.65,35004.35
2021-02-11,-0.7,-10.3,-5.0,1025.0,0.0,0.0,18.1,27513.19,35224.76
2021-02-12,0.3,-4.2,-2.4,1028.3,0.0,0.0,26.3,33790.13,35445.9
2021-02-13,0.2,-5.1,-2.6,1030.8,0.0,0.0,23.8,18898.53,35667.56
2021-02-14,5.0,-0.4,2.2,1024.2,0.6,0.0,29.1,10279.96,35889.52
2021-02-15,12.7,4.9,8.7,1016.4,1.8,0.0,23.4,16354.41,36111.61
2021-02-16,10.7,7.0,9.1,1008.4,2.1,0.0,27.7,509.15,36333.6
2021-02-17,10.7,6.7,9.1,1008.1,3.0,0.0,31.6,0.0,36555.61
2021-02-18,11.3,4.6,8.3,1002.0,1.3,0.0,35.1,18168.38,36779.6
2021-02-19,10.6,4.3,8.0,1006.4,1.0,0.0,33.3,6042.51,37005.77
2021-02-20,14.0,10.0,12.2,1001.6,0.5,0.0,27.8,27016.35,37233.92
2021-02-21,14.3,6.7,11.0,1006.2,0.4,0.0,21.2,23659.54,37463.82
2021-02-22,12.1,7.1,9.5,1012.4,1.0,0.0,18.8,7403.3,37695.3
2021-02-23,12.6,6.0,9.6,1021.1,0.0,0.0,31.5,35777.51,37928.14
2021-02-24,14.1,11.0,12.5,1020.7,0.0,0.0,29.3,30479.7,38162.15
2021-02-25,12.0,5.2,9.8,1024.3,0.3,0.0,22.9,679.25,38397.16
2021-02-26,10.8,-0.6,4.8,1034.9,0.0,0.0,11.2,36617.11,38632.98
2021-02-27,11.7,1.3,5.4,1038.9,0.0,0.0,11.3,36559.65,38869.42
2021-02-28,9.4,1.3,4.6,1035.5,0.0,0.0,16.8,37264.07,39106.31
2021-03-01,9.7,3.4,5.6,1030.2,0.0,0.0,18.3,25645.58,39343.49
2021-03-02,9.8,1.8,4.6,1027.9,0.0,0.0,11.6,27165.14,39580.77
2021-03-03,13.1,1.6,5.8,1025.6,6.7,0.0,8.8,14162.68,39818.0
2021-03-04,5.9,4.2,5.2,1022.9,1.7,0.0,17.8,1083.57,40055.01
2021-03-05,5.8,1.0,3.8,1029.4,0.0,0.0,23.4,16765.65,40291.63
2021-03-06,6.4,0.2,2.8,1031.9,0.0,0.0,12.4,17483.11,40527.7
2021-03-07,5.7,-1.0,2.3,1025.8,0.0,0.0,8.9,35833.11,40763.06
2021-03-08,9.0,-2.6,3.4,1021.9,0.1,0.0,9.8,23893.58,40997.56
2021-03-09,11.8,0.0,5.5,1018.3,0.0,0.0,16.4,38990.08,41231.3
2021-03-10,10.7,5.0,7.3,1006.3,6.0,0.0,37.2,0.0,41466.06
2021-03-11,11.0,5.2,9.0,993.9,1.4,0.0,46.7,31987.65,41702.06
2021-03-12,9.9,4.4,7.0,1000.3,1.0,0.0,38.1,35061.24,41939.16
2021-03-13,9.1,3.3,6.7,993.2,5.6,0.0,41.4,40189.99,42177.2
2021-03-14,10.1,3.6,7.0,1010.3,1.8,0.0,29.0,18812.7,42416.03
2021-03-15,11.0,5.8,8.5,1017.9,0.4,0.0,27.0,38203.86,42655.51
2021-03-16,13.5,4.5,8.9,1025.2,0.5,0.0,26.7,9123.56,42895.5
2021-03-17,9.6,3.1,6.4,1030.9,0.9,0.0,22.3,23704.18,43135.85
2021-03-18,9.4,3.1,6.6,1027.0,1.0,0.0,22.7,0.0,43376.4
2021-03-19,10.3,3.4,7.3,1025.8,0.3,0.0,20.9,34038.48,43617.04
2021-03-20,10.1,0.3,5.8,1029.3,0.0,0.0,11.2,1205.91,43857.6
2021-03-21,10.8,6.1,8.2,1026.6,0.1,0.0,17.7,22327.94,44097.95
2021-03-22,12.0,2.8,7.0,1024.7,0.0,0.0,12.4,42714.8,44337.94
2021-03-23,11.2,3.9,7.3,1022.3,0.0,0.0,19.9,40269.18,44577.44
2021-03-24,12.6,2.8,7.9,1019.0,0.1,0.0,21.2,19573.97,44816.28
2021-03-25,11.9,1.3,7.5,1016.7,0.9,0.0,27.2,42390.85,45054.33
2021-03-26,11.0,4.5,8.5,1009.0,4.3,0.0,37.4,6493.14,45291.44
2021-03-27,10.3,2.9,6.9,1017.9,0.0,0.0,29.6,27439.71,45527.46
2021-03-28,13.1,8.0,10.1,1020.8,0.0,0.0,39.4,13738.72,45762.23
2021-03-29,17.5,5.1,11.0,1024.7,0.0,0.0,25.5,38313.05,45995.85
2021-03-30,21.4,3.1,11.4,1025.8,0.0,0.0,13.0,43544.19,46229.98
2021-03-31,20.8,9.4,14.1,1018.9,0.0,0.0,17.3,26862.53,46464.84
2021-04-01,14.8,5.5,10.5,1022.2,0.0,0.0,23.2,43200.0,46700.29
2021-04-02,9.7,4.0,6.6,1028.0,0.0,0.0,24.0,42594.14,46936.2
2021-04-03,8.8,5.4,6.8,1030.0,0.0,0.0,22.9,8122.48,47172.43
2021-04-04,13.6,0.4,7.1,1024.1,0.0,0.0,16.3,44043.48,47408.84
2021-04-05,7.4,1.7,5.4,1016.4,0.1,0.0,30.2,34247.5,47645.3
2021-04-06,6.9,-0.7,2.7,1018.3,0.2,0.14,24.0,38020.68,47881.67
2021-04-07,6.2,-1.9,2.5,1021.5,0.0,0.0,21.0,25860.03,48117.78
2021-04-08,11.1,1.3,6.4,1019.7,0.0,0.0,24.5,19389.3,48353.53
2021-04-09,12.5,3.9,7.9,1011.6,0.7,0.0,16.7,30870.49,48588.73
2021-04-10,8.5,3.5,6.2,1011.2,0.0,0.0,23.1,6785.5,48823.25
2021-04-11,8.6,-0.3,3.8,1017.0,1.8,0.0,18.0,46233.76,49056.93
2021-04-12,9.1,-1.9,3.3,1026.5,1.1,0.49,10.2,29642.63,49289.6
2021-04-13,11.2,-2.2,4.9,1030.5,0.6,0.0,10.1,47531.76,49521.12
2021-04-14,11.0,1.0,6.0,1030.8,0.0,0.0,19.2,45054.33,49751.3
2021-04-15,9.6,-0.6,4.8,1031.3,0.7,0.0,21.3,47656.73,49979.98
2021-04-16,9.8,-1.4,4.9,1029.4,0.0,0.0,12.2,32720.11,50206.99
2021-04-17,11.8,-1.6,5.8,1027.3,0.0,0.0,15.1,45825.75,50432.14
2021-04-18,13.2,2.0,7.5,1023.3,0.0,0.0,11.5,49985.6,50655.5
2021-04-19,15.4,1.2,8.5,1019.6,0.0,0.0,15.0,50206.64,50878.68
2021-04-20,15.6,2.3,9.3,1016.2,0.0,0.0,11.6,50309.83,51101.89
2021-04-21,13.7,4.7,8.9,1018.9,0.4,0.0,23.4,46800.0,51324.97
2021-04-22,12.1,2.7,7.0,1025.2,0.0,0.0,18.0,50400.0,51547.78
2021-04-23,15.1,1.4,7.8,1026.7,0.0,0.0,19.1,50400.0,51770.15
2021-04-24,14.8,4.1,9.1,1025.7,0.0,0.0,23.2,50400.0,51991.93
2021-04-25,12.6,4.2,7.9,1026.3,0.0,0.0,26.6,46800.0,52212.94
2021-04-26,11.8,3.6,7.3,1019.9,0.0,0.0,20.4,48026.67,52433.04
2021-04-27,14.7,1.3,8.1,1008.8,0.0,0.0,14.2,44992.56,52652.02
2021-04-28,12.3,4.6,8.0,1004.2,4.6,0.0,23.5,8937.69,52869.71
2021-04-29,11.2,3.1,7.3,1009.0,0.4,0.0,19.8,45975.34,53085.94
2021-04-30,11.4,0.9,6.5,1013.0,0.3,0.0,14.1,50045.15,53300.51
2021-05-01,12.2,0.9,7.0,1014.3,0.6,0.0,16.4,50400.0,53513.22
2021-05-02,12.7,2.0,7.9,1018.2,0.3,0.0,16.6,49744.04,53723.87
2021-05-03,12.3,4.6,8.7,1011.2,4.7,0.0,46.4,7977.2,53932.24
2021-05-04,13.1,6.2,9.8,997.6,1.8,0.0,40.5,46860.93,54138.14
2021-05-05,12.3,3.3,6.8,1006.4,3.0,0.0,24.3,47658.18,54341.34
2021-05-06,11.4,1.1,6.5,1005.2,2.6,0.0,18.4,50319.75,54541.6
2021-05-07,12.6,3.5,8.3,1013.3,0.1,0.0,18.9,40908.39,54738.69
2021-05-08,16.3,4.1,11.6,1004.2,9.4,0.0,40.5,8465.26,54932.64
2021-05-09,19.3,12.5,15.4,995.8,2.0,0.0,27.9,41675.24,55124.93
2021-05-10,15.2,9.1,12.6,998.4,1.9,0.0,33.4,44934.89,55315.73
2021-05-11,15.7,5.9,11.4,1005.3,0.6,0.0,26.0,47591.74,55504.88
2021-05-12,15.1,8.2,11.9,1006.7,1.1,0.0,20.8,47247.46,55692.19
2021-05-13,12.9,8.4,10.8,1004.3,5.3,0.0,18.3,20093.77,55877.48
2021-05-14,12.8,8.0,10.2,1007.0,0.5,0.0,17.8,16857.24,56060.55
2021-05-15,13.0,8.0,10.4,999.3,3.4,0.0,16.9,16605.16,56241.21
2021-05-16,13.7,7.2,10.5,996.1,7.8,0.0,21.7,28626.8,56419.25
2021-05-17,16.4,8.0,11.7,1002.4,3.7,0.0,18.5,49304.94,56594.48
2021-05-18,15.3,6.8,11.1,1011.1,3.3,0.0,28.1,46444.85,56766.67
2021-05-19,15.9,8.4,11.3,1015.4,5.7,0.0,23.1,38372.25,56935.62
2021-05-20,13.0,5.5,10.3,1011.6,0.6,0.0,39.0,12515.44,57101.11
2021-05-21,13.2,9.7,11.2,995.0,4.0,0.0,47.9,22920.48,57262.89
2021-05-22,13.9,8.1,10.7,1000.5,4.8,0.0,25.8,36323.44,57420.75
2021-05-23,12.6,5.0,9.8,1006.2,6.8,0.0,34.2,20097.26,57574.46
2021-05-24,12.4,7.9,10.2,1001.0,10.4,0.0,31.8,49832.29,57723.76
2021-05-25,14.5,6.8,10.6,1011.2,0.8,0.0,27.8,45184.34,57868.41
2021-05-26,15.4,5.8,10.8,1012.5,0.6,0.0,18.8,54227.38,58008.18
2021-05-27,18.5,6.2,13.3,1018.2,0.0,0.0,13.0,44495.09,58142.81
2021-05-28,18.6,9.4,14.1,1021.4,0.5,0.0,9.8,22348.79,58272.21
2021-05-29,19.6,9.4,14.1,1024.8,0.0,0.0,17.3,34709.7,58397.47
2021-05-30,19.3,7.7,12.6,1025.7,0.0,0.0,19.5,56619.78,58518.69
2021-05-31,22.3,8.2,15.4,1019.7,0.0,0.0,18.1,57600.0,58635.73
2021-06-01,24.1,10.6,17.4,1013.5,0.0,0.0,23.8,57600.0,58748.44
2021-06-02,25.8,11.5,19.0,1010.8,0.1,0.0,19.3,47435.01,58856.69
2021-06-03,23.5,15.2,19.1,1016.1,2.0,0.0,18.3,42272.36,58960.33
2021-06-04,17.7,12.0,14.5,1020.6,6.7,0.0,14.4,774.63,59059.23
2021-06-05,21.1,12.4,16.8,1022.2,0.0,0.0,12.4,56321.5,59153.24
2021-06-06,20.5,11.4,16.6,1022.6,1.1,0.0,10.1,49297.46,59242.21
2021-06-07,21.5,11.5,17.1,1021.9,0.2,0.0,14.5,46225.12,59326.02
2021-06-08,23.0,11.2,17.5,1021.2,0.0,0.0,14.0,57600.0,59404.51
2021-06-09,24.0,10.2,17.9,1019.7,0.0,0.0,16.5,57600.0,59477.56
2021-06-10,22.7,14.2,18.4,1018.8,0.4,0.0,18.8,35549.79,59545.04
2021-06-11,24.1,15.0,19.2,1017.6,0.0,0.0,22.9,34744.17,59606.79
2021-06-12,22.2,13.8,18.4,1021.2,0.0,0.0,13.8,55948.14,59662.7
2021-06-13,26.2,12.1,19.6,1024.2,0.0,0.0,14.1,56806.33,59712.63
2021-06-14,27.3,13.7,21.0,1018.9,0.2,0.0,14.8,50400.0,59756.47
2021-06-15,24.2,14.6,19.0,1018.8,0.2,0.0,17.9,46142.24,59794.09
2021-06-16,27.1,12.7,20.8,1010.4,0.8,0.0,16.5,50400.0,59825.37
2021-06-17,22.1,17.2,19.5,1008.2,11.2,0.0,13.2,17067.46,59850.24
2021-06-18,17.4,12.5,15.0,1010.7,29.1,0.0,26.4,0.0,59868.85
2021-06-19,16.9,11.0,13.8,1012.0,3.0,0.0,18.5,6748.66,59881.26
2021-06-20,18.0,12.5,14.9,1006.9,5.5,0.0,18.6,10933.32,59887.54
2021-06-21,13.9,11.2,12.7,1010.3,11.4,0.0,25.0,0.0,59887.7
2021-06-22,15.6,10.3,12.9,1018.1,0.6,0.0,27.0,7493.97,59881.8
2021-06-23,19.6,6.3,13.8,1021.5,0.0,0.0,11.4,57016.94,59869.87
2021-06-24,19.9,7.7,14.9,1019.6,0.4,0.0,15.2,40549.05,59851.98
2021-06-25,19.6,13.4,16.5,1014.2,2.2,0.0,15.2,29422.33,59828.19
2021-06-26,21.0,11.2,15.9,1015.4,0.1,0.0,13.6,44142.74,59798.56
2021-06-27,19.9,13.2,16.7,1013.6,14.4,0.0,24.4,10189.38,59763.15
2021-06-28,19.9,14.7,17.2,1012.3,7.8,0.0,17.8,8042.17,59722.06
2021-06-29,18.0,14.1,16.2,1013.0,1.2,0.0,19.8,11942.13,59675.33
2021-06-30,16.4,11.8,14.4,1015.2,0.4,0.0,14.5,190.36,59623.06
2021-07-01,19.9,11.5,16.3,1015.9,0.1,0.0,12.7,35995.57,59565.33
2021-07-02,22.6,13.5,18.1,1014.2,0.9,0.0,14.5,48045.85,59502.22
2021-07-03,20.8,15.4,17.8,1010.1,2.6,0.0,22.2,39600.0,59433.8
2021-07-04,20.2,14.7,16.5,1005.8,5.0,0.0,27.8,29520.58,59360.19
2021-07-05,19.0,13.7,16.1,1003.1,4.0,0.0,22.0,34053.1,59281.47
2021-07-06,18.1,13.1,15.5,997.7,8.5,0.0,36.6,43099.31,59197.74
2021-07-07,19.8,13.0,16.2,1009.3,2.4,0.0,27.6,49071.32,59108.94
2021-07-08,20.3,13.2,16.6,1017.2,2.0,0.0,14.1,48830.82,59014.26
2021-07-09,22.1,13.2,17.6,1018.8,0.6,0.0,14.3,45503.15,58913.73
2021-07-10,17.9,13.4,15.5,1014.7,1.5,0.0,10.3,22588.18,58807.56
2021-07-11,20.1,10.6,16.0,1013.3,1.7,0.0,15.4,38787.96,58695.98
2021-07-12,20.6,14.0,16.4,1009.2,16.0,0.0,13.2,19426.96,58579.21
2021-07-13,21.9,14.9,18.0,1012.3,1.6,0.0,18.4,53850.54,58457.46
2021-07-14,23.0,13.9,18.6,1015.8,0.3,0.0,21.1,57191.3,58330.96
2021-07-15,22.1,13.7,17.9,1020.1,0.0,0.0,19.7,45233.81,58199.92
2021-07-16,24.3,10.3,17.8,1024.6,0.0,0.0,17.0,57049.84,58064.55
2021-07-17,25.8,13.2,19.9,1026.1,0.0,0.0,13.2,56976.62,57925.06
2021-07-18,29.2,13.8,22.2,1023.0,0.0,0.0,9.3,56896.38,57781.66
2021-07-19,28.0,17.3,22.5,1019.2,0.3,0.0,10.8,56055.13,57634.57
2021-07-20,28.8,16.4,22.6,1018.0,0.0,0.0,17.3,55595.68,57483.98
2021-07-21,27.9,17.1,22.3,1020.3,0.6,0.0,11.6,55553.32,57330.08
2021-07-22,26.3,15.8,21.0,1021.0,0.0,0.0,14.1,55509.23,57173.07
2021-07-23,22.9,14.3,18.2,1015.4,0.0,0.0,25.3,50389.27,57013.15
2021-07-24,21.9,15.5,18.3,1006.6,14.3,0.0,24.6,21793.16,56850.49
2021-07-25,21.2,15.9,18.3,1005.5,4.5,0.0,14.7,17301.33,56685.29
2021-07-26,23.5,15.8,19.3,1007.8,2.2,0.0,15.3,38244.83,56517.72
2021-07-27,20.1,15.1,18.0,1006.6,3.4,0.0,20.7,32773.12,56347.72
2021-07-28,19.5,14.4,16.7,1005.0,6.1,0.0,31.0,51454.69,56173.89
2021-07-29,21.1,12.8,16.6,1007.7,0.2,0.0,27.8,49298.01,55996.16
2021-07-30,19.5,14.6,16.6,1001.2,2.6,0.0,39.2,41846.95,55814.78
2021-07-31,19.5,13.5,16.3,1006.9,5.7,0.0,17.2,46363.71,55629.99
2021-08-01,19.9,13.5,16.3,1009.1,4.2,0.0,15.2,50384.31,55442.03
2021-08-02,18.6,12.0,15.1,1013.0,0.4,0.0,12.3,29501.88,55251.14
2021-08-03,20.4,10.6,15.7,1011.3,0.8,0.0,11.0,50465.02,55057.53
2021-08-04,20.3,10.6,16.3,1011.0,0.7,0.0,9.7,50921.18,54861.43
2021-08-05,19.9,13.2,16.4,1003.3,2.1,0.0,26.0,26423.41,54663.05
2021-08-06,20.8,14.3,17.1,996.4,8.1,0.0,28.8,48917.46,54462.6
2021-08-07,19.4,13.7,16.0,995.9,3.7,0.0,26.8,29402.77,54260.29
2021-08-08,19.6,13.4,16.1,1003.1,4.6,0.0,30.6,47165.63,54056.3
2021-08-09,20.1,13.1,15.9,1009.5,10.1,0.0,24.4,25903.33,53850.83
2021-08-10,21.7,12.5,17.1,1013.3,0.1,0.0,15.0,49902.38,53644.06
2021-08-11,22.5,12.3,17.3,1016.1,0.0,0.0,19.0,45308.27,53436.19
2021-08-12,21.6,14.5,18.3,1016.3,0.4,0.0,23.0,27943.69,53227.37
2021-08-13,21.7,13.1,17.4,1018.7,0.3,0.0,24.0,37527.97,53017.78
2021-08-14,23.0,13.8,18.3,1018.0,0.0,0.0,19.4,49518.37,52807.59
2021-08-15,22.2,14.6,18.0,1011.6,1.2,0.0,24.5,34045.11,52596.96
2021-08-16,17.6,12.4,15.6,1014.6,0.3,0.0,23.5,30992.8,52385.8
2021-08-17,18.8,10.7,15.3,1017.6,0.6,0.0,21.9,894.15,52172.55
2021-08-18,21.4,15.5,17.9,1015.0,0.7,0.0,22.8,22090.01,51957.08
2021-08-19,20.3,13.9,16.5,1012.3,0.5,0.0,17.4,16902.35,51739.58
2021-08-20,20.7,14.8,17.9,1014.0,0.4,0.0,13.0,19759.91,51520.23
2021-08-21,20.3,14.0,17.3,1013.7,5.5,0.0,12.5,14854.63,51299.21
2021-08-22,20.8,15.3,17.6,1016.5,9.6,0.0,19.9,30213.05,51076.71
2021-08-23,20.4,13.5,17.0,1025.4,0.1,0.0,16.9,35849.17,50852.89
2021-08-24,21.3,12.2,16.5,1027.5,0.2,0.0,22.5,46831.94,50627.92
2021-08-25,21.1,13.2,16.7,1023.8,0.0,0.0,18.3,33832.95,50401.97
2021-08-26,18.3,14.6,16.3,1020.0,0.0,0.0,22.4,11148.48,50175.19
2021-08-27,18.0,11.9,15.2,1021.3,0.0,0.0,16.4,28322.04,49947.74
2021-08-28,20.0,10.9,15.3,1023.7,0.3,0.0,23.6,44902.39,49719.78
2021-08-29,18.3,9.7,14.6,1023.2,0.0,0.0,20.2,28992.85,49491.43
2021-08-30,18.6,13.2,15.8,1023.8,0.4,0.0,24.4,8922.43,49262.86
2021-08-31,19.5,13.9,15.8,1027.0,0.2,0.0,23.9,20420.26,49034.21
2021-09-01,18.6,13.3,15.9,1028.7,0.1,0.0,19.5,23373.68,48805.6
2021-09-02,18.4,14.2,16.1,1025.9,0.0,0.0,21.3,13029.18,48577.18
2021-09-03,20.8,12.7,16.4,1020.0,0.2,0.0,16.3,35156.66,48349.08
2021-09-04,19.1,12.7,15.7,1017.1,0.4,0.0,17.9,16816.25,48121.42
2021-09-05,24.0,13.2,17.8,1018.7,0.0,0.0,12.2,43800.69,47894.12
2021-09-06,26.4,12.8,19.6,1021.1,0.0,0.0,10.5,43911.24,47665.61
2021-09-07,27.7,15.6,21.1,1019.1,0.0,0.0,13.8,44022.46,47435.72
2021-09-08,27.8,15.7,21.3,1011.2,0.0,0.0,18.2,43414.06,47204.61
2021-09-09,21.9,15.8,18.9,1006.7,3.5,0.0,21.9,43200.0,46972.41
2021-09-10,20.8,16.0,18.2,1008.5,3.4,0.0,18.1,23816.24,46739.27
2021-09-11,21.2,13.9,18.0,1014.1,0.1,0.0,19.8,30931.83,46505.34
2021-09-12,20.1,12.4,16.2,1016.8,0.2,0.0,13.0,31815.1,46270.74
2021-09-13,19.8,13.2,16.3,1015.9,0.0,0.0,18.0,20001.75,46035.64
2021-09-14,18.7,14.6,16.6,1009.9,14.7,0.0,14.8,5778.24,45800.14
2021-09-15,19.7,13.2,16.7,1012.0,0.1,0.0,14.9,28719.49,45564.39
2021-09-16,21.4,10.3,16.1,1015.4,0.0,0.0,12.2,42883.87,45328.51
2021-09-17,21.1,12.1,16.1,1012.8,0.2,0.0,18.8,43200.0,45092.64
2021-09-18,22.4,12.1,17.3,1012.1,0.6,0.0,13.8,42340.2,44856.92
2021-09-19,18.5,13.9,16.1,1012.4,3.3,0.0,11.2,11900.46,44621.46
2021-09-20,19.1,12.0,15.5,1020.3,0.1,0.0,19.1,26768.59,44386.4
2021-09-21,20.0,10.3,15.0,1028.0,0.0,0.0,8.3,39960.78,44151.86
2021-09-22,20.6,9.2,14.9,1025.7,0.0,0.0,17.8,42792.6,43917.97
2021-09-23,20.7,11.6,15.9,1018.5,0.2,0.0,23.1,30798.66,43684.87
2021-09-24,22.6,12.5,16.7,1014.2,0.0,0.0,16.4,38906.26,43452.67
2021-09-25,19.8,12.7,16.8,1012.3,0.1,0.0,9.4,2821.39,43221.27
2021-09-26,21.2,12.9,16.7,1009.8,0.4,0.0,20.8,38333.12,42989.05
2021-09-27,17.3,12.2,15.7,1008.7,4.2,0.0,39.9,30508.84,42755.82
2021-09-28,16.7,10.5,13.5,1014.0,12.0,0.0,26.9,16382.0,42521.72
2021-09-29,14.8,8.3,11.4,1016.9,0.2,0.0,28.0,40861.18,42286.89
2021-09-30,16.3,6.7,12.3,1018.8,2.9,0.0,36.0,5800.86,42051.48
2021-10-01,16.7,8.8,14.6,1008.2,7.6,0.0,30.9,20863.45,41815.62
2021-10-02,16.9,7.3,12.1,997.2,21.9,0.0,37.1,0.0,41579.47
2021-10-03,15.5,10.4,12.5,995.5,0.7,0.0,31.0,32400.0,41343.17
2021-10-04,15.7,10.6,12.8,1006.2,1.1,0.0,25.0,27326.33,41106.85
2021-10-05,14.5,10.9,12.8,1000.2,17.3,0.0,33.0,29161.98,40870.67
2021-10-06,16.2,9.8,12.0,1016.0,0.0,0.0,27.0,38687.89,40634.77
2021-10-07,18.8,11.1,15.1,1023.9,0.1,0.0,14.0,5463.83,40399.31
2021-10-08,18.7,12.8,15.8,1027.5,0.1,0.0,11.2,10946.07,40164.44
2021-10-09,17.7,7.7,12.2,1026.6,0.0,0.0,10.2,37454.18,39930.29
2021-10-10,17.9,8.2,12.8,1027.3,0.2,0.0,15.2,20845.2,39697.05
2021-10-11,15.9,8.1,11.2,1028.4,0.0,0.0,18.9,36047.03,39464.85
2021-10-12,15.4,7.3,11.0,1024.0,0.3,0.0,18.2,14916.85,39233.85
2021-10-13,15.3,6.8,11.5,1025.8,0.0,0.0,10.8,14954.45,39004.23
2021-10-14,16.9,8.9,12.4,1022.0,0.2,0.0,21.1,21123.28,38776.16
2021-10-15,13.9,9.6,11.9,1018.4,0.0,0.0,16.3,16882.64,38549.52
2021-10-16,15.2,8.1,11.7,1018.6,1.3,0.0,13.3,24644.78,38322.52
2021-10-17,15.9,8.5,12.5,1015.5,1.2,0.0,16.9,13426.81,38094.97
2021-10-18,16.2,7.8,13.2,1014.4,4.8,0.0,21.9,0.0,37867.02
2021-10-19,20.6,16.3,17.9,1010.1,1.8,0.0,36.4,26987.76,37638.84
2021-10-20,17.5,12.0,15.3,997.2,34.0,0.0,33.9,32003.42,37410.61
2021-10-21,11.8,4.9,9.1,1004.7,6.3,0.0,29.8,35341.51,37182.51
2021-10-22,12.8,4.9,8.2,1018.7,0.0,0.0,24.8,28306.97,36954.72
2021-10-23,13.8,3.6,9.0,1023.0,0.0,0.0,19.0,27238.34,36727.42
2021-10-24,14.8,8.0,12.2,1016.4,0.0,0.0,22.8,26128.84,36500.8
2021-10-25,15.1,8.5,11.7,1013.1,4.6,0.0,20.7,34226.4,36275.06
2021-10-26,16.5,7.5,11.9,1016.0,0.0,0.0,27.7,28923.32,36050.4
2021-10-27,16.8,13.0,14.6,1016.3,0.0,0.0,31.9,29406.41,35827.02
2021-10-28,16.4,12.1,13.7,1007.4,0.0,0.0,26.3,32563.6,35605.13
2021-10-29,14.8,9.5,13.1,996.8,4.6,0.0,35.9,19979.66,35384.93
2021-10-30,14.3,8.6,11.3,995.2,4.4,0.0,21.2,20042.06,35166.67
2021-10-31,14.0,8.4,11.4,991.8,10.1,0.0,46.4,18753.95,34950.55
2021-11-01,13.0,5.5,9.5,992.2,0.7,0.0,27.3,32784.67,34736.81
2021-11-02,11.1,2.2,6.4,996.8,0.0,0.0,8.9,32204.82,34525.69
2021-11-03,10.0,1.2,5.7,1002.0,0.4,0.0,14.8,27976.96,34317.44
2021-11-04,9.2,3.8,6.8,1012.0,0.0,0.0,27.0,9094.75,34112.0
2021-11-05,9.1,-0.1,5.1,1024.0,0.0,0.0,11.3,29947.67,33907.43
2021-11-06,13.0,6.2,10.0,1023.2,0.1,0.0,32.1,11995.07,33703.51
2021-11-07,12.2,5.8,9.7,1019.1,0.0,0.0,23.5,28800.0,33500.47
2021-11-08,11.8,2.5,7.6,1021.7,0.0,0.0,11.9,29168.64,33298.51
2021-11-09,14.8,10.9,12.2,1021.5,0.0,0.0,20.6,21600.0,33097.85
2021-11-10,13.2,9.8,11.6,1021.0,0.0,0.0,11.0,0.0,32898.75
2021-11-11,13.9,8.3,10.9,1020.9,0.1,0.0,12.5,9705.88,32701.4
2021-11-12,14.9,8.4,11.9,1010.3,1.1,0.0,25.8,14644.95,32506.09
2021-11-13,13.0,9.7,11.1,1013.1,0.0,0.0,19.4,7089.47,32313.02
2021-11-14,13.1,7.1,10.2,1021.6,0.0,0.0,19.0,9204.94,32122.48
2021-11-15,12.1,6.9,9.8,1024.9,0.0,0.0,7.8,9582.74,31934.72
2021-11-16,11.0,5.0,8.1,1021.1,0.3,0.0,10.9,21183.5,31750.01
2021-11-17,11.4,4.5,7.8,1021.8,0.0,0.0,12.7,29630.71,31568.61
2021-11-18,13.7,4.6,9.3,1026.8,0.0,0.0,20.8,21775.45,31390.83
2021-11-19,12.0,10.0,10.9,1028.7,0.0,0.0,14.9,244.46,31216.93
2021-11-20,11.0,8.4,9.9,1022.5,0.1,0.0,13.7,0.0,31047.22
2021-11-21,9.1,4.1,6.6,1017.3,0.4,0.0,25.6,28798.47,30882.0
2021-11-22,9.7,4.0,5.8,1027.3,0.0,0.0,21.3,28783.85,30721.57
2021-11-23,8.3,2.0,4.2,1030.3,0.0,0.0,10.5,28509.81,30566.24
2021-11-24,7.1,3.2,5.3,1020.7,0.0,0.0,9.7,1418.3,30416.06
2021-11-25,6.7,-0.2,3.9,1014.4,0.0,0.0,16.9,28393.38,30269.36
2021-11-26,8.3,-0.1,4.3,995.2,2.9,0.0,28.1,13321.24,30125.97
2021-11-27,5.5,2.1,3.2,990.6,4.2,0.98,38.1,14400.0,29986.06
2021-11-28,3.7,-0.8,1.3,1004.4,0.0,0.0,32.4,25200.0,29849.86
2021-11-29,3.8,-2.4,0.6,1012.1,0.0,0.0,17.1,23934.41,29717.58
2021-11-30,11.6,4.1,8.6,1008.9,0.4,0.0,29.1,4251.18,29589.41
2021-12-01,10.7,3.1,7.8,996.6,2.1,0.0,32.5,19431.24,29465.56
2021-12-02,4.7,-2.2,1.6,1009.2,0.6,0.42,23.3,28075.03,29346.26
2021-12-03,8.8,-0.8,5.2,1003.4,2.5,0.35,20.5,145.19,29231.73
2021-12-04,7.6,3.3,5.3,995.9,4.9,0.0,25.1,22138.69,29122.16
2021-12-05,7.0,4.2,5.2,1003.3,3.7,0.07,27.5,1046.04,29017.79
2021-12-06,7.0,0.4,3.8,1008.0,2.1,0.0,29.7,0.0,28918.84
2021-12-07,8.0,-0.2,4.3,996.5,8.8,0.0,36.1,0.0,28825.51
2021-12-08,7.7,4.2,5.5,988.7,0.3,0.0,30.6,21468.28,28738.04
2021-12-09,7.7,2.0,5.1,997.5,4.3,0.0,22.9,24575.31,28656.64
2021-12-10,7.7,2.6,5.6,996.0,4.7,0.0,29.6,25978.36,28581.53
2021-12-11,10.7,0.3,4.5,1013.3,3.5,0.0,20.7,2196.45,28512.93
2021-12-12,13.2,9.8,11.4,1017.4,0.9,0.0,20.8,2753.63,28451.04
2021-12-13,11.4,9.5,10.4,1021.3,0.0,0.0,22.2,705.73,28396.08
2021-12-14,12.2,8.0,10.4,1024.5,0.0,0.0,20.6,5478.07,28348.14
2021-12-15,12.9,8.3,10.6,1028.4,0.5,0.0,17.7,12448.77,28306.63
2021-12-16,11.5,6.5,8.9,1035.7,0.1,0.0,9.2,4706.5,28271.41
2021-12-17,8.6,6.1,7.4,1038.6,0.0,0.0,14.8,6050.05,28242.51
2021-12-18,8.7,7.5,8.1,1037.3,0.0,0.0,20.2,331.49,28219.91
2021-12-19,8.1,5.8,6.4,1032.9,0.0,0.0,11.8,0.0,28203.63
2021-12-20,7.1,3.0,5.7,1027.1,0.1,0.0,13.7,17774.83,28193.66
2021-12-21,6.0,-1.5,3.8,1023.5,0.0,0.0,11.1,11706.66,28189.99
2021-12-22,4.4,-2.1,0.8,1018.0,0.0,0.0,11.9,6799.5,28192.61
2021-12-23,10.6,1.0,6.7,1006.6,0.7,0.0,22.1,10857.04,28201.51
2021-12-24,10.1,6.5,8.2,1002.7,14.3,0.0,11.8,565.46,28216.66
2021-12-25,8.2,5.9,6.9,1001.5,2.6,0.0,24.6,3675.45,28238.02
2021-12-26,9.7,4.9,7.0,998.8,6.3,0.0,20.1,1182.41,28265.59
2021-12-27,10.8,5.2,8.5,990.9,6.5,0.0,23.4,8140.58,28299.3
2021-12-28,11.0,8.3,9.7,989.9,0.9,0.0,36.4,11854.83,28339.13
2021-12-29,14.8,6.0,10.2,1002.2,2.9,0.0,30.7,426.56,28385.04
2021-12-30,14.4,13.0,13.6,1010.4,0.5,0.0,31.3,0.0,28436.96
2021-12-31,14.6,12.3,13.1,1014.5,0.4,0.0,29.8,14833.75,28494.86
2022-01-01,14.9,11.7,12.9,1015.8,0.2,0.0,25.3,14478.11,28558.66
2022-01-02,13.1,8.9,11.1,1008.6,2.0,0.0,29.5,20826.34,28628.33
2022-01-03,10.2,7.2,8.7,1006.3,0.0,0.0,24.4,9827.51,28703.92
2022-01-04,7.9,1.1,4.7,999.2,2.5,0.0,21.0,0.0,28786.27
2022-01-05,5.7,-1.7,2.1,1011.0,0.0,0.0,21.3,28074.66,28875.34
2022-01-06,6.7,-3.9,1.4,1014.8,2.2,0.0,30.9,11775.03,28970.87
2022-01-07,6.2,1.1,3.8,1008.3,0.3,0.0,28.8,16858.22,29072.63
2022-01-08,9.6,0.6,5.7,1000.1,7.9,0.0,27.4,0.0,29180.35
2022-01-09,7.3,0.2,3.1,1000.4,0.0,0.0,21.2,28186.58,29293.79
2022-01-10,8.2,-0.6,4.7,1015.9,0.6,0.0,12.6,225.6,29412.7
2022-01-11,9.4,7.7,8.5,1027.4,2.5,0.0,15.6,0.0,29536.83
2022-01-12,7.5,1.2,3.9,1038.3,0.0,0.0,9.2,28303.58,29665.94
2022-01-13,5.5,-0.7,1.6,1039.4,0.0,0.0,9.3,26968.04,29799.78
2022-01-14,3.8,-1.6,0.4,1034.5,0.0,0.0,10.7,28396.28,29938.11
2022-01-15,5.5,-1.7,1.5,1024.8,0.0,0.0,12.9,22693.38,30080.71
2022-01-16,7.8,0.3,3.5,1024.7,0.0,0.0,11.3,28500.14,30227.32
2022-01-17,7.2,-0.4,2.4,1035.3,0.0,0.0,9.8,28556.09,30377.73
2022-01-18,6.6,-1.5,2.2,1035.5,0.0,0.0,10.7,8699.81,30531.7
2022-01-19,8.9,2.4,5.0,1025.9,0.0,0.0,18.5,14993.45,30689.01
2022-01-20,5.1,-0.8,1.7,1033.2,0.0,0.0,16.0,28739.33,30849.45
2022-01-21,4.9,-3.0,0.2,1037.1,0.0,0.0,14.1,28961.26,31012.8
2022-01-22,6.5,-1.7,1.9,1035.5,0.0,0.0,12.5,25564.63,31178.84
2022-01-23,5.9,3.0,4.4,1033.5,0.0,0.0,5.8,0.0,31347.68
2022-01-24,4.8,0.3,3.4,1031.7,0.0,0.0,8.5,416.19,31521.08
2022-01-25,3.1,0.5,1.9,1032.5,0.0,0.0,8.0,0.0,31699.13
2022-01-26,7.8,0.4,3.5,1031.0,0.0,0.0,17.3,26181.11,31881.52
2022-01-27,11.9,1.9,6.6,1026.3,0.0,0.0,21.4,11943.85,32067.95
2022-01-28,8.8,-0.6,4.1,1032.3,0.0,0.0,20.8,18209.47,32258.12
2022-01-29,12.9,4.8,9.9,1026.3,0.1,0.0,38.2,17698.07,32451.74
2022-01-30,7.2,-0.8,3.8,1028.4,0.0,0.0,26.4,28889.89,32648.53
2022-01-31,7.9,3.4,5.9,1021.1,0.7,0.0,33.9,31327.18,32848.2
2022-02-01,13.1,3.3,9.1,1019.9,0.7,0.0,33.4,21269.96,33050.5
2022-02-02,11.5,5.8,9.3,1020.3,0.0,0.0,23.9,23805.84,33255.15
2022-02-03,10.2,6.0,8.1,1013.0,0.0,0.0,19.5,7525.66,33461.91
2022-02-04,9.2,3.0,6.5,1009.1,3.7,0.0,29.8,20387.73,33670.53
2022-02-05,10.1,1.2,5.9,1016.7,0.0,0.0,35.8,20822.96,33880.76
2022-02-06,10.8,6.0,9.0,1005.6,4.0,0.0,39.2,24622.6,34092.37
2022-02-07,10.7,1.2,6.3,1022.7,0.0,0.0,27.7,18071.72,34305.14
2022-02-08,12.2,8.8,10.3,1024.7,0.0,0.0,30.1,17682.4,34518.83
2022-02-09,12.2,7.4,9.5,1021.7,3.2,0.0,22.8,15394.65,34733.23
2022-02-10,8.6,2.5,6.2,1020.6,0.6,0.0,18.4,15712.39,34948.13
2022-02-11,7.8,-1.0,3.3,1029.3,0.0,0.0,14.7,26671.26,35163.33
2022-02-12,8.1,1.5,4.8,1020.7,0.0,0.0,30.6,33000.21,35378.93
2022-02-13,9.6,6.7,7.9,1000.8,10.5,0.0,36.2,0.0,35596.9
2022-02-14,9.6,5.0,7.4,996.5,4.2,0.0,29.7,28800.0,35817.45
2022-02-15,9.6,2.1,6.4,1004.8,6.6,0.0,34.5,1368.81,36040.34
2022-02-16,15.6,8.9,12.5,994.5,5.9,0.0,42.5,16846.14,36265.35
2022-02-17,11.1,6.7,8.7,1005.5,0.1,0.0,38.3,26052.21,36492.23
2022-02-18,11.3,4.1,8.2,995.4,2.6,0.0,68.0,25200.0,36720.79
2022-02-19,9.0,2.7,5.4,1007.8,5.2,0.0,41.4,14630.76,36950.82
2022-02-20,12.2,3.8,9.6,1002.2,3.0,0.0,47.2,0.0,37182.1
2022-02-21,10.4,3.9,7.0,1006.6,0.3,0.0,42.9,30472.42,37414.44
2022-02-22,13.6,4.5,8.4,1016.6,0.5,0.0,38.3,13556.88,37647.65
2022-02-23,10.5,2.2,6.4,1019.6,0.1,0.0,31.4,20439.7,37881.52
2022-02-24,8.3,3.1,6.2,1009.0,3.6,0.0,33.8,21641.37,38115.88
2022-02-25,10.4,1.1,5.7,1022.8,0.0,0.0,26.8,36000.0,38350.53
2022-02-26,10.0,-0.4,4.5,1028.3,0.0,0.0,22.0,36630.06,38585.31
2022-02-27,9.5,1.8,5.1,1023.0,0.0,0.0,20.4,37336.33,38820.04
2022-02-28,12.5,5.1,8.6,1022.2,3.0,0.0,26.1,14131.64,39054.53
2022-03-01,9.9,6.6,8.2,1023.4,9.8,0.0,21.5,0.0,39288.62
2022-03-02,7.9,4.6,6.4,1019.3,9.2,0.0,16.2,0.0,39522.15
2022-03-03,12.6,4.3,8.4,1013.4,0.1,0.0,15.7,15940.75,39754.93
2022-03-04,9.0,5.0,7.3,1016.8,2.3,0.0,14.1,0.0,39987.1
2022-03-05,8.0,4.0,5.9,1021.2,1.4,0.0,33.4,2015.25,40220.45
2022-03-06,7.1,2.6,4.5,1026.5,0.3,0.0,28.5,26682.19,40455.23
2022-03-07,6.8,1.8,4.2,1022.8,0.0,0.0,26.0,26180.47,40691.26
2022-03-08,10.7,0.1,5.3,1013.4,0.0,0.0,20.6,38731.51,40928.4
2022-03-09,11.8,6.3,9.1,1014.6,0.1,0.0,27.6,26172.19,41166.47
2022-03-10,14.2,7.6,10.9,1014.4,0.0,0.0,21.3,31383.93,41405.33
2022-03-11,12.3,8.0,9.9,1003.5,3.2,0.0,29.4,7896.62,41644.82
2022-03-12,11.6,6.7,9.1,1006.3,1.6,0.0,29.4,39402.5,41884.8
2022-03-13,11.6,5.2,8.5,1005.3,1.7,0.0,23.9,9702.27,42125.11
2022-03-14,12.3,1.9,6.9,1020.5,1.2,0.0,16.3,38090.53,42365.61
2022-03-15,14.5,3.0,8.4,1020.2,0.0,0.0,11.3,29513.54,42606.14
2022-03-16,12.8,6.4,9.6,1016.2,10.7,0.0,20.8,9709.92,42846.58
2022-03-17,13.1,1.7,7.1,1028.8,0.0,0.0,20.1,42261.58,43086.75
2022-03-18,14.7,2.9,7.9,1039.7,0.0,0.0,18.8,41900.49,43326.53
2022-03-19,13.0,6.5,9.1,1035.8,0.0,0.0,28.4,42536.62,43565.76
2022-03-20,10.4,2.4,6.8,1026.5,0.1,0.0,21.6,42673.56,43804.3
2022-03-21,15.6,-0.8,7.4,1026.2,0.0,0.0,12.2,42809.92,44041.99
2022-03-22,18.2,6.3,11.0,1026.6,0.1,0.0,16.3,41992.36,44278.69
2022-03-23,18.4,3.4,10.6,1027.7,0.0,0.0,10.6,43080.41,44514.26
2022-03-24,17.2,4.3,10.0,1028.0,0.0,0.0,9.8,43200.0,44748.79
2022-03-25,16.2,1.9,8.7,1029.5,0.0,0.0,16.2,43200.0,44983.96
2022-03-26,16.8,2.5,9.4,1030.8,0.0,0.0,19.4,43200.0,45219.99
2022-03-27,12.4,5.0,8.2,1029.9,0.0,0.0,19.5,21057.35,45456.74
2022-03-28,16.0,1.2,8.5,1021.1,0.1,0.0,12.0,32638.63,45694.08
2022-03-29,12.5,6.9,9.4,1010.4,0.3,0.0,18.0,24891.5,45931.88
2022-03-30,11.1,3.6,7.8,1004.3,3.3,0.0,24.8,15964.59,46169.99
2022-03-31,7.4,0.3,3.8,1006.9,0.7,0.0,34.7,43507.15,46408.28
2022-04-01,7.3,0.9,3.7,1014.5,2.4,0.28,35.5,43458.01,46646.61
2022-04-02,8.5,-1.0,3.2,1020.7,0.8,0.07,15.0,43200.0,46884.84
2022-04-03,9.2,-3.1,3.5,1023.5,0.1,0.0,14.4,30643.72,47122.83
2022-04-04,14.7,4.0,8.9,1011.2,3.4,0.0,29.9,4927.01,47360.43
2022-04-05,14.0,8.4,11.0,1006.9,0.1,0.0,25.7,16822.72,47597.5
2022-04-06,13.6,8.1,10.5,995.7,2.4,0.0,35.4,15427.35,47833.89
2022-04-07,12.5,4.4,9.1,987.7,4.5,0.0,45.2,44821.1,48069.44
2022-04-08,10.7,2.2,5.9,998.8,1.6,0.07,16.9,26357.9,48304.0
2022-04-09,10.7,1.0,6.2,1013.0,0.9,0.0,17.7,45348.16,48537.42
2022-04-10,13.4,1.6,7.3,1017.1,0.0,0.0,16.6,40428.12,48769.52
2022-04-11,16.1,4.5,10.5,1008.6,0.0,0.0,24.7,35192.2,49000.14
2022-04-12,18.5,9.3,12.8,1004.1,5.0,0.0,24.5,24306.35,49229.12
2022-04-13,17.5,8.7,12.8,1013.4,0.4,0.0,23.3,44010.97,49456.53
2022-04-14,18.0,5.9,12.3,1020.0,0.0,0.0,9.4,32452.41,49683.99
2022-04-15,20.8,6.9,13.7,1024.5,0.0,0.0,11.3,42102.82,49911.72
2022-04-16,17.8,7.1,12.1,1027.9,0.0,0.0,14.9,48646.9,50139.57
2022-04-17,18.1,5.9,11.8,1021.0,0.0,0.0,16.4,46025.74,50367.39
2022-04-18,16.1,5.4,10.8,1015.4,0.0,0.0,12.3,41122.92,50595.03
2022-04-19,15.9,5.6,10.9,1014.3,0.1,0.0,20.9,44703.35,50822.35
2022-04-20,17.3,6.6,11.3,1014.3,0.0,0.0,23.2,45612.1,51049.19
2022-04-21,17.5,6.6,11.7,1010.7,0.0,0.0,24.5,50400.0,51275.38
2022-04-22,15.4,7.8,11.6,1006.0,0.1,0.0,32.3,24263.5,51500.76
2022-04-23,16.4,8.5,12.6,1001.6,0.0,0.0,31.3,37514.54,51725.16
2022-04-24,17.6,8.0,12.6,1006.0,0.0,0.0,23.9,48052.77,51948.41
2022-04-25,13.7,5.3,9.5,1013.7,0.3,0.0,23.1,48028.6,52170.33
2022-04-26,14.8,4.0,10.0,1020.0,0.0,0.0,18.4,36380.47,52390.73
2022-04-27,11.9,4.2,8.6,1025.5,0.1,0.0,18.4,23537.42,52609.42
2022-04-28,14.0,4.2,9.4,1029.0,0.1,0.0,16.9,32091.43,52826.22
2022-04-29,11.5,4.9,8.4,1029.8,0.0,0.0,16.8,31991.26,53040.9
2022-04-30,16.3,2.2,10.1,1027.4,0.0,0.0,13.5,42317.69,53253.29
2022-05-01,13.6,9.0,11.1,1021.7,1.6,0.0,14.3,2860.93,53463.14
2022-05-02,15.7,6.5,11.8,1019.2,0.4,0.0,7.6,28157.32,53670.26
2022-05-03,14.3,9.8,12.2,1019.2,0.0,0.0,12.8,9786.35,53874.65
2022-05-04,18.2,9.5,12.5,1017.2,4.5,0.0,16.9,36310.99,54077.89
2022-05-05,19.0,6.8,13.1,1021.5,0.0,0.0,14.1,42421.14,54280.14
2022-05-06,21.0,8.7,14.7,1023.1,0.0,0.0,20.2,39314.8,54481.24
2022-05-07,18.0,10.9,14.1,1023.6,2.3,0.0,15.7,44218.92,54681.01
2022-05-08,17.0,8.0,12.3,1026.9,0.0,0.0,15.4,50400.0,54879.28
2022-05-09,20.9,4.5,14.0,1021.6,0.0,0.0,23.7,47296.89,55075.85
2022-05-10,18.6,13.4,15.6,1013.1,1.5,0.0,24.7,16721.16,55270.53
2022-05-11,16.6,10.0,13.0,1008.4,4.2,0.0,36.7,17520.64,55463.14
2022-05-12,17.4,7.1,12.6,1016.0,0.0,0.0,22.5,43532.73,55653.46
2022-05-13,19.5,9.8,14.4,1017.7,0.0,0.0,26.4,50973.04,55841.28
2022-05-14,20.9,6.8,14.3,1019.0,0.0,0.0,10.9,51724.89,56026.4
2022-05-15,21.7,12.2,15.0,1013.7,23.9,0.0,23.1,19045.36,56208.61
2022-05-16,19.3,12.4,16.2,1012.2,2.6,0.0,29.9,37942.37,56387.67
2022-05-17,24.1,11.7,18.1,1015.6,0.1,0.0,24.0,49216.53,56563.34
2022-05-18,21.3,10.8,16.7,1017.1,7.2,0.0,17.8,47321.87,56735.4
2022-05-19,21.5,12.8,16.8,1016.2,23.9,0.0,18.0,43666.49,56903.61
2022-05-20,17.0,11.3,13.5,1016.7,4.0,0.0,27.4,14098.63,57067.72
2022-05-21,19.4,9.6,14.2,1018.6,0.0,0.0,20.0,50300.56,57227.48
2022-05-22,21.7,8.8,15.5,1011.9,0.0,0.0,13.8,46533.33,57382.62
2022-05-23,17.8,11.1,14.1,1000.9,2.5,0.0,17.7,23038.5,57533.1
2022-05-24,16.0,9.3,12.7,1003.8,4.0,0.0,18.4,50968.68,57680.15
2022-05-25,17.8,8.5,13.3,1011.2,0.2,0.0,30.8,22051.54,57823.89
2022-05-26,20.2,10.5,15.5,1018.9,0.0,0.0,29.6,37533.86,57964.14
2022-05-27,18.8,11.9,15.4,1022.2,0.0,0.0,20.1,55390.95,58100.77
2022-05-28,16.6,8.0,12.7,1023.0,0.1,0.0,18.7,47698.43,58233.59
2022-05-29,14.9,6.7,11.1,1017.6,0.4,0.0,19.6,55713.02,58362.42
2022-05-30,14.3,5.9,10.9,1011.8,1.5,0.0,18.9,36542.1,58487.13
2022-05-31,15.6,8.3,11.4,1010.5,3.4,0.0,16.6,40968.42,58607.52
2022-06-01,17.3,6.7,12.3,1014.9,0.0,0.0,12.0,51297.86,58723.41
2022-06-02,18.8,7.2,13.8,1018.2,0.0,0.0,16.2,57600.0,58834.64
2022-06-03,21.9,10.1,16.2,1016.0,0.2,0.0,23.4,56948.2,58941.03
2022-06-04,19.8,12.0,14.9,1018.0,2.4,0.0,30.0,45244.85,59042.4
2022-06-05,16.5,11.4,13.8,1013.8,5.3,0.0,19.5,4220.69,59138.57
2022-06-06,16.9,11.5,14.2,1012.4,0.3,0.0,18.0,11309.1,59229.38
2022-06-07,19.8,9.7,15.5,1009.8,3.5,0.0,17.3,50852.97,59314.65
2022-06-08,20.6,13.4,16.6,1003.7,29.2,0.0,26.4,50400.0,59394.19
2022-06-09,19.5,10.5,15.3,1013.0,0.4,0.0,21.2,31557.74,59467.84
2022-06-10,22.3,14.1,17.7,1016.4,0.1,0.0,28.8,50225.37,59535.44
2022-06-11,21.5,11.4,16.6,1019.4,0.5,0.0,25.0,57600.0,59596.8
2022-06-12,20.1,10.5,15.6,1021.4,0.0,0.0,22.1,57600.0,59651.83
2022-06-13,19.3,9.5,15.2,1022.5,0.0,0.0,11.6,56101.1,59700.99
2022-06-14,22.7,9.2,16.7,1019.2,0.0,0.0,10.8,57600.0,59744.31
2022-06-15,26.1,9.6,18.6,1016.6,0.0,0.0,10.8,57598.45,59781.81
2022-06-16,27.1,11.3,19.9,1019.6,0.0,0.0,16.3,55714.58,59813.45
2022-06-17,30.2,15.1,23.3,1017.9,0.2,0.0,25.7,51982.6,59839.21
2022-06-18,24.2,14.4,19.2,1015.6,9.2,0.0,28.0,35759.83,59859.12
2022-06-19,18.2,10.4,14.5,1013.0,2.0,0.0,20.6,32600.11,59873.13
2022-06-20,20.3,10.7,15.7,1016.4,0.6,0.0,21.9,57600.0,59881.26
2022-06-21,22.8,9.2,16.5,1013.1,0.0,0.0,10.8,57600.0,59883.53
2022-06-22,25.2,10.5,18.2,1011.7,0.0,0.0,17.2,57600.0,59879.92
2022-06-23,23.5,11.2,18.1,1007.9,0.5,0.0,15.1,47230.0,59870.46
2022-06-24,21.8,13.7,18.0,1002.8,2.3,0.0,29.0,46703.49,59855.17
2022-06-25,19.1,12.5,16.1,1005.6,0.9,0.0,25.9,50996.59,59834.06
2022-06-26,20.4,11.5,15.9,1010.1,0.0,0.0,28.0,53391.74,59807.17
2022-06-27,19.1,11.0,15.4,1013.9,2.0,0.0,28.8,50958.55,59774.53
2022-06-28,20.6,10.4,15.8,1015.8,0.2,0.0,27.1,48118.98,59736.15
2022-06-29,20.6,13.0,16.3,1010.4,0.9,0.0,21.7,17835.97,59692.12
2022-06-30,18.7,12.0,15.3,1010.0,2.2,0.0,17.4,36633.15,59642.43
2022-07-01,20.2,10.1,15.3,1014.3,0.7,0.0,26.0,56268.05,59587.15
2022-07-02,21.1,11.8,16.5,1016.4,0.5,0.0,27.9,34555.14,59526.24
2022-07-03,21.3,10.4,16.2,1017.2,0.0,0.0,17.7,54855.81,59459.1
2022-07-04,21.5,9.8,16.4,1019.2,0.0,0.0,19.1,57600.0,59385.75
2022-07-05,21.8,9.9,16.5,1022.7,0.0,0.0,18.9,47871.25,59306.42
2022-07-06,23.9,11.6,18.5,1024.5,0.0,0.0,21.2,33512.1,59221.26
2022-07-07,24.1,16.2,19.7,1026.1,0.0,0.0,18.9,41493.26,59130.48
2022-07-08,26.9,12.6,20.5,1029.5,0.0,0.0,13.3,56092.61,59034.25
2022-07-09,25.6,14.6,20.4,1028.1,0.0,0.0,14.9,57520.24,58932.78
2022-07-10,27.4,13.2,21.0,1024.9,0.0,0.0,15.3,57460.02,58826.26
2022-07-11,29.7,15.0,23.2,1021.4,0.0,0.0,15.8,46597.7,58714.87
2022-07-12,30.2,18.0,24.1,1020.3,0.0,0.0,20.2,35864.69,58598.81
2022-07-13,27.0,19.0,23.1,1019.4,0.4,0.0,12.5,43108.83,58478.25
2022-07-14,24.3,14.4,19.5,1020.5,0.0,0.0,20.2,57199.6,58353.4
2022-07-15,24.9,12.6,19.2,1021.8,0.0,0.0,19.0,52643.93,58224.44
2022-07-16,27.1,13.0,20.5,1022.9,0.0,0.0,13.0,57059.56,58091.55
2022-07-17,29.4,14.9,22.7,1023.1,0.0,0.0,15.1,55934.03,57954.91
2022-07-18,35.0,19.0,27.2,1017.6,0.0,0.0,14.6,54000.0,57814.7
2022-07-19,37.9,20.8,29.1,1010.3,0.9,0.0,22.5,51458.91,57671.09
2022-07-20,25.6,18.2,21.3,1013.5,1.7,0.0,24.5,37103.88,57524.27
2022-07-21,24.1,17.0,20.4,1019.2,0.6,0.0,16.6,29614.05,57374.39
2022-07-22,21.8,16.3,18.8,1018.2,2.5,0.0,19.8,36796.56,57221.44
2022-07-23,26.1,13.8,19.4,1016.7,0.1,0.0,24.0,42790.51,57064.07
2022-07-24,26.7,16.8,20.8,1012.3,4.1,0.0,27.1,46855.29,56902.26
2022-07-25,24.0,17.3,19.9,1008.4,0.0,0.0,28.1,46174.05,56736.27
2022-07-26,20.9,14.4,17.7,1017.0,0.2,0.0,14.0,24651.93,56566.34
2022-07-27,21.1,12.3,17.4,1018.4,0.1,0.0,17.3,28946.58,56392.73
2022-07-28,21.4,15.6,18.1,1015.8,1.6,0.0,18.8,39972.95,56215.66
2022-07-29,25.8,13.1,19.8,1016.6,0.0,0.0,12.2,49063.32,56035.38
2022-07-30,25.6,15.3,20.7,1016.3,0.0,0.0,17.7,41785.46,55852.12
2022-07-31,25.6,17.8,21.3,1014.2,0.6,0.0,29.1,28662.05,55666.08
2022-08-01,25.3,17.0,20.7,1016.2,0.0,0.0,16.7,28265.22,55477.51
2022-08-02,25.4,17.6,21.1,1013.4,0.2,0.0,25.6,27649.34,55286.6
2022-08-03,27.0,17.1,21.8,1011.4,0.0,0.0,24.7,35107.61,55093.56
2022-08-04,24.3,16.8,20.1,1013.2,0.0,0.0,17.7,40623.56,54898.61
2022-08-05,21.8,13.8,17.9,1020.0,0.0,0.0,18.4,40838.58,54701.92
2022-08-06,23.1,10.5,17.4,1026.2,0.0,0.0,13.2,50598.31,54503.69
2022-08-07,26.1,12.7,19.6,1024.0,0.0,0.0,11.0,51052.44,54304.1
2022-08-08,27.9,13.6,20.8,1024.6,0.0,0.0,19.2,50400.0,54103.33
2022-08-09,27.4,14.2,20.7,1026.6,0.0,0.0,19.2,50400.0,53901.56
2022-08-10,28.7,14.3,21.5,1023.8,0.0,0.0,16.6,50400.0,53698.96
2022-08-11,31.4,15.2,23.1,1019.8,0.0,0.0,18.4,50448.65,53495.45
2022-08-12,31.8,16.5,24.2,1016.4,0.0,0.0,19.4,50400.0,53289.48
2022-08-13,32.9,17.1,25.1,1012.2,0.0,0.0,17.1,50400.0,53080.92
2022-08-14,32.0,17.5,25.2,1005.2,0.0,0.0,17.5,41934.33,52869.98
2022-08-15,28.6,17.4,23.1,1001.1,0.7,0.0,19.2,42927.63,52656.88
2022-08-16,22.7,17.7,19.8,1005.5,3.6,0.0,18.2,19500.68,52441.79
2022-08-17,23.9,15.9,19.9,1009.8,1.1,0.0,20.1,42950.42,52224.92
2022-08-18,25.2,14.8,19.9,1012.2,0.6,0.0,16.4,49760.06,52006.46
2022-08-19,23.3,16.6,20.1,1012.4,0.9,0.0,20.2,47907.44,51786.58
2022-08-20,23.4,13.0,18.2,1015.3,0.0,0.0,22.5,46473.18,51565.45
2022-08-21,23.6,13.4,18.5,1013.9,0.0,0.0,13.0,43180.74,51343.26
2022-08-22,22.0,12.0,18.0,1012.0,2.7,0.0,15.9,23173.86,51120.17
2022-08-23,25.4,18.5,21.0,1011.9,0.5,0.0,19.2,25544.35,50896.34
2022-08-24,27.2,18.6,22.2,1014.4,0.6,0.0,17.9,40673.74,50671.92
2022-08-25,20.8,15.0,18.3,1015.3,17.1,0.0,15.1,10457.09,50447.08
2022-08-26,22.8,12.3,18.0,1017.2,0.0,0.0,8.3,44459.7,50221.96
2022-08-27,23.2,12.9,18.0,1017.2,0.3,0.0,16.6,48282.75,49996.71
2022-08-28,22.3,13.0,17.4,1019.9,0.0,0.0,18.7,36399.15,49771.47
2022-08-29,21.4,13.8,17.2,1020.9,0.1,0.0,20.2,35488.23,49546.38
2022-08-30,23.1,14.0,18.2,1021.0,0.0,0.0,23.3,26153.29,49321.59
2022-08-31,23.3,13.4,17.9,1021.7,0.2,0.0,24.9,46979.76,49096.98
2022-09-01,23.9,15.3,18.9,1017.4,0.7,0.0,23.6,32132.84,48871.02
2022-09-02,24.2,15.2,18.9,1010.9,1.0,0.0,14.7,28714.95,48643.53
2022-09-03,24.1,13.7,18.8,1007.4,1.4,0.0,20.0,42284.28,48414.65
2022-09-04,23.6,15.7,19.5,1012.5,0.4,0.0,22.7,31708.91,48184.57
2022-09-05,23.7,16.1,19.6,1013.5,4.9,0.0,21.4,39113.5,47953.42
2022-09-06,23.1,15.1,18.0,1010.0,8.7,0.0,27.9,24475.19,47721.34
2022-09-07,21.0,15.1,17.2,1006.7,4.4,0.0,21.8,38628.87,47488.48
2022-09-08,19.4,13.5,15.7,1002.2,4.6,0.0,22.4,27959.38,47254.99
2022-09-09,20.0,13.4,16.2,1003.6,1.1,0.0,18.0,41357.16,47020.99
2022-09-10,20.9,13.0,16.5,1013.0,0.8,0.0,12.4,33478.84,46786.64
2022-09-11,22.6,12.6,17.1,1016.2,0.0,0.0,15.5,35429.71,46552.05
2022-09-12,24.7,14.7,19.6,1010.2,0.8,0.0,13.0,37126.09,46317.35
2022-09-13,20.2,15.9,17.4,1008.7,2.8,0.0,16.3,4659.1,46082.71
2022-09-14,20.8,14.5,17.0,1005.5,5.3,0.0,13.3,39022.05,45848.21
2022-09-15,18.5,11.6,15.0,1010.4,0.8,0.0,15.4,29856.24,45614.01
2022-09-16,16.2,8.2,12.5,1015.7,0.1,0.0,21.9,43200.0,45380.22
2022-09-17,16.3,6.5,11.3,1020.2,0.0,0.0,18.3,43200.0,45146.97
2022-09-18,18.0,7.9,12.5,1019.3,0.0,0.0,22.3,36549.2,44914.39
2022-09-19,16.9,9.0,13.3,1022.4,0.3,0.0,8.6,20328.84,44682.61
2022-09-20,19.1,9.3,14.2,1024.1,0.0,0.0,8.2,39600.0,44451.5
2022-09-21,19.1,9.3,15.0,1023.9,0.0,0.0,8.2,26663.9,44219.5
2022-09-22,19.9,9.0,14.8,1018.3,0.0,0.0,17.1,36000.0,43986.4
2022-09-23,18.2,12.5,15.1,1013.2,2.6,0.0,15.3,17987.16,43752.35
2022-09-24,17.5,9.3,13.2,1014.6,0.2,0.0,19.3,37945.24,43517.5
2022-09-25,15.8,7.9,12.3,1016.3,0.0,0.0,16.3,25200.0,43281.98
2022-09-26,15.5,10.2,12.6,1001.4,1.7,0.0,27.1,19581.39,43045.92
2022-09-27,14.2,7.9,11.0,999.6,2.4,0.0,26.1,14581.03,42809.47
2022-09-28,14.7,5.7,10.0,998.3,0.1,0.0,16.7,40894.73,42572.76
2022-09-29,15.7,5.0,10.3,1001.8,0.0,0.0,10.7,40497.31,42335.94
2022-09-30,16.5,5.2,11.5,1003.9,5.4,0.0,34.9,18287.24,42099.15
2022-10-01,18.6,10.9,14.9,1004.8,0.2,0.0,25.6,39699.9,41862.51
2022-10-02,18.0,9.9,14.0,1018.1,0.4,0.0,15.8,22923.46,41626.18
2022-10-03,18.2,6.6,12.3,1023.7,0.0,0.0,14.0,19049.84,41390.29
2022-10-04,18.2,12.1,15.4,1015.3,0.3,0.0,27.8,11379.71,41154.98
2022-10-05,18.7,11.6,15.7,1010.5,0.9,0.0,44.4,10126.77,40920.4
2022-10-06,18.0,7.8,12.8,1024.8,0.0,0.0,24.6,38711.13,40686.7
2022-10-07,18.2,11.6,14.4,1018.0,0.5,0.0,31.5,34766.83,40454.02
2022-10-08,16.1,7.0,11.1,1020.8,0.0,0.0,13.1,38511.7,40222.51
2022-10-09,17.5,5.5,11.4,1016.2,0.0,0.0,19.6,38411.79,39992.33
2022-10-10,16.2,7.4,12.1,1015.5,1.5,0.0,17.7,25200.0,39763.36
2022-10-11,14.7,4.8,9.3,1024.7,0.0,0.0,11.0,37171.1,39533.88
2022-10-12,17.2,5.7,11.6,1019.1,1.3,0.0,21.7,26151.07,39303.66
2022-10-13,16.4,10.4,13.4,1013.9,9.3,0.0,13.8,32143.15,39072.87
2022-10-14,15.1,9.2,11.9,1008.3,1.2,0.0,15.2,3185.98,38841.67
2022-10-15,16.6,7.4,12.3,1002.1,0.2,0.0,30.0,29172.81,38610.23
2022-10-16,16.5,10.1,13.7,1007.8,8.9,0.0,24.4,22284.92,38378.7
2022-10-17,18.1,10.0,15.2,1014.7,3.4,0.0,20.7,26769.01,38147.27
2022-10-18,17.4,6.3,11.3,1025.4,0.0,0.0,15.8,34926.94,37916.1
2022-10-19,16.2,11.7,14.0,1018.1,2.3,0.0,30.5,34718.0,37685.36
2022-10-20,16.6,10.3,13.9,1005.2,10.0,0.0,15.4,18643.05,37455.25
2022-10-21,17.6,10.1,14.7,1000.2,5.9,0.0,29.0,23319.01,37225.93
2022-10-22,17.5,11.9,14.7,1006.7,0.2,0.0,24.0,26267.91,36997.6
2022-10-23,18.4,13.3,15.4,1000.0,12.5,0.0,27.5,13224.05,36770.44
2022-10-24,17.4,11.5,13.6,1000.1,1.7,0.0,30.4,26933.67,36544.65
2022-10-25,16.9,10.3,13.6,1009.1,0.2,0.0,19.5,32400.0,36320.45
2022-10-26,18.7,13.0,15.9,1009.0,0.6,0.0,31.4,30428.02,36098.01
2022-10-27,20.2,12.0,16.3,1012.4,4.0,0.0,26.9,20790.85,35877.56
2022-10-28,18.4,10.5,15.4,1013.0,0.1,0.0,28.8,24007.21,35659.33
2022-10-29,21.3,10.5,16.3,1012.3,3.0,0.0,17.3,21808.53,35443.52
2022-10-30,15.7,12.2,14.3,1012.7,1.3,0.0,24.3,7200.0,35230.07
2022-10-31,17.0,11.6,14.1,1009.7,6.6,0.0,24.9,27410.83,35017.06
2022-11-01,14.6,10.2,12.6,1003.5,4.2,0.0,44.0,27175.75,34804.26
2022-11-02,15.2,8.4,12.0,1010.9,2.5,0.0,36.1,26052.72,34591.88
2022-11-03,13.3,5.6,10.5,999.2,28.1,0.0,26.4,3422.77,34380.13
2022-11-04,12.3,6.0,8.5,1007.6,3.1,0.0,17.8,32234.78,34169.22
2022-11-05,13.8,4.8,9.6,1011.8,2.9,0.0,25.5,0.0,33959.36
2022-11-06,14.1,10.2,12.7,1001.5,20.4,0.0,24.6,1811.49,33750.77
2022-11-07,14.6,10.6,12.8,1001.6,1.4,0.0,33.1,3567.64,33543.7
2022-11-08,15.2,11.2,13.0,996.1,4.7,0.0,34.9,24967.83,33338.36
2022-11-09,14.0,9.6,11.3,1004.0,0.0,0.0,28.6,30430.99,33135.01
2022-11-10,15.4,9.3,12.8,1017.7,0.0,0.0,32.7,15082.44,32933.88
2022-11-11,15.8,7.9,13.7,1023.8,0.0,0.0,28.4,23711.32,32735.23
2022-11-12,16.3,8.4,11.7,1024.9,0.0,0.0,12.1,28889.12,32539.34
2022-11-13,15.4,7.6,10.7,1017.9,0.0,0.0,12.8,29818.95,32346.46
2022-11-14,15.1,6.5,10.9,1006.9,0.3,0.0,20.2,4726.62,32156.86
2022-11-15,13.9,8.8,11.1,994.9,8.9,0.0,31.1,7200.0,31970.85
2022-11-16,12.1,7.9,9.7,987.4,19.4,0.0,29.5,18000.0,31788.69
2022-11-17,11.3,7.7,9.6,980.8,6.9,0.0,33.5,8675.07,31610.69
2022-11-18,11.4,5.5,8.4,998.1,2.2,0.0,23.6,28800.0,31437.15
2022-11-19,10.5,3.9,6.7,1010.2,0.3,0.0,17.6,27372.84,31268.09
2022-11-20,10.6,2.3,7.2,1006.6,6.1,0.0,22.7,21600.0,31101.7
2022-11-21,9.2,1.8,5.8,992.9,7.9,0.0,38.3,0.0,30937.78
2022-11-22,9.8,2.8,5.8,986.6,0.1,0.0,25.6,28595.45,30776.57
2022-11-23,11.5,2.5,8.2,989.8,5.8,0.0,35.1,20370.49,30618.26
2022-11-24,12.5,5.8,9.0,1000.5,2.9,0.0,31.9,18673.94,30463.08
2022-11-25,11.6,6.2,8.3,1012.2,0.0,0.0,21.4,28412.29,30311.29
2022-11-26,12.3,5.9,9.7,1021.1,0.9,0.0,28.4,13009.91,30163.09
2022-11-27,12.8,9.3,11.3,1010.7,10.8,0.0,30.3,0.0,30018.73
2022-11-28,10.5,3.1,7.4,1007.2,1.5,0.0,10.4,22851.66,29878.45
2022-11-29,7.3,4.4,6.6,1017.6,0.0,0.0,9.7,0.0,29742.51
2022-11-30,8.8,3.6,6.5,1023.3,0.1,0.0,8.4,13468.23,29611.14
2022-12-01,7.0,2.9,4.8,1027.0,0.0,0.0,10.5,16249.27,29484.6
2022-12-02,7.6,3.3,5.0,1023.9,0.3,0.0,20.1,18588.51,29363.14
2022-12-03,7.4,5.1,6.0,1019.0,0.0,0.0,24.1,7200.0,29247.03
2022-12-04,6.0,4.1,5.0,1015.2,1.6,0.0,21.1,0.0,29136.52
2022-12-05,8.3,4.6,6.4,1019.8,0.0,0.0,17.8,10230.15,29031.87
2022-12-06,6.4,3.2,4.6,1021.9,0.0,0.0,13.8,27958.46,28933.35
2022-12-07,4.6,-2.6,1.0,1019.3,0.0,0.0,11.7,27936.48,28841.21
2022-12-08,2.8,-4.0,-1.9,1010.2,0.0,0.0,11.5,27918.06,28755.71
2022-12-09,2.7,-4.4,-2.4,1006.7,0.0,0.0,11.3,27865.41,28676.96
2022-12-10,2.9,-3.9,-2.0,1008.1,0.0,0.0,11.5,27791.22,28603.99
2022-12-11,-0.8,-4.2,-2.5,1006.2,0.7,0.49,11.4,2688.05,28536.67
2022-12-12,1.5,-2.4,-0.1,1006.7,0.2,0.14,12.4,6641.29,28475.07
2022-12-13,0.7,-3.2,-1.7,1005.8,0.0,0.0,10.9,1201.61,28419.28
2022-12-14,0.7,-4.8,-1.3,1003.9,0.0,0.0,15.7,24495.3,28369.36
2022-12-15,0.7,-5.2,-3.0,1009.2,0.0,0.0,10.9,27508.24,28325.39
2022-12-16,1.6,-5.5,-2.8,1015.9,0.0,0.0,12.3,26409.94,28287.42
2022-12-17,5.0,-5.5,-0.8,1020.2,0.0,0.0,16.2,16967.32,28255.53
2022-12-18,8.0,-3.7,1.6,1015.1,9.9,0.0,30.6,0.0,28229.77
2022-12-19,12.8,8.6,11.7,1005.0,4.9,0.0,37.3,0.0,28210.19
2022-12-20,12.6,4.0,9.4,1005.1,3.5,0.0,33.0,25713.68,28196.85
2022-12-21,10.6,3.6,7.0,1004.6,0.9,0.0,20.7,15457.66,28189.78
2022-12-22,11.0,3.7,8.0,1001.4,0.8,0.0,18.1,0.0,28189.03
2022-12-23,12.7,7.7,9.4,1000.7,7.8,0.0,25.4,16984.16,28194.64
2022-12-24,10.8,5.7,8.4,1007.5,0.0,0.0,21.4,20733.14,28206.63
2022-12-25,11.1,8.3,9.8,1006.0,0.1,0.0,20.7,7338.17,28225.03
2022-12-26,9.5,3.0,6.2,1012.9,0.0,0.0,25.9,27434.93,28249.87
2022-12-27,9.9,1.9,6.0,1017.9,3.8,0.0,34.7,11251.66,28281.14
2022-12-28,11.4,9.6,10.5,1000.8,4.0,0.0,37.6,0.0,28318.88
2022-12-29,9.8,5.0,7.9,998.5,0.3,0.0,33.4,27552.02,28363.17
2022-12-30,13.2,4.6,9.4,996.0,5.9,0.0,35.7,998.88,28414.45
2022-12-31,13.2,9.7,12.1,997.7,10.6,0.0,35.8,0.0,28472.68
2023-01-01,12.1,8.7,10.4,1005.9,3.9,0.0,34.1,6425.78,28537.65
2023-01-02,8.5,1.0,5.8,1014.1,0.6,0.0,15.5,22675.15,28609.16
2023-01-03,12.3,1.3,7.8,1017.0,3.2,0.0,37.4,0.0,28687.03
2023-01-04,13.1,9.9,11.9,1012.3,0.9,0.0,35.9,18597.41,28771.04
2023-01-05,12.9,7.8,10.4,1016.8,0.1,0.0,28.9,4884.79,28860.99
2023-01-06,12.0,5.7,9.5,1012.0,1.2,0.0,32.3,17928.89,28956.69
2023-01-07,11.6,7.3,10.3,999.4,5.0,0.0,36.7,0.0,29057.92
2023-01-08,8.9,4.8,7.3,991.2,1.4,0.0,28.8,16100.59,29164.48
2023-01-09,8.3,4.1,5.7,998.1,0.7,0.0,26.0,28180.82,29276.17
2023-01-10,12.5,3.2,8.2,1006.9,6.4,0.0,36.7,0.0,29392.77
2023-01-11,12.1,6.6,8.7,1006.3,2.6,0.0,34.5,19009.55,29514.1
2023-01-12,12.1,7.1,10.4,1001.2,5.7,0.0,40.7,0.0,29639.95
2023-01-13,10.2,5.0,7.4,1006.1,0.0,0.0,33.9,28335.1,29770.12
2023-01-14,12.1,5.7,8.9,999.1,11.4,0.0,40.4,3600.0,29904.4
2023-01-15,7.7,1.1,4.8,996.5,0.0,0.0,29.6,28461.03,30042.61
2023-01-16,5.0,-4.1,2.4,984.2,13.4,0.77,27.9,14428.81,30184.56
2023-01-17,2.5,-4.7,-2.3,987.6,0.0,0.0,9.7,23996.75,30330.04
2023-01-18,4.5,-3.8,-0.5,995.8,0.0,0.0,17.2,28593.4,30479.14
2023-01-19,4.1,-3.3,-0.4,1005.8,0.0,0.0,10.8,28654.05,30633.48
2023-01-20,6.0,-1.2,1.6,1016.4,0.0,0.0,17.7,28717.97,30793.09
2023-01-21,5.3,-2.3,1.2,1030.0,0.0,0.0,11.2,28965.13,30957.66
2023-01-22,1.5,-3.6,-1.8,1033.7,0.0,0.0,5.4,17562.98,31126.9
2023-01-23,3.2,-4.2,-1.2,1035.7,0.0,0.0,6.6,20875.2,31300.48
2023-01-24,4.8,-1.7,1.8,1037.1,0.0,0.0,9.6,22379.7,31478.11
2023-01-25,5.7,-2.4,0.6,1031.6,1.7,0.0,18.9,0.0,31659.51
2023-01-26,7.8,2.7,4.7,1027.9,0.3,0.0,23.7,11452.32,31844.38
2023-01-27,7.1,-1.5,4.0,1028.6,0.0,0.0,21.5,15130.81,32032.45
2023-01-28,6.1,-2.2,2.1,1029.9,0.0,0.0,11.2,25579.28,32223.45
2023-01-29,8.1,0.3,4.3,1025.0,0.0,0.0,25.3,10658.2,32417.12
2023-01-30,9.0,1.1,6.0,1022.6,0.0,0.0,23.5,30633.18,32613.18
2023-01-31,11.4,1.2,6.2,1023.0,0.1,0.0,25.6,24815.37,32811.41
2023-02-01,9.8,3.2,6.3,1022.8,0.0,0.0,31.1,18000.0,33011.54
2023-02-02,11.1,4.4,7.7,1025.1,0.2,0.0,27.0,12409.14,33213.35
2023-02-03,12.3,6.4,9.4,1029.0,0.0,0.0,22.7,25200.0,33416.6
2023-02-04,9.4,5.0,7.4,1035.7,0.5,0.0,13.3,1640.49,33621.04
2023-02-05,8.5,-0.3,5.0,1042.1,0.0,0.0,16.9,30962.19,33826.5
2023-02-06,8.4,-0.8,2.2,1040.4,0.0,0.0,11.8,31967.71,34032.73
2023-02-07,5.9,-1.3,1.3,1037.1,0.0,0.0,10.6,22652.73,34239.84
2023-02-08,7.2,-3.0,0.5,1033.2,0.0,0.0,12.0,32221.4,34449.82
2023-02-09,9.3,-1.6,2.3,1030.6,0.0,0.0,11.7,25096.67,34662.83
2023-02-10,7.9,-2.9,2.2,1034.6,0.0,0.0,16.9,29461.09,34878.63
2023-02-11,10.6,6.1,7.9,1034.5,0.0,0.0,12.7,8392.47,35096.95
2023-02-12,9.2,5.6,7.2,1035.6,0.0,0.0,12.0,4597.03,35317.56
2023-02-13,11.4,1.9,5.8,1032.4,0.0,0.0,12.6,33358.46,35540.2
2023-02-14,12.8,0.9,5.1,1028.9,0.0,0.0,13.8,34502.08,35764.67
2023-02-15,12.9,1.1,6.5,1021.7,0.0,0.0,19.3,31188.43,35990.72
2023-02-16,12.1,7.4,9.6,1018.3,3.9,0.0,24.3,0.0,36218.13
2023-02-17,13.6,9.4,11.6,1019.3,0.1,0.0,36.2,6589.14,36446.71
2023-02-18,12.8,8.6,11.1,1019.3,0.7,0.0,27.3,0.0,36676.23
2023-02-19,12.2,6.2,8.7,1024.0,0.0,0.0,18.5,32963.81,36906.49
2023-02-20,12.4,6.2,9.2,1022.1,0.0,0.0,27.6,16510.15,37137.3
2023-02-21,10.9,4.5,8.2,1016.3,0.0,0.0,13.2,5955.9,37368.46
2023-02-22,8.5,3.5,5.9,1010.0,4.1,0.0,12.6,540.03,37599.78
2023-02-23,8.3,2.3,5.9,1015.9,1.7,0.0,23.9,3168.3,37831.07
2023-02-24,9.2,-1.2,3.9,1012.3,0.0,0.0,15.2,7200.0,38062.15
2023-02-25,7.3,1.7,4.2,1015.2,0.0,0.0,27.0,32378.68,38292.84
2023-02-26,7.7,1.1,4.1,1024.7,0.0,0.0,27.6,26202.96,38522.97
2023-02-27,7.6,-0.5,3.8,1029.6,0.0,0.0,20.9,6622.72,38752.64
2023-02-28,7.9,0.6,4.5,1030.5,0.7,0.0,27.3,10800.0,38983.73
2023-03-01,7.2,3.9,5.3,1027.5,0.6,0.0,19.2,3643.01,39216.45
2023-03-02,8.8,0.3,4.0,1023.9,0.0,0.0,24.5,37178.17,39450.65
2023-03-03,6.4,0.9,3.8,1026.8,0.4,0.0,19.6,0.0,39686.13
2023-03-04,6.8,3.3,5.0,1027.5,0.0,0.0,15.5,2250.21,39922.73
2023-03-05,4.9,-0.1,3.2,1017.9,0.3,0.0,13.5,16067.83,40160.28
2023-03-06,8.9,-1.8,3.7,1004.5,1.6,0.0,22.5,7658.21,40398.63
2023-03-07,4.5,-1.8,3.0,998.2,4.1,0.0,12.9,1268.9,40637.61
2023-03-08,2.5,-2.1,1.2,990.1,13.0,5.25,23.3,0.0,40877.05
2023-03-09,11.8,2.0,6.1,989.4,6.0,0.0,21.0,1131.88,41116.81
2023-03-10,8.6,-1.6,4.3,993.9,4.6,0.35,33.2,22623.89,41356.73
2023-03-11,7.9,-3.6,2.4,1007.8,1.1,0.14,16.7,20115.89,41596.66
2023-03-12,12.9,5.8,9.8,1004.0,1.2,0.0,31.0,12704.21,41836.44
2023-03-13,13.9,9.6,11.7,989.2,0.9,0.0,50.4,32354.44,42075.93
2023-03-14,9.8,3.9,6.4,999.9,5.7,0.77,26.7,22852.12,42314.97
2023-03-15,8.4,-1.1,4.5,1013.7,1.7,0.0,22.0,19582.27,42553.41
2023-03-16,14.0,7.5,10.3,1004.9,2.4,0.0,28.1,9035.43,42791.1
2023-03-17,13.6,8.4,10.8,1002.1,1.9,0.0,19.5,15430.83,43027.89
2023-03-18,13.1,8.1,10.1,1004.1,4.0,0.0,14.0,21075.73,43263.64
2023-03-19,10.6,5.3,8.2,1013.3,1.7,0.0,19.7,25993.21,43498.45
2023-03-20,12.8,7.1,9.7,1014.8,3.2,0.0,25.6,579.8,43734.0
2023-03-21,14.0,8.6,10.7,1007.3,1.5,0.0,31.1,28805.63,43970.54
2023-03-22,14.5,10.0,11.3,998.5,2.2,0.0,35.0,10800.0,44207.92
2023-03-23,13.9,7.9,10.8,995.4,8.9,0.0,36.2,32238.72,44446.01
2023-03-24,12.8,7.3,9.7,995.9,1.7,0.0,35.4,42250.76,44684.66
2023-03-25,13.5,7.5,10.0,1001.4,0.5,0.0,38.5,40167.2,44923.75
2023-03-26,8.7,3.2,7.5,1005.0,8.1,0.0,22.2,732.3,45163.14
2023-03-27,9.6,1.8,5.3,1022.9,0.0,0.0,9.8,37170.81,45402.67
2023-03-28,9.0,3.4,7.0,1017.3,1.9,0.0,25.8,0.0,45642.23
2023-03-29,14.1,8.0,11.4,1007.3,3.3,0.0,29.6,3068.38,45881.66
2023-03-30,15.1,10.2,12.1,1001.4,2.9,0.0,31.8,35941.09,46120.83
2023-03-31,13.4,10.0,10.8,987.2,13.2,0.0,33.7,3311.98,46359.6
2023-04-01,11.6,8.2,9.6,1003.7,1.2,0.0,21.2,10856.32,46597.81
2023-04-02,11.3,3.0,7.9,1023.0,0.0,0.0,23.0,24317.4,46835.34
2023-04-03,11.0,0.3,5.5,1028.3,0.0,0.0,18.5,42425.26,47072.02
2023-04-04,12.5,-0.9,5.7,1025.6,0.0,0.0,13.3,44069.48,47307.7
2023-04-05,11.7,0.7,6.5,1019.3,1.0,0.0,12.5,17235.95,47542.23
2023-04-06,13.4,5.6,9.4,1012.2,4.9,0.0,22.8,27641.36,47775.46
2023-04-07,13.7,2.8,8.1,1018.7,0.2,0.0,10.3,44477.52,48007.21
2023-04-08,13.6,2.6,7.8,1023.6,0.0,0.0,11.0,43099.21,48237.59
2023-04-09,15.4,3.5,9.3,1019.9,0.0,0.0,14.0,34899.4,48468.21
2023-04-10,14.3,7.9,10.9,1008.7,9.1,0.0,33.0,22934.51,48699.3
2023-04-11,12.6,5.8,8.7,1007.1,7.4,0.0,39.4,23759.47,48930.71
2023-04-12,10.6,4.8,7.6,991.8,3.3,0.0,46.0,36429.88,49162.31
2023-04-13,12.2,4.7,8.3,999.3,1.0,0.0,27.0,47964.11,49393.95
2023-04-14,10.0,2.3,7.2,1002.7,8.1,0.0,21.3,7506.94,49625.48
2023-04-15,14.2,6.7,9.6,1015.3,2.3,0.0,18.0,31785.83,49856.75
2023-04-16,15.1,5.0,9.8,1024.2,0.0,0.0,10.5,8804.16,50087.62
2023-04-17,15.8,7.3,10.6,1025.9,0.5,0.0,18.4,35674.03,50317.92
2023-04-18,11.9,7.0,8.8,1025.9,0.2,0.0,32.2,21706.37,50547.5
2023-04-19,14.9,6.8,10.2,1023.3,0.0,0.0,29.7,49701.65,50776.19
2023-04-20,14.6,5.1,8.8,1019.3,2.3,0.0,29.4,41212.76,51003.81
2023-04-21,11.2,4.5,7.3,1010.7,3.3,0.0,16.3,28299.11,51230.21
2023-04-22,13.3,1.5,8.0,1004.0,1.5,0.0,17.7,33647.17,51455.21
2023-04-23,13.0,8.1,10.4,999.2,3.9,0.0,22.0,16783.12,51678.6
2023-04-24,11.9,5.3,8.1,1007.6,13.8,0.0,20.4,26544.71,51900.21
2023-04-25,10.2,1.1,6.4,1016.2,0.0,0.0,12.9,39108.42,52119.85
2023-04-26,11.6,3.2,7.9,1016.7,0.0,0.0,15.1,23647.11,52337.31
2023-04-27,14.0,4.9,9.3,1013.5,6.6,0.0,21.8,6199.49,52552.39
2023-04-28,17.4,8.1,13.2,1009.3,0.8,0.0,22.5,28731.93,52765.12
2023-04-29,17.6,4.5,10.9,1018.5,0.0,0.0,13.4,50400.0,52977.11
2023-04-30,17.0,4.8,11.3,1019.1,0.0,0.0,15.9,33710.1,53188.55
2023-05-01,16.9,8.0,11.9,1016.2,1.0,0.0,16.0,32886.51,53399.25
2023-05-02,14.0,6.8,10.4,1024.2,0.0,0.0,18.8,17915.11,53609.07
2023-05-03,13.8,4.9,9.3,1024.2,0.0,0.0,24.1,50400.0,53817.83
2023-05-04,18.8,7.8,13.0,1013.6,0.9,0.0,24.8,36762.48,54025.33
2023-05-05,17.6,10.7,13.7,1012.2,0.7,0.0,19.9,39937.75,54231.42
2023-05-06,14.8,8.6,12.5,1011.9,5.6,0.0,23.3,3563.99,54435.9
2023-05-07,18.6,11.5,15.0,1014.8,0.7,0.0,10.7,23443.84,54638.57
2023-05-08,15.7,9.0,12.6,1017.2,2.6,0.0,23.4,11165.22,54839.23
2023-05-09,17.1,11.0,13.9,1009.0,10.1,0.0,18.6,24508.6,55037.69
2023-05-10,17.4,9.3,12.7,1010.4,6.2,0.0,22.0,44284.69,55233.71
2023-05-11,17.0,8.3,12.3,1013.9,3.7,0.0,9.4,46893.83,55427.1
2023-05-12,12.7,8.8,11.0,1020.2,1.9,0.0,32.0,0.0,55617.62
2023-05-13,15.5,9.1,11.7,1024.0,0.0,0.0,20.7,25144.58,55805.06
2023-05-14,19.0,6.9,12.5,1018.8,0.7,0.0,11.5,35407.08,55989.15
2023-05-15,14.8,7.1,12.1,1018.0,0.5,0.0,23.7,35865.14,56169.69
2023-05-16,16.8,5.2,11.1,1023.0,0.2,0.0,21.9,52680.79,56346.4
2023-05-17,17.2,5.8,12.0,1026.3,0.4,0.0,11.1,48922.97,56519.04
2023-05-18,17.6,8.9,12.9,1026.4,0.2,0.0,14.1,50400.0,56687.58
2023-05-19,17.0,7.7,12.0,1025.5,1.1,0.0,15.9,29153.18,56853.36
2023-05-20,18.7,6.7,12.9,1023.3,0.1,0.0,22.9,55928.74,57016.54
2023-05-21,18.0,7.4,13.0,1019.8,0.0,0.0,25.0,45978.71,57176.92
2023-05-22,19.2,9.2,14.1,1019.1,0.0,0.0,24.2,43591.87,57334.35
2023-05-23,16.9,8.4,12.9,1024.5,0.0,0.0,16.7,48956.6,57488.64
2023-05-24,20.8,7.4,14.4,1023.8,0.0,0.0,14.9,56100.15,57639.6
2023-05-25,18.0,8.3,13.4,1027.5,0.0,0.0,16.6,24667.83,57787.05
2023-05-26,17.7,7.8,12.5,1029.4,0.0,0.0,20.9,57109.72,57930.8
2023-05-27,19.1,7.4,13.0,1024.8,0.0,0.0,18.2,57286.12,58070.64
2023-05-28,20.9,6.2,14.0,1021.5,0.0,0.0,25.3,57407.35,58206.39
2023-05-29,16.9,7.8,12.4,1025.7,0.0,0.0,26.6,57478.83,58337.85
2023-05-30,16.6,8.1,12.7,1027.3,0.0,0.0,27.1,41781.13,58464.81
2023-05-31,18.7,10.8,13.9,1024.9,0.0,0.0,23.9,28655.9,58587.06
2023-06-01,18.1,10.2,13.4,1023.3,0.0,0.0,23.0,40136.29,58704.42
2023-06-02,17.8,10.2,13.2,1022.6,0.0,0.0,22.7,43057.49,58816.64
2023-06-03,21.4,7.4,14.6,1021.4,0.0,0.0,21.9,55964.76,58923.56
2023-06-04,21.1,8.5,14.9,1022.0,0.0,0.0,18.5,57600.0,59024.94
2023-06-05,18.0,8.0,13.1,1022.5,0.0,0.0,20.4,52746.19,59120.58
2023-06-06,16.6,10.9,13.2,1021.6,0.1,0.0,21.9,28975.76,59210.28
2023-06-07,20.4,8.5,14.3,1019.9,0.0,0.0,19.7,57600.0,59293.93
2023-06-08,21.1,8.5,14.8,1016.7,0.0,0.0,21.9,57600.0,59372.23
2023-06-09,23.9,10.8,17.6,1012.3,0.0,0.0,22.9,57600.0,59445.24
2023-06-10,28.4,14.1,21.4,1011.2,0.0,0.0,19.5,57600.0,59512.91
2023-06-11,29.9,15.5,22.3,1011.8,0.0,0.0,11.5,50192.24,59575.16
2023-06-12,26.9,16.0,21.4,1012.6,5.7,0.0,13.3,54711.7,59631.92
2023-06-13,27.0,13.1,19.9,1012.4,0.0,0.0,24.4,57600.0,59683.13
2023-06-14,26.7,10.8,19.0,1015.4,0.0,0.0,18.8,57600.0,59728.73
2023-06-15,25.9,11.6,19.2,1018.1,0.0,0.0,17.3,57600.0,59768.65
2023-06-16,25.5,12.0,19.2,1017.5,0.0,0.0,17.4,57600.0,59802.86
2023-06-17,24.1,12.3,18.5,1012.7,2.1,0.0,13.8,50484.73,59831.29
2023-06-18,24.6,15.2,19.0,1007.1,16.9,0.0,18.9,26038.37,59853.91
2023-06-19,22.9,14.1,18.6,1008.5,0.9,0.0,21.6,57600.0,59870.66
2023-06-20,22.6,14.8,19.0,1006.3,5.9,0.0,24.3,33714.01,59881.52
2023-06-21,23.5,14.8,19.3,1013.7,1.0,0.0,16.5,53055.26,59886.44
2023-06-22,26.4,13.3,20.2,1016.8,0.0,0.0,15.8,55297.49,59885.41
2023-06-23,25.7,14.6,20.5,1021.2,0.0,0.0,17.9,55543.55,59878.39
2023-06-24,26.3,14.9,21.2,1021.0,0.2,0.0,14.4,54981.99,59865.39
2023-06-25,29.1,15.0,22.4,1012.9,0.1,0.0,27.8,57600.0,59846.34
2023-06-26,22.4,13.6,18.4,1017.3,0.0,0.0,23.5,44080.07,59821.27
2023-06-27,21.9,14.1,18.5,1019.0,0.0,0.0,20.5,20179.33,59790.14
2023-06-28,24.3,16.6,20.2,1015.2,0.1,0.0,15.5,12982.99,59752.56
2023-06-29,22.1,15.7,18.6,1013.9,5.9,0.0,15.7,34817.9,59708.62
2023-06-30,18.6,11.4,16.3,1010.2,0.6,0.0,33.2,16985.51,59658.45
2023-07-01,21.7,17.2,19.1,1004.0,0.2,0.0,24.4,41808.66,59602.2
2023-07-02,19.7,11.9,16.5,1009.4,0.0,0.0,27.7,56995.49,59539.99
2023-07-03,19.4,11.7,15.7,1008.9,0.7,0.0,33.5,42206.67,59472.01
2023-07-04,18.8,13.1,15.1,1008.1,13.1,0.0,19.9,22227.63,59398.38
2023-07-05,19.3,10.7,15.4,1008.6,6.1,0.0,23.8,57600.0,59319.27
2023-07-06,20.8,10.8,16.2,1014.1,0.0,0.0,20.3,56125.73,59234.83
2023-07-07,27.8,11.2,20.2,1013.7,0.0,0.0,17.9,57600.0,59145.22
2023-07-08,24.4,18.9,21.5,1013.1,12.6,0.0,20.9,38775.26,59050.58
2023-07-09,22.5,15.3,18.7,1017.1,4.9,0.0,22.1,34329.2,58951.09
2023-07-10,22.9,12.9,18.7,1017.2,0.0,0.0,29.6,42093.21,58846.9
2023-07-11,22.7,17.0,19.2,1008.2,3.2,0.0,27.5,37330.41,58738.17
2023-07-12,21.1,13.5,17.5,1009.4,1.8,0.0,26.1,57344.62,58625.06
2023-07-13,21.3,12.9,17.5,1013.8,0.5,0.0,22.1,49436.94,58507.73
2023-07-14,19.7,13.6,16.8,1006.9,7.8,0.0,31.5,0.0,58386.32
2023-07-15,19.6,14.8,17.0,999.1,1.4,0.0,43.9,43426.9,58261.01
2023-07-16,20.4,14.1,17.0,1007.2,0.0,0.0,31.8,49216.6,58131.93
2023-07-17,21.2,12.2,16.8,1015.5,0.6,0.0,22.5,49957.37,57999.05
2023-07-18,21.9,11.2,17.1,1016.2,0.1,0.0,18.4,48313.04,57861.22
2023-07-19,22.6,13.9,17.9,1013.1,0.4,0.0,20.0,44097.21,57718.39
2023-07-20,22.3,11.6,17.3,1013.4,0.1,0.0,14.2,54966.25,57570.84
2023-07-21,19.9,11.6,16.4,1011.9,0.1,0.0,17.7,39353.19,57418.82
2023-07-22,18.5,12.7,15.4,1008.8,9.0,0.0,30.3,9652.05,57262.56
2023-07-23,22.5,15.9,18.8,1001.3,2.6,0.0,31.4,50993.15,57102.3
2023-07-24,17.6,13.9,15.7,1003.5,2.3,0.0,19.6,15163.32,56938.29
2023-07-25,19.8,12.0,15.6,1008.6,0.7,0.0,17.6,53023.16,56770.76
2023-07-26,21.2,9.4,15.7,1010.0,7.7,0.0,21.4,34019.39,56599.93
2023-07-27,21.5,16.3,19.0,1001.5,7.4,0.0,27.4,3902.48,56426.03
2023-07-28,22.6,15.9,18.6,1004.0,0.2,0.0,20.9,22485.01,56249.26
2023-07-29,21.8,15.2,18.3,1004.4,0.7,0.0,26.1,43180.56,56069.85
2023-07-30,20.9,14.2,16.9,1008.5,3.2,0.0,30.4,27020.28,55888.01
2023-07-31,20.9,15.6,18.0,1002.8,2.6,0.0,27.9,22762.51,55703.91
2023-08-01,21.9,13.8,17.5,999.5,0.0,0.0,24.9,42786.68,55517.78
2023-08-02,19.4,14.7,17.2,986.7,18.8,0.0,32.3,23135.66,55329.8
2023-08-03,21.0,13.8,16.9,1002.2,0.1,0.0,18.9,43556.55,55140.14
2023-08-04,19.4,12.8,16.5,1014.6,0.4,0.0,16.9,34513.64,54949.01
2023-08-05,18.5,13.6,15.2,1006.3,18.2,0.0,29.9,8848.26,54756.56
2023-08-06,18.6,10.5,14.8,1014.1,0.9,0.0,24.5,50583.15,54562.72
2023-08-07,20.3,10.5,15.5,1017.4,0.0,0.0,18.4,45136.55,54365.99
2023-08-08,17.5,11.0,14.8,1013.4,2.4,0.0,23.2,6873.73,54166.26
2023-08-09,24.1,10.8,17.5,1015.8,0.0,0.0,11.1,50400.0,53963.74
2023-08-10,25.6,12.6,19.5,1017.3,0.0,0.0,16.6,50400.0,53758.65
2023-08-11,24.0,16.6,20.1,1015.6,0.6,0.0,22.5,31692.18,53551.22
2023-08-12,21.0,13.9,17.7,1012.5,0.5,0.0,32.6,40839.48,53341.64
2023-08-13,21.9,15.2,18.0,1011.8,0.3,0.0,25.8,40850.0,53130.13
2023-08-14,21.7,15.6,18.2,1009.1,3.8,0.0,31.5,28652.54,52916.87
2023-08-15,22.2,12.5,17.9,1013.7,0.2,0.0,17.3,47752.84,52702.05
2023-08-16,24.6,12.6,18.3,1018.3,0.2,0.0,16.2,50400.0,52485.87
2023-08-17,23.0,14.9,18.5,1017.8,0.1,0.0,23.4,50400.0,52268.51
2023-08-18,24.8,16.1,19.7,1011.7,4.2,0.0,22.3,22384.75,52050.12
2023-08-19,23.3,16.3,20.2,1011.5,0.2,0.0,27.8,50400.0,51830.89
2023-08-20,24.0,14.9,18.9,1019.7,0.4,0.0,19.1,43200.0,51610.99
2023-08-21,24.8,13.3,18.3,1021.2,0.0,0.0,20.7,43838.22,51390.56
2023-08-22,24.4,14.5,19.2,1018.6,0.0,0.0,18.6,39600.0,51169.77
2023-08-23,25.5,12.5,19.2,1017.7,0.0,0.0,7.6,46928.1,50948.77
2023-08-24,25.2,15.5,20.0,1010.4,1.3,0.0,14.0,25737.11,50727.72
2023-08-25,20.2,13.7,16.8,1007.8,0.1,0.0,18.5,45417.33,50506.75
2023-08-26,19.4,11.4,15.2,1006.5,1.2,0.0,17.2,37736.79,50285.76
2023-08-27,19.6,10.3,15.1,1008.5,0.2,0.0,20.3,45661.53,50063.22
2023-08-28,20.5,10.7,15.6,1012.4,0.2,0.0,15.5,44218.93,49838.94
2023-08-29,20.4,10.6,15.5,1010.1,0.0,0.0,17.4,28387.82,49613.1
2023-08-30,19.7,11.0,15.7,1006.5,0.3,0.0,21.0,47228.73,49385.86
2023-08-31,18.1,10.1,14.1,1007.8,1.3,0.0,14.6,3569.99,49157.38
2023-09-01,22.0,13.7,17.6,1008.6,1.4,0.0,6.4,21916.03,48927.82
2023-09-02,23.2,14.8,18.5,1018.4,0.4,0.0,15.6,30342.98,48697.32
2023-09-03,24.7,12.9,18.5,1024.8,0.0,0.0,12.4,42831.09,48466.05
2023-09-04,27.4,15.1,20.0,1021.1,0.0,0.0,18.9,45877.72,48234.13
2023-09-05,27.7,15.8,20.7,1015.6,0.0,0.0,16.9,45240.89,48001.72
2023-09-06,29.8,14.8,21.9,1016.7,0.0,0.0,10.5,44234.16,47768.95
2023-09-07,29.9,17.3,22.8,1015.2,0.0,0.0,13.7,43719.12,47535.97
2023-09-08,29.5,17.9,23.3,1014.4,0.0,0.0,8.6,37701.19,47302.89
2023-09-09,31.4,17.5,24.2,1013.8,0.0,0.0,7.6,43439.44,47069.87
2023-09-10,30.7,18.2,23.1,1013.0,1.6,0.0,20.9,39341.78,46837.02
2023-09-11,24.9,17.0,20.8,1011.3,0.0,0.0,18.6,34574.28,46604.48
2023-09-12,23.0,16.2,18.9,1011.6,2.9,0.0,17.1,34586.98,46372.36
2023-09-13,19.8,12.2,16.2,1018.8,0.1,0.0,19.5,43200.0,46140.81
2023-09-14,22.3,12.1,17.1,1018.8,0.0,0.0,12.8,43200.0,45909.95
2023-09-15,24.9,10.8,17.4,1013.2,0.0,0.0,13.5,43200.0,45679.67
2023-09-16,25.9,12.5,18.7,1011.1,0.0,0.0,17.1,32139.78,45448.39
2023-09-17,21.0,14.9,18.2,1008.8,4.8,0.0,26.3,25514.98,45215.96
2023-09-18,19.0,14.0,17.0,1000.3,7.3,0.0,32.3,37571.52,44982.49
2023-09-19,19.3,13.3,16.6,1004.0,0.4,0.0,45.6,4670.01,44748.13
2023-09-20,20.5,15.2,17.9,997.0,27.3,0.0,48.5,12596.43,44513.02
2023-09-21,17.7,10.6,14.0,993.7,5.5,0.0,17.1,37670.36,44277.3
2023-09-22,17.5,8.7,12.5,999.1,1.5,0.0,19.1,40184.35,44041.1
2023-09-23,17.2,8.3,12.7,1013.3,0.0,0.0,16.1,39775.29,43804.56
2023-09-24,20.1,12.3,16.8,1016.1,0.0,0.0,30.6,23621.22,43567.8
2023-09-25,21.5,14.5,18.0,1016.5,0.2,0.0,25.2,39600.0,43330.98
2023-09-26,22.3,13.4,17.2,1015.3,1.8,0.0,25.7,27047.09,43094.2
2023-09-27,21.6,13.2,17.3,1012.1,0.0,0.0,28.7,18000.0,42857.61
2023-09-28,19.4,13.5,16.6,1011.0,0.1,0.0,26.5,19905.3,42621.35
2023-09-29,19.1,13.2,17.0,1015.5,2.4,0.0,23.1,37972.8,42385.55
2023-09-30,19.0,10.4,14.6,1022.7,0.0,0.0,19.0,30899.29,42150.34
2023-10-01,22.6,14.9,18.1,1018.4,0.0,0.0,22.4,21670.16,41915.86
2023-10-02,22.5,14.3,17.6,1014.1,4.1,0.0,19.0,5811.22,41682.24
2023-10-03,18.3,12.3,14.9,1016.0,0.3,0.0,25.9,36244.12,41449.63
2023-10-04,17.7,10.6,13.8,1023.9,0.0,0.0,25.1,26827.22,41218.17
2023-10-05,18.5,11.9,14.7,1022.4,0.2,0.0,22.1,25136.17,40987.74
2023-10-06,20.9,13.5,16.5,1021.0,0.0,0.0,24.6,36000.0,40756.66
2023-10-07,22.9,13.7,17.6,1020.9,0.0,0.0,21.9,38444.92,40524.72
2023-10-08,23.3,12.6,16.8,1022.2,0.0,0.0,12.2,36000.0,40292.08
2023-10-09,23.1,12.6,16.7,1019.6,0.0,0.0,11.0,36000.0,40058.88
2023-10-10,21.3,12.3,16.5,1015.2,0.0,0.0,20.6,36952.34,39825.29
2023-10-11,20.5,14.2,17.2,1010.7,0.4,0.0,25.3,12132.48,39591.46
2023-10-12,16.1,13.0,15.0,1009.9,15.7,0.0,16.9,0.0,39357.55
2023-10-13,20.5,10.5,17.1,1000.1,14.2,0.0,38.3,19789.91,39123.72
2023-10-14,13.3,7.1,9.8,1014.3,0.3,0.0,20.7,36944.08,38890.13
2023-10-15,10.5,4.3,6.9,1023.4,0.0,0.0,14.2,36617.46,38656.95
2023-10-16,12.0,2.3,7.6,1020.1,0.0,0.0,19.1,10275.76,38424.34
2023-10-17,14.5,9.1,11.6,1012.6,0.0,0.0,27.8,34683.54,38192.48
2023-10-18,16.7,10.2,12.8,994.0,7.2,0.0,32.2,0.0,37961.54
2023-10-19,17.7,14.4,15.7,982.2,6.0,0.0,33.2,16859.85,37731.71
2023-10-20,16.1,12.2,14.2,974.9,11.3,0.0,17.9,11483.12,37503.15
2023-10-21,16.2,9.6,12.8,982.3,3.4,0.0,21.8,25084.41,37276.06
2023-10-22,15.1,6.7,10.0,1002.7,0.0,0.0,12.7,33477.59,37050.64
2023-10-23,15.0,6.8,10.9,1005.7,0.8,0.0,16.3,14942.96,36827.08
2023-10-24,14.1,7.3,10.2,999.2,3.2,0.0,17.4,28800.0,36605.57
2023-10-25,13.8,8.0,10.3,994.2,0.8,0.0,16.2,19895.23,36386.03
2023-10-26,15.6,7.3,11.2,989.6,2.6,0.0,18.2,27968.53,36166.58
2023-10-27,14.2,7.1,10.0,988.2,1.0,0.0,17.8,23849.1,35947.0
2023-10-28,15.3,9.0,11.7,986.0,10.4,0.0,26.1,29492.15,35727.47
2023-10-29,12.3,9.1,10.8,985.9,6.7,0.0,24.7,18924.25,35508.2
2023-10-30,14.4,7.3,10.9,993.3,0.8,0.0,20.0,26728.8,35289.37
2023-10-31,14.1,6.5,9.8,998.1,2.4,0.0,15.2,26838.72,35071.2
2023-11-01,13.6,9.5,12.0,990.1,7.3,0.0,30.6,17928.21,34853.89
2023-11-02,11.6,9.2,10.3,964.4,21.3,0.0,42.8,0.0,34637.65
2023-11-03,13.2,7.2,9.4,979.5,6.3,0.0,29.4,32217.78,34422.71
2023-11-04,12.6,5.0,8.6,969.5,5.5,0.0,26.5,16271.69,34209.29
2023-11-05,12.6,6.1,9.0,977.5,0.1,0.0,29.6,28800.0,33997.62
2023-11-06,12.7,6.5,8.9,995.8,0.0,0.0,25.6,31893.26,33787.95
2023-11-07,11.8,5.3,7.8,1005.9,0.1,0.0,26.0,31785.52,33580.51
2023-11-08,13.0,5.9,9.4,1003.2,3.3,0.0,35.8,0.0,33375.55
2023-11-09,10.5,5.8,8.0,995.3,0.1,0.0,23.5,26055.77,33173.35
2023-11-10,9.3,4.2,6.5,994.1,1.7,0.0,20.3,18820.86,32974.15
2023-11-11,10.2,2.8,5.3,1004.9,0.0,0.0,14.5,31359.66,32778.24
2023-11-12,9.2,3.3,6.8,1001.9,2.0,0.0,12.4,0.0,32585.89
2023-11-13,14.8,8.5,12.1,997.1,12.5,0.0,37.6,21600.0,32397.39
2023-11-14,12.3,8.7,10.4,1002.2,6.1,0.0,28.5,3600.0,32212.73
2023-11-15,11.6,5.5,8.6,1013.8,0.0,0.0,27.4,30359.24,32030.01
2023-11-16,7.5,3.5,5.7,1012.0,3.0,0.0,13.8,0.0,31849.04
2023-11-17,10.3,3.5,6.1,1017.7,1.2,0.0,14.6,26709.13,31670.02
2023-11-18,14.7,7.8,12.1,1009.8,5.5,0.0,26.1,0.0,31493.2
2023-11-19,13.9,10.7,11.9,1005.5,0.0,0.0,30.4,18821.23,31318.8
2023-11-20,11.8,7.7,9.9,1007.2,3.0,0.0,24.2,21583.09,31147.04
2023-11-21,11.1,5.8,9.4,1019.9,0.7,0.0,21.9,570.95,30978.19
2023-11-22,9.8,3.1,6.8,1028.0,0.0,0.0,15.7,7356.43,30812.49
2023-11-23,12.2,8.1,10.4,1023.0,0.1,0.0,25.4,17747.63,30650.19
2023-11-24,11.7,2.1,6.9,1019.5,0.2,0.0,25.3,20604.17,30491.55
2023-11-25,5.3,-0.5,1.6,1019.4,0.0,0.0,13.4,28423.99,30336.83
2023-11-26,9.8,-0.9,3.4,1013.7,3.8,0.0,18.0,0.0,30186.31
2023-11-27,9.7,5.0,7.8,998.6,6.2,0.0,22.4,4973.7,30040.25
2023-11-28,6.6,0.8,3.8,1006.9,0.0,0.0,21.4,28259.58,29898.94
2023-11-29,4.3,-1.1,1.3,1003.4,0.0,0.0,10.0,21600.0,29762.65
2023-11-30,4.5,-2.8,0.1,1001.1,0.0,0.0,19.1,25562.9,29631.69
2023-12-01,4.1,-2.2,-0.1,1006.0,0.0,0.0,17.4,24523.0,29506.32
2023-12-02,-0.5,-3.9,-2.5,1013.6,0.0,0.0,9.0,3998.63,29386.85
2023-12-03,7.6,-0.4,4.3,1009.1,5.9,0.56,17.8,900.95,29273.56
2023-12-04,7.9,5.6,6.4,995.9,8.9,0.0,25.4,0.0,29166.55
2023-12-05,6.3,3.3,5.3,1005.5,2.5,0.0,18.8,0.0,29064.54
2023-12-06,4.4,0.8,2.4,1015.4,0.0,0.0,12.3,27964.43,28967.4
2023-12-07,8.2,4.1,6.3,1006.3,5.7,0.0,28.0,0.0,28875.25
2023-12-08,10.8,5.6,7.9,1002.3,0.0,0.0,21.4,24247.64,28788.24
2023-12-09,13.9,7.3,9.6,995.1,7.9,0.0,33.6,9913.59,28706.48
2023-12-10,11.7,7.0,9.2,999.8,2.1,0.0,33.2,2597.55,28630.12
2023-12-11,10.8,4.6,8.4,1001.1,0.0,0.0,38.0,27746.15,28559.29
2023-12-12,11.4,7.1,9.2,996.5,7.3,0.0,21.3,9302.54,28494.12
2023-12-13,8.0,6.1,7.1,1000.0,0.5,0.0,31.3,3600.0,28434.72
2023-12-14,7.4,1.6,4.6,1019.1,0.9,0.0,20.3,0.0,28381.23
2023-12-15,8.1,2.5,5.0,1033.1,0.0,0.0,12.9,26463.39,28333.77
2023-12-16,11.2,4.6,8.6,1036.7,0.0,0.0,21.2,0.0,28292.45
2023-12-17,10.8,6.7,9.0,1032.4,0.0,0.0,30.6,25362.18,28257.4
2023-12-18,11.9,7.7,9.8,1026.6,0.0,0.0,25.0,4707.4,28228.7
2023-12-19,12.3,5.3,10.1,1018.2,12.7,0.0,26.1,0.0,28206.49
2023-12-20,10.5,4.9,7.6,1016.5,0.0,0.0,27.3,15677.73,28190.84
2023-12-21,13.4,8.6,11.1,1006.7,0.3,0.0,35.3,8950.59,28181.87
2023-12-22,11.1,8.3,9.9,1010.7,0.3,0.0,33.6,0.0,28179.66
2023-12-23,11.0,7.8,9.4,1011.7,0.0,0.0,29.0,21189.13,28184.29
2023-12-24,13.3,10.6,12.4,1004.5,1.2,0.0,33.8,0.0,28195.87
2023-12-25,12.9,11.3,12.3,1005.1,3.2,0.0,29.5,207.6,28214.47
2023-12-26,10.4,4.0,7.2,1012.9,0.0,0.0,24.6,18839.77,28240.0
2023-12-27,12.0,6.2,10.0,1005.5,6.5,0.0,40.2,0.0,28272.35
2023-12-28,11.7,9.1,10.6,1003.3,0.4,0.0,40.5,24823.14,28311.35
2023-12-29,10.6,6.2,8.6,1004.8,1.5,0.0,28.5,21051.8,28356.92
2023-12-30,11.5,5.1,8.9,1003.6,3.0,0.0,37.0,4205.29,28408.88
2023-12-31,10.5,6.4,8.4,986.9,8.2,0.0,40.7,25938.0,28467.1
2024-01-01,10.1,5.9,7.7,997.7,8.3,0.0,30.6,6276.83,28531.44
2024-01-02,12.9,8.8,11.1,983.7,9.6,0.0,52.3,0.0,28601.74
2024-01-03,10.4,6.5,8.4,988.5,2.3,0.0,25.9,27210.1,28677.87
2024-01-04,8.3,5.0,6.8,997.5,27.7,0.0,27.4,10052.49,28759.65
2024-01-05,7.1,4.4,5.7,998.8,4.6,0.0,33.7,3184.94,28846.95
2024-01-06,6.4,3.8,4.8,1013.7,0.2,0.0,16.6,16018.32,28939.59
2024-01-07,4.7,1.5,3.1,1024.7,0.0,0.0,22.2,28111.62,29037.43
2024-01-08,3.3,1.1,2.0,1029.9,0.7,0.21,27.6,25984.97,29140.31
2024-01-09,4.0,0.7,1.6,1029.0,0.0,0.0,31.4,25200.0,29248.07
2024-01-10,4.8,0.5,1.9,1027.6,0.0,0.0,22.5,28199.94,29360.55
2024-01-11,5.5,-0.9,2.4,1034.0,0.0,0.0,24.0,17975.11,29477.59
2024-01-12,6.8,3.9,5.1,1034.0,0.0,0.0,18.1,776.81,29599.04
2024-01-13,4.4,1.5,3.3,1024.2,0.0,0.0,10.7,9529.39,29724.97
2024-01-14,5.7,1.6,3.6,1011.8,1.6,0.0,17.1,18456.15,29856.76
2024-01-15,2.5,-4.0,-0.6,1009.2,0.0,0.0,18.8,28412.84,29994.43
2024-01-16,3.8,-4.5,-1.7,1006.8,0.0,0.0,11.8,28465.5,30137.67
2024-01-17,2.4,-2.4,0.2,991.8,0.0,0.0,19.9,0.0,30286.17
2024-01-18,2.5,-5.1,-2.3,1004.2,0.0,0.0,15.3,28580.18,30439.64
2024-01-19,4.8,-3.8,-0.8,1019.6,0.0,0.0,13.7,28641.97,30597.78
2024-01-20,5.2,-1.0,2.4,1021.6,0.0,0.0,26.9,12687.3,30760.32
2024-01-21,11.8,4.2,8.9,1008.9,1.3,0.0,49.0,14238.41,30926.94
2024-01-22,12.4,6.9,9.5,1005.1,6.0,0.0,50.1,28935.29,31097.4
2024-01-23,12.9,4.1,8.7,1017.0,2.9,0.0,37.4,0.0,31271.41
2024-01-24,13.0,6.7,9.7,1020.6,0.1,0.0,36.1,24352.19,31448.7
2024-01-25,11.8,3.6,8.9,1023.5,0.1,0.0,27.1,765.9,31629.01
2024-01-26,12.1,2.6,8.0,1024.5,1.6,0.0,33.2,30029.28,31812.1
2024-01-27,8.5,-0.4,3.7,1031.1,0.0,0.0,18.7,22916.72,31997.71
2024-01-28,10.8,1.4,5.7,1021.4,0.0,0.0,13.7,29468.42,32185.6
2024-01-29,12.9,7.7,10.6,1020.3,0.0,0.0,23.7,20722.63,32375.53
2024-01-30,12.6,6.0,8.6,1025.0,0.0,0.0,27.9,0.0,32567.28
2024-01-31,11.0,3.2,7.3,1028.1,0.4,0.0,29.0,16270.46,32760.61
2024-02-01,10.8,2.3,6.2,1030.3,0.2,0.0,21.1,30517.08,32955.32
2024-02-02,12.6,3.0,9.1,1028.1,0.0,0.0,31.8,11186.49,33151.5
2024-02-03,12.8,10.3,11.3,1025.6,0.7,0.0,27.1,0.0,33351.09
2024-02-04,13.3,9.9,11.5,1023.1,0.1,0.0,35.4,2530.36,33554.25
2024-02-05,11.5,7.3,9.5,1018.5,0.0,0.0,37.2,2668.57,33760.68
2024-02-06,13.3,10.5,11.7,1007.6,5.8,0.0,38.7,6540.51,33970.14
2024-02-07,11.3,4.5,6.1,1003.4,12.3,0.0,30.3,9177.59,34182.33
2024-02-08,12.2,2.9,7.2,990.7,16.1,0.0,25.3,3180.42,34397.01
2024-02-09,12.6,9.3,10.5,976.1,7.0,0.0,32.8,19549.68,34613.92
2024-02-10,11.4,7.7,9.3,981.1,3.3,0.0,13.9,3020.38,34832.81
2024-02-11,10.5,4.5,7.2,988.2,7.3,0.0,19.5,28892.83,35053.45
2024-02-12,9.1,2.0,4.8,1003.0,0.0,0.0,16.3,33027.7,35275.61
2024-02-13,11.4,3.7,7.7,1009.9,2.6,0.0,27.6,0.0,35499.06
2024-02-14,13.9,10.7,12.1,1010.5,2.2,0.0,26.8,1232.95,35723.58
2024-02-15,16.6,10.5,13.0,1007.2,1.1,0.0,20.7,25530.53,35948.95
2024-02-16,12.9,6.9,10.6,1012.3,2.0,0.0,23.8,27062.43,36174.97
2024-02-17,13.3,5.6,9.8,1026.4,0.7,0.0,27.2,0.0,36401.43
2024-02-18,14.8,8.1,11.5,1023.2,13.2,0.0,27.2,25200.0,36628.13
2024-02-19,13.2,6.3,9.0,1027.5,2.2,0.0,21.5,19852.18,36854.88
2024-02-20,11.9,5.5,8.5,1024.6,0.1,0.0,30.0,0.0,37081.48
2024-02-21,11.9,8.8,9.9,1006.3,3.5,0.0,36.1,0.0,37307.76
2024-02-22,11.6,3.4,8.2,984.1,11.5,0.0,33.4,1005.05,37533.8
2024-02-23,8.5,1.9,4.8,984.6,2.0,0.35,23.5,28920.69,37761.56
2024-02-24,8.1,-1.6,2.9,992.7,1.6,0.0,8.7,28691.65,37991.23
2024-02-25,8.9,-0.2,4.4,994.0,2.9,0.0,33.0,22285.26,38222.62
2024-02-26,8.6,3.4,6.2,1005.8,1.4,0.0,43.7,26216.26,38455.55
2024-02-27,7.6,1.8,4.6,1018.8,0.5,0.0,15.0,7486.27,38689.82
2024-02-28,10.8,5.5,8.4,1015.4,1.3,0.0,25.1,0.0,38925.26
2024-02-29,10.9,5.9,9.3,1002.7,8.3,0.0,26.1,0.0,39161.67
2024-03-01,8.4,3.2,5.2,991.9,6.6,0.07,34.9,25631.74,39398.9
2024-03-02,8.0,1.6,5.1,989.9,2.2,0.0,27.0,33419.11,39636.77
2024-03-03,9.0,-1.0,3.8,1000.2,0.0,0.0,12.0,29166.87,39875.11
2024-03-04,11.2,-0.8,5.1,1006.9,1.0,0.0,23.3,23769.12,40113.76
2024-03-05,10.6,4.3,7.1,1010.2,1.9,0.0,21.8,21161.39,40352.54
2024-03-06,10.5,2.2,5.5,1019.1,0.0,0.0,9.7,25509.15,40591.31
2024-03-07,10.5,2.9,6.6,1018.7,0.3,0.0,25.6,36250.21,40829.9
2024-03-08,9.6,3.7,6.5,1005.7,0.0,0.0,28.0,37917.68,41068.14
2024-03-09,12.8,6.4,8.9,993.3,0.4,0.0,24.5,29094.2,41305.89
2024-03-10,9.1,7.3,8.0,993.2,8.5,0.0,17.9,0.0,41542.99
2024-03-11,10.4,6.6,8.0,1003.5,2.0,0.0,19.8,3330.74,41779.28
2024-03-12,13.5,6.4,9.9,1009.5,13.3,0.0,22.0,0.0,42014.61
2024-03-13,13.1,10.1,11.4,1010.5,0.5,0.0,31.4,0.0,42249.09
2024-03-14,16.3,8.3,11.5,1005.5,1.2,0.0,28.1,17498.0,42484.44
2024-03-15,14.3,9.8,11.8,1003.1,1.3,0.0,31.8,28800.0,42720.91
2024-03-16,13.3,5.1,9.2,1017.1,1.3,0.0,18.5,27709.91,42958.34
2024-03-17,15.3,9.3,11.4,1013.1,6.4,0.0,20.5,15765.16,43196.58
2024-03-18,14.6,7.6,10.7,1012.8,0.2,0.0,21.9,11383.15,43435.52
2024-03-19,12.4,9.8,11.1,1013.6,0.2,0.0,23.2,0.0,43674.99
2024-03-20,16.2,9.9,12.0,1016.3,0.8,0.0,12.8,21017.78,43914.87
2024-03-21,14.5,5.9,10.6,1022.5,0.0,0.0,22.1,8185.95,44155.02
2024-03-22,11.7,5.8,9.7,1016.2,0.4,0.0,19.7,8790.45,44395.28
2024-03-23,9.7,3.3,6.2,1010.1,1.7,0.42,32.0,43149.18,44635.53
2024-03-24,11.4,5.2,7.9,1008.1,0.0,0.0,32.3,41156.23,44875.63
2024-03-25,11.6,3.2,7.6,999.4,0.9,0.0,22.3,3489.65,45115.44
2024-03-26,13.7,6.2,9.3,986.2,10.9,0.0,25.3,17572.3,45354.8
2024-03-27,11.0,5.0,7.3,979.1,3.9,0.0,35.0,30483.36,45593.58
2024-03-28,10.4,4.5,7.9,975.8,10.2,0.0,44.7,28800.0,45831.64
2024-03-29,13.0,7.2,9.4,985.4,5.0,0.0,31.6,35462.29,46068.83
2024-03-30,14.1,3.7,8.7,992.9,0.0,0.0,14.2,39032.92,46305.0
2024-03-31,12.0,5.1,8.5,991.8,0.3,0.0,25.3,17720.48,46540.0
2024-04-01,13.5,6.7,9.6,992.0,6.0,0.0,21.8,43433.36,46773.67
2024-04-02,14.2,8.0,10.2,999.6,4.3,0.0,27.1,15276.27,47006.1
2024-04-03,14.0,9.6,11.4,998.4,0.7,0.0,35.3,16028.0,47238.95
2024-04-04,14.9,9.4,12.0,1000.9,3.5,0.0,32.8,30487.31,47472.42
2024-04-05,16.6,11.9,13.6,1002.2,5.5,0.0,37.7,29818.93,47706.37
2024-04-06,19.4,13.1,16.0,1000.6,0.1,0.0,36.1,39600.0,47940.67
2024-04-07,15.4,10.3,12.7,1006.1,0.0,0.0,44.7,43454.76,48175.19
2024-04-08,17.0,8.6,12.1,1002.7,1.7,0.0,22.0,25904.04,48409.77
2024-04-09,11.7,7.4,9.4,1004.8,0.5,0.0,40.3,24898.27,48644.29
2024-04-10,12.9,4.5,9.2,1023.3,1.7,0.0,32.2,11740.26,48878.58
2024-04-11,18.4,12.2,14.5,1026.5,0.4,0.0,24.2,17000.55,49112.5
2024-04-12,19.4,9.8,14.0,1026.7,0.0,0.0,26.2,40307.9,49345.91
2024-04-13,18.7,10.5,14.2,1020.7,0.0,0.0,23.8,43200.0,49578.64
2024-04-14,13.8,7.8,10.6,1020.5,0.0,0.0,19.7,24075.83,49810.54
2024-04-15,11.5,6.6,8.5,1006.8,4.6,0.0,38.4,29119.59,50041.44
2024-04-16,13.0,5.5,8.9,1010.2,4.6,0.14,32.1,48345.44,50271.19
2024-04-17,11.2,4.3,7.3,1013.9,0.5,0.0,23.2,48990.42,50499.59
2024-04-18,12.7,3.2,8.3,1019.5,0.9,0.0,21.0,34237.57,50726.48
2024-04-19,13.6,7.6,10.0,1016.0,1.2,0.0,28.8,19200.07,50951.69
2024-04-20,10.2,3.2,6.9,1025.9,0.2,0.0,24.2,35891.27,51175.01
2024-04-21,10.6,3.7,7.4,1027.9,0.0,0.0,26.9,39859.58,51396.26
2024-04-22,8.2,3.0,6.1,1026.4,1.0,0.0,12.2,7945.16,51615.51
2024-04-23,10.9,6.0,7.7,1021.0,1.5,0.0,21.7,8824.29,51834.35
2024-04-24,9.2,2.4,6.8,1014.9,0.0,0.0,21.1,30593.69,52052.99
2024-04-25,12.0,1.3,7.1,1003.5,4.2,0.0,18.0,28854.84,52271.26
2024-04-26,11.9,2.0,7.3,1001.7,0.0,0.0,13.1,35380.07,52489.03
2024-04-27,12.2,6.6,8.9,1001.1,7.5,0.0,22.8,258.92,52706.1
2024-04-28,11.4,6.6,8.3,1002.2,14.0,0.0,27.1,14400.0,52922.32
2024-04-29,14.7,5.8,10.3,1013.2,0.3,0.0,27.7,47780.71,53137.52
2024-04-30,17.4,7.3,12.5,1009.7,0.4,0.0,25.2,50400.0,53351.5
2024-05-01,19.2,8.0,13.8,1005.5,0.1,0.0,12.8,42562.32,53564.1
2024-05-02,19.6,10.6,13.8,999.7,2.5,0.0,22.4,24645.0,53775.11
2024-05-03,12.7,9.2,10.6,1006.7,9.0,0.0,24.7,327.99,53984.34
2024-05-04,15.4,6.8,11.4,1009.1,2.7,0.0,13.1,50400.0,54191.6
2024-05-05,16.5,6.1,11.5,1006.2,0.3,0.0,17.8,27838.49,54396.67
2024-05-06,15.2,7.8,11.6,1006.2,9.7,0.0,15.8,7851.06,54599.34
2024-05-07,19.1,8.7,13.7,1019.1,0.5,0.0,15.0,50639.36,54799.39
2024-05-08,19.5,8.0,13.2,1026.9,0.0,0.0,9.9,45611.39,54996.58
2024-05-09,21.9,9.2,15.2,1024.9,0.0,0.0,11.4,50547.36,55190.71
2024-05-10,22.1,10.0,15.4,1021.9,0.0,0.0,17.4,51173.81,55381.51
2024-05-11,21.0,9.3,15.1,1019.0,0.0,0.0,20.9,51507.69,55568.75
2024-05-12,24.8,12.0,17.6,1011.2,0.0,0.0,19.5,49514.89,55752.41
2024-05-13,18.1,10.9,15.1,1005.6,0.3,0.0,27.1,35812.92,55933.96
2024-05-14,16.9,13.5,14.7,999.7,6.6,0.0,21.0,3849.07,56113.53
2024-05-15,19.5,11.4,15.0,1002.7,0.6,0.0,14.7,39260.09,56290.97
2024-05-16,17.3,9.5,13.7,1003.5,2.1,0.0,10.0,13916.59,56466.08
2024-05-17,19.8,9.1,15.1,1007.6,0.2,0.0,7.9,50049.21,56638.68
2024-05-18,19.3,11.3,15.3,1011.0,1.6,0.0,13.8,31955.41,56808.57
2024-05-19,21.4,8.6,15.3,1012.2,0.2,0.0,19.3,41635.77,56975.57
2024-05-20,20.1,8.8,14.4,1011.9,0.1,0.0,16.2,54247.04,57139.49
2024-05-21,16.0,9.8,13.1,1007.7,8.4,0.0,12.9,0.0,57300.1
2024-05-22,15.1,12.5,13.6,1005.2,14.3,0.0,22.4,535.62,57457.21
2024-05-23,17.5,11.3,14.1,1011.2,0.0,0.0,22.7,54082.26,57610.59
2024-05-24,17.5,7.3,13.0,1016.6,0.0,0.0,12.9,51307.45,57760.05
2024-05-25,19.9,8.9,14.6,1014.9,0.1,0.0,15.4,53878.45,57905.35
2024-05-26,18.5,12.1,15.0,1009.9,5.4,0.0,27.9,46334.33,58046.28
2024-05-27,16.6,9.5,12.9,1013.1,0.8,0.0,19.9,53073.51,58182.59
2024-05-28,18.4,9.7,14.0,1010.6,4.0,0.0,32.0,11409.76,58314.08
2024-05-29,19.2,11.9,15.5,1006.8,0.5,0.0,24.0,55777.92,58440.51
2024-05-30,17.5,11.1,13.8,1008.4,3.4,0.0,22.9,23611.81,58561.62
2024-05-31,15.4,11.5,13.3,1016.5,1.1,0.0,37.8,8522.96,58677.21
2024-06-01,16.5,8.9,13.2,1023.0,0.0,0.0,27.8,18583.08,58787.17
2024-06-02,21.6,7.9,15.2,1024.7,0.0,0.0,14.9,57600.0,58892.41
2024-06-03,19.6,10.5,16.1,1019.4,0.3,0.0,12.6,25475.01,58993.04
2024-06-04,19.6,12.3,15.7,1010.0,3.7,0.0,23.4,19115.01,59088.93
2024-06-05,15.5,6.3,12.2,1012.0,0.0,0.0,20.9,50694.71,59179.97
2024-06-06,16.7,8.6,13.0,1015.2,0.1,0.0,15.3,55464.08,59266.05
2024-06-07,18.1,7.4,13.7,1016.3,0.1,0.0,20.9,47177.81,59347.04
2024-06-08,17.7,9.6,14.0,1011.7,0.6,0.0,19.8,49491.7,59422.85
2024-06-09,16.9,6.3,12.6,1011.1,0.0,0.0,22.3,34366.69,59493.38
2024-06-10,14.6,8.6,12.0,1009.1,8.0,0.0,29.5,46800.0,59558.5
2024-06-11,15.2,6.6,11.1,1016.4,2.0,0.0,14.1,48662.02,59618.12
2024-06-12,15.9,7.5,12.1,1018.8,1.0,0.0,12.1,55464.14,59672.14
2024-06-13,15.9,7.1,12.3,1011.5,1.6,0.0,26.2,20280.75,59720.46
2024-06-14,18.1,12.2,14.9,999.4,2.4,0.0,28.7,50400.0,59762.98
2024-06-15,17.3,9.6,13.4,997.3,2.6,0.0,34.8,49589.63,59799.63
2024-06-16,19.8,10.6,15.0,1000.4,0.1,0.0,23.3,55320.25,59830.3
2024-06-17,20.7,9.9,15.8,1008.0,0.0,0.0,17.1,53828.97,59854.9
2024-06-18,21.0,11.5,16.4,1012.1,0.3,0.0,15.5,56199.89,59873.38
2024-06-19,19.7,11.4,15.2,1018.8,0.0,0.0,22.9,46510.47,59885.65
2024-06-20,21.2,8.1,15.4,1018.4,0.0,0.0,13.1,57600.0,59891.64
2024-06-21,23.0,10.3,17.0,1011.8,0.1,0.0,25.5,54812.01,59891.28
2024-06-22,21.8,13.6,17.4,1010.8,1.6,0.0,17.3,46236.44,59884.5
2024-06-23,23.0,10.7,17.8,1017.4,0.0,0.0,10.8,42485.08,59871.37
2024-06-24,26.3,14.0,20.5,1017.3,0.0,0.0,14.3,57600.0,59851.98
2024-06-25,28.0,12.9,20.8,1014.1,0.0,0.0,18.1,57600.0,59826.4
2024-06-26,27.9,14.3,21.6,1010.3,0.0,0.0,18.4,57600.0,59794.73
2024-06-27,23.2,15.0,19.6,1007.1,0.0,0.0,26.0,47561.03,59757.08
2024-06-28,21.6,12.1,16.8,1013.4,0.0,0.0,25.9,53001.9,59713.54
2024-06-29,22.8,10.2,17.5,1012.2,0.0,0.0,7.6,48491.12,59664.21
2024-06-30,19.9,15.5,17.1,1010.9,0.3,0.0,17.7,15175.79,59609.21
2024-07-01,19.4,12.7,16.5,1015.7,0.1,0.0,20.5,16381.34,59548.65
2024-07-02,17.6,12.8,15.4,1016.0,0.1,0.0,20.0,10094.09,59482.64
2024-07-03,18.5,12.7,15.3,1007.4,1.6,0.0,21.6,0.0,59411.3
2024-07-04,19.7,12.3,15.9,1007.1,0.4,0.0,30.8,48994.25,59334.74
2024-07-05,21.0,13.4,16.2,1004.3,22.0,0.0,28.7,7906.53,59253.1
2024-07-06,16.7,11.7,14.7,999.9,10.3,0.0,29.7,49410.76,59166.48
2024-07-07,17.6,10.1,13.5,1007.9,12.3,0.0,24.7,47478.21,59075.01
2024-07-08,18.5,8.9,14.6,1013.0,4.6,0.0,16.2,24515.32,58978.82
2024-07-09,19.9,14.7,17.0,1008.6,18.3,0.0,20.4,1336.03,58878.04
2024-07-10,20.5,14.6,17.7,1010.2,0.2,0.0,28.0,47081.34,58772.79
2024-07-11,21.4,11.7,16.9,1015.1,0.3,0.0,18.9,52388.23,58663.03
2024-07-12,17.7,13.1,14.9,1014.9,0.0,0.0,19.2,12497.41,58547.76
2024-07-13,18.4,11.0,14.7,1012.2,0.6,0.0,14.3,37564.0,58427.01
2024-07-14,20.9,10.1,16.0,1010.2,0.1,0.0,16.0,51447.24,58301.01
2024-07-15,21.5,10.9,16.3,1006.7,7.0,0.0,18.9,27882.63,58169.99
2024-07-16,20.8,13.9,17.4,1007.3,1.4,0.0,19.5,50079.96,58034.2
2024-07-17,22.4,11.7,17.6,1018.0,0.0,0.0,14.3,45999.48,57893.86
2024-07-18,26.3,12.1,19.3,1018.7,0.0,0.0,17.6,54730.0,57749.21
2024-07-19,29.5,14.5,22.3,1014.4,0.0,0.0,14.8,56493.28,57600.48
2024-07-20,24.0,15.7,19.9,1006.7,0.1,0.0,19.8,39618.84,57447.88
2024-07-21,21.9,16.5,19.1,1008.2,0.0,0.0,15.5,36259.19,57291.64
2024-07-22,23.3,12.8,18.4,1012.6,0.4,0.0,30.6,44300.11,57131.97
2024-07-23,23.1,16.7,19.3,1015.6,2.1,0.0,20.2,42299.8,56969.09
2024-07-24,23.4,13.9,18.7,1018.4,0.5,0.0,21.4,46929.09,56803.2
2024-07-25,20.3,15.8,17.9,1009.8,2.3,0.0,26.5,0.0,56634.5
2024-07-26,21.9,13.0,17.9,1008.9,0.0,0.0,18.2,51913.02,56463.19
2024-07-27,22.1,12.7,17.5,1012.9,0.0,0.0,14.7,52458.05,56289.48
2024-07-28,24.7,11.4,18.4,1022.5,0.0,0.0,14.9,53786.42,56113.53
2024-07-29,27.0,12.9,20.4,1019.3,0.0,0.0,16.0,53019.58,55935.53
2024-07-30,29.2,15.1,22.2,1014.9,0.0,0.0,16.2,53092.65,55755.68
2024-07-31,26.5,17.7,21.4,1013.0,0.3,0.0,21.3,51994.32,55573.9
2024-08-01,27.1,17.2,21.5,1010.8,7.7,0.0,13.1,48684.41,55388.73
2024-08-02,26.1,16.8,21.1,1010.0,1.5,0.0,19.5,50400.0,55200.07
2024-08-03,24.0,17.0,20.2,1009.3,0.8,0.0,21.2,33190.01,55008.18
2024-08-04,22.4,12.4,17.3,1013.2,0.0,0.0,17.2,26720.64,54813.29
2024-08-05,24.6,13.7,19.1,1010.8,0.0,0.0,20.7,49320.51,54615.62
2024-08-06,21.9,15.5,18.9,1007.6,2.2,0.0,22.4,19902.86,54415.39
2024-08-07,21.6,11.6,17.1,1010.4,0.0,0.0,24.0,24109.77,54212.82
2024-08-08,21.0,12.4,17.6,1011.9,0.1,0.0,33.8,18902.64,54008.11
2024-08-09,24.1,16.3,20.4,1011.8,0.0,0.0,26.5,44452.06,53801.48
2024-08-10,23.6,14.0,19.0,1017.6,0.0,0.0,24.8,27678.82,53593.12
2024-08-11,27.2,15.3,20.9,1017.8,0.0,0.0,21.4,49081.81,53383.22
2024-08-12,31.3,18.3,24.3,1007.1,0.0,0.0,20.0,50400.0,53171.97
2024-08-13,25.5,13.7,19.7,1007.6,0.0,0.0,19.4,49651.85,52959.55
2024-08-14,24.1,16.5,19.9,1011.4,0.6,0.0,11.3,18702.04,52746.13
2024-08-15,23.1,13.4,18.7,1012.7,0.1,0.0,33.9,26064.9,52531.9
2024-08-16,23.4,15.9,19.5,1012.6,1.2,0.0,20.5,47283.73,52317.0
2024-08-17,22.2,11.3,17.2,1011.7,0.0,0.0,12.1,50400.0,52101.61
2024-08-18,25.0,12.3,18.3,1012.3,0.0,0.0,17.3,49528.81,51885.88
2024-08-19,21.3,11.2,16.9,1013.7,1.7,0.0,30.5,30650.71,51669.98
2024-08-20,22.4,14.8,19.0,1007.9,0.3,0.0,25.1,46038.07,51453.8
2024-08-21,20.0,11.4,16.1,1014.7,0.1,0.0,24.8,26444.71,51235.78
2024-08-22,19.8,15.3,17.6,1005.3,0.7,0.0,40.2,3317.43,51015.76
2024-08-23,21.9,15.8,18.8,1002.1,0.9,0.0,37.4,39595.45,50793.96
2024-08-24,17.6,13.0,15.6,1003.5,11.4,0.0,19.8,10679.44,50570.51
2024-08-25,19.6,10.0,15.0,1015.7,0.0,0.0,30.9,40043.45,50345.61
2024-08-26,22.1,13.9,17.6,1017.1,0.0,0.0,22.3,49423.92,50119.42
2024-08-27,23.8,14.4,18.5,1016.2,0.0,0.0,22.2,48241.56,49892.1
2024-08-28,27.1,12.6,20.0,1011.5,0.0,0.0,17.8,42267.94,49663.82
2024-08-29,21.8,12.4,17.1,1016.0,0.0,0.0,18.4,47515.97,49434.72
2024-08-30,22.1,10.8,16.3,1020.9,0.0,0.0,18.3,37274.44,49204.96
2024-08-31,20.8,13.1,17.0,1020.5,0.0,0.0,29.4,9537.18,48974.69
2024-09-01,26.8,16.0,20.6,1012.1,0.0,0.0,22.0,44517.17,48744.06
2024-09-02,23.0,17.5,19.6,1008.5,1.4,0.0,22.6,8129.91,48513.19
2024-09-03,21.8,14.7,18.3,1010.6,2.9,0.0,16.1,40728.94,48282.24
2024-09-04,19.0,13.5,16.3,1014.7,0.5,0.0,13.2,42337.71,48051.33
2024-09-05,21.3,13.7,17.2,1010.6,9.3,0.0,34.2,5418.13,47820.62
2024-09-06,23.0,15.4,18.2,1008.1,9.4,0.0,19.2,13668.69,47590.21
2024-09-07,21.0,12.7,16.5,1007.8,6.2,0.0,11.0,13094.65,47360.25
2024-09-08,19.5,13.7,16.1,1002.3,8.8,0.0,13.7,39600.0,47130.85
2024-09-09,17.6,12.6,15.2,1007.6,0.0,0.0,26.3,11829.54,46901.93
2024-09-10,18.4,10.6,14.2,1006.9,2.2,0.0,32.2,2545.66,46671.92
2024-09-11,15.5,8.0,11.2,1007.2,3.9,0.0,30.1,43200.0,46440.65
2024-09-12,14.3,6.4,9.8,1014.2,2.6,0.0,17.1,33562.7,46208.25
2024-09-13,15.8,5.6,10.7,1026.0,0.0,0.0,10.8,43200.0,45974.87
2024-09-14,18.7,4.7,11.7,1028.6,0.0,0.0,15.8,43200.0,45740.65
2024-09-15,19.2,8.0,13.5,1025.3,1.5,0.0,17.8,30471.87,45505.73
2024-09-16,19.8,11.3,15.1,1026.4,0.0,0.0,15.7,43200.0,45270.23
2024-09-17,20.5,9.7,14.7,1028.7,0.0,0.0,22.4,43200.0,45034.3
2024-09-18,23.0,12.9,17.5,1026.1,0.0,0.0,26.2,40395.99,44798.07
2024-09-19,24.0,14.7,18.4,1022.7,0.1,0.0,26.1,41740.98,44561.67
2024-09-20,22.3,13.5,17.4,1019.0,4.3,0.0,24.1,29929.63,44325.24
2024-09-21,23.0,14.9,18.3,1015.5,0.4,0.0,15.5,42893.42,44088.89
2024-09-22,20.5,15.1,17.3,1010.2,18.8,0.0,17.0,27670.75,43852.76
2024-09-23,18.0,14.7,15.7,1002.2,48.7,0.0,23.7,11081.52,43616.99
2024-09-24,16.4,11.8,14.6,1001.3,5.5,0.0,18.0,11370.8,43381.69
2024-09-25,17.0,10.6,13.6,997.1,10.0,0.0,21.9,17278.95,43147.01
2024-09-26,16.2,11.9,13.8,985.0,13.1,0.0,29.9,30863.09,42913.07
2024-09-27,12.8,7.5,10.7,998.5,2.9,0.0,29.3,12903.74,42679.99
2024-09-28,13.6,4.4,9.2,1021.0,0.0,0.0,15.8,34264.85,42447.93
2024-09-29,14.6,6.1,10.9,1018.3,5.1,0.0,27.6,18783.59,42216.75
2024-09-30,16.1,11.8,13.9,1000.3,11.7,0.0,32.4,5265.29,41984.83
2024-10-01,14.3,10.6,12.4,1005.2,12.7,0.0,27.5,8064.73,41751.97
2024-10-02,17.1,11.1,13.8,1011.1,1.0,0.0,26.8,28641.76,41518.3
2024-10-03,15.4,8.0,11.5,1019.2,0.0,0.0,18.3,38264.74,41283.98
2024-10-04,16.0,5.7,10.3,1019.4,0.0,0.0,11.1,32055.17,41049.16
2024-10-05,16.7,6.1,11.6,1013.3,0.0,0.0,18.6,33612.89,40813.98
2024-10-06,15.5,11.6,13.7,998.9,4.0,0.0,23.7,11517.1,40578.59
2024-10-07,17.4,11.5,14.1,995.7,10.2,0.0,20.7,38111.56,40343.14
2024-10-08,17.1,12.1,14.1,990.8,4.3,0.0,27.0,28800.0,40107.77
2024-10-09,16.4,12.5,13.8,985.2,2.1,0.0,22.1,29502.77,39872.65
2024-10-10,12.5,4.2,9.6,1002.6,3.4,0.0,21.5,14948.91,39637.93
2024-10-11,12.0,1.9,7.0,1014.4,0.0,0.0,12.1,37200.85,39403.77
2024-10-12,14.8,8.0,10.6,1006.8,3.4,0.0,21.9,16413.22,39170.33
2024-10-13,10.7,4.8,7.9,1015.7,0.0,0.0,21.6,17017.01,38937.75
2024-10-14,13.1,7.4,10.2,1013.3,14.1,0.0,24.6,7989.77,38706.22
2024-10-15,16.8,9.8,13.1,1012.1,0.2,0.0,19.7,1970.6,38475.91
2024-10-16,21.4,14.4,17.2,1000.9,6.2,0.0,24.6,32191.58,38246.97
2024-10-17,17.4,9.4,14.8,1007.1,2.7,0.0,17.2,23476.5,38019.6
2024-10-18,16.2,8.2,11.3,1012.3,0.6,0.0,18.5,24689.92,37793.97
2024-10-19,16.4,9.9,13.7,1009.3,7.3,0.0,21.1,24545.66,37569.99
2024-10-20,17.4,10.6,13.9,1009.1,3.6,0.0,36.7,62.28,37345.81
2024-10-21,14.2,9.9,12.5,1018.3,1.7,0.0,23.7,0.0,37121.22
2024-10-22,15.8,8.2,11.2,1025.7,0.2,0.0,23.3,34215.06,36896.39
2024-10-23,16.2,7.9,11.4,1029.2,0.2,0.0,15.5,34478.53,36671.52
2024-10-24,16.7,9.6,12.5,1018.1,0.0,0.0,17.5,34943.08,36446.79
2024-10-25,17.6,10.6,13.9,1011.9,4.2,0.0,15.9,13908.21,36222.38
2024-10-26,16.0,8.4,11.6,1014.2,0.0,0.0,11.3,15226.34,35998.5
2024-10-27,14.2,6.0,10.1,1019.4,0.0,0.0,15.3,32400.0,35775.33
2024-10-28,15.8,10.8,13.4,1019.8,0.5,0.0,24.8,7200.0,35553.1
2024-10-29,15.6,11.7,14.0,1022.2,0.6,0.0,11.5,10787.3,35332.0
2024-10-30,14.4,7.4,10.7,1027.0,0.0,0.0,9.2,21882.96,35112.25
2024-10-31,14.2,6.5,9.6,1025.6,0.0,0.0,8.0,15418.24,34894.06
2024-11-01,12.7,7.2,10.1,1023.4,0.0,0.0,12.6,15168.68,34677.68
2024-11-02,14.4,10.3,12.2,1028.1,0.1,0.0,13.4,0.0,34463.33
2024-11-03,13.6,10.9,12.0,1026.8,0.0,0.0,14.2,1098.29,34251.24
2024-11-04,12.7,9.4,10.9,1023.9,0.0,0.0,11.0,8162.58,34041.67
2024-11-05,13.2,9.3,10.8,1021.4,0.0,0.0,8.5,18500.78,33834.85
2024-11-06,12.3,9.6,10.8,1028.3,0.0,0.0,6.8,536.17,33631.07
2024-11-07,12.6,9.8,10.9,1028.8,0.0,0.0,13.5,4472.84,33430.57
2024-11-08,10.3,7.6,8.8,1024.2,0.2,0.0,14.1,0.0,33233.33
2024-11-09,9.2,6.7,7.9,1022.4,0.0,0.0,5.5,7173.36,33037.42
2024-11-10,11.3,4.2,8.4,1026.0,0.0,0.0,11.2,6660.57,32842.6
2024-11-11,11.3,5.8,9.0,1032.6,0.0,0.0,14.7,26703.49,32649.1
2024-11-12,12.2,5.7,8.7,1033.6,0.0,0.0,28.9,27053.78,32457.15
2024-11-13,11.2,6.6,8.7,1033.2,0.0,0.0,11.9,28800.0,32266.99
2024-11-14,11.5,6.8,9.4,1029.8,0.5,0.0,11.3,13193.94,32078.83
2024-11-15,9.8,6.6,8.2,1025.9,0.0,0.0,7.8,26902.61,31892.92
2024-11-16,10.6,3.9,7.4,1017.4,0.6,0.0,11.4,246.84,31709.51
2024-11-17,9.8,6.9,8.2,1012.9,0.5,0.0,14.3,23757.27,31528.85
2024-11-18,7.8,5.3,7.1,1008.2,9.2,0.0,13.1,11959.94,31351.2
2024-11-19,11.1,1.3,4.5,996.3,11.1,0.98,20.4,0.0,31176.84
2024-11-20,4.8,-0.2,1.5,1007.0,0.0,0.0,16.5,28693.15,31006.02
2024-11-21,3.0,-0.5,0.5,1000.4,0.0,0.0,12.7,7306.18,30839.04
2024-11-22,6.3,0.4,3.0,1005.4,1.5,1.05,18.7,28556.69,30676.17
2024-11-23,14.1,1.2,8.2,1002.4,9.7,0.0,32.2,0.0,30517.7
2024-11-24,17.3,13.3,16.0,993.5,9.0,0.0,32.8,6981.8,30363.94
2024-11-25,12.1,7.1,10.2,999.2,1.7,0.0,17.8,28162.11,30215.17
2024-11-26,9.3,5.3,6.9,1012.8,0.1,0.0,12.0,28319.54,30071.71
2024-11-27,8.3,2.9,6.0,1010.9,18.5,0.0,18.9,2098.38,29933.86
2024-11-28,4.7,0.5,2.4,1025.7,0.0,0.0,8.4,28220.89,29801.69
2024-11-29,9.5,3.3,6.1,1024.5,0.0,0.0,11.6,28176.42,29673.7
2024-11-30,13.7,7.7,11.3,1021.4,0.0,0.0,12.0,12157.46,29549.71
2024-12-01,13.2,10.7,11.7,1012.8,2.2,0.0,16.9,3158.37,29429.9
2024-12-02,11.7,7.7,9.1,1011.0,0.4,0.0,17.5,28061.7,29314.45
2024-12-03,7.6,4.1,5.8,1020.4,0.0,0.0,9.4,14609.33,29203.54
2024-12-04,9.4,2.6,6.0,1022.6,0.7,0.0,18.3,12606.83,29097.36
2024-12-05,14.1,9.3,11.8,1006.6,8.5,0.0,29.3,3259.25,28996.08
2024-12-06,10.4,6.4,8.0,1011.3,0.3,0.0,26.7,25200.0,28899.87
2024-12-07,12.5,6.1,8.2,992.2,6.2,0.0,30.7,0.0,28808.94
2024-12-08,7.7,6.6,7.1,1013.1,8.1,0.0,28.5,0.0,28723.45
2024-12-09,7.8,7.0,7.4,1027.9,0.1,0.0,22.0,3318.12,28643.59
2024-12-10,7.0,6.1,6.8,1030.3,0.1,0.0,18.8,0.0,28569.54
2024-12-11,6.7,5.9,6.2,1030.4,0.1,0.0,15.0,0.0,28501.48
2024-12-12,7.2,5.3,6.4,1029.3,0.2,0.0,9.3,0.0,28439.57
2024-12-13,6.6,3.8,5.2,1024.0,0.1,0.0,6.8,212.34,28384.0
2024-12-14,7.7,3.8,5.3,1020.7,0.3,0.0,12.1,19341.11,28334.93
2024-12-15,11.6,4.9,8.8,1025.6,0.0,0.0,17.6,8634.47,28292.53
2024-12-16,11.1,8.2,10.2,1028.9,0.2,0.0,17.8,17012.88,28256.97
2024-12-17,10.6,5.2,8.3,1022.4,0.0,0.0,17.1,3600.0,28228.4
2024-12-18,13.9,10.3,12.6,1005.1,3.8,0.0,28.8,14400.0,28206.91
2024-12-19,12.5,4.5,6.9,1004.6,3.0,0.0,27.8,27373.1,28192.22
2024-12-20,8.3,2.5,5.4,1017.0,0.7,0.0,15.6,17951.29,28184.2
2024-12-21,12.3,4.7,8.1,1009.7,2.3,0.0,23.3,1104.2,28182.8
2024-12-22,7.8,4.3,5.7,1004.3,1.8,0.14,24.6,17046.97,28187.99
2024-12-23,6.0,4.1,5.2,1020.0,1.7,0.0,21.0,12287.25,28199.67
2024-12-24,12.2,6.1,9.3,1023.8,0.0,0.0,12.1,3600.0,28217.81
2024-12-25,10.2,8.8,9.3,1030.8,0.0,0.0,9.9,0.0,28242.32
2024-12-26,8.8,6.8,7.4,1033.0,0.0,0.0,4.4,5833.25,28273.13
2024-12-27,7.8,6.1,6.5,1031.2,0.0,0.0,3.5,0.0,28310.17
2024-12-28,6.4,4.8,5.4,1027.4,0.0,0.0,8.3,0.0,28353.33
2024-12-29,7.2,4.8,5.7,1027.8,0.0,0.0,11.4,8283.15,28402.56
2024-12-30,8.9,6.4,7.3,1026.0,0.0,0.0,16.4,14034.04,28457.74
2024-12-31,11.1,7.5,9.4,1019.0,0.0,0.0,24.7,13023.57,28518.79
2025-01-01,11.8,5.3,9.0,1006.7,10.5,0.0,30.6,0.0,28585.6
2025-01-02,4.4,-0.4,2.1,1015.8,0.0,0.0,9.2,27856.54,28658.08
2025-01-03,3.4,-1.3,0.3,1021.8,0.0,0.0,10.6,27936.71,28736.13
2025-01-04,3.2,-1.7,0.7,1014.1,1.8,0.77,15.5,0.0,28819.64
2025-01-05,12.6,0.7,7.7,987.6,23.5,3.57,24.9,0.0,28908.5
2025-01-06,12.0,2.5,7.3,980.2,7.4,0.0,31.6,8952.84,29002.6
2025-01-07,4.9,0.7,2.4,996.6,0.1,0.07,13.3,25200.0,29102.01
2025-01-08,1.8,-0.8,0.6,999.9,3.0,1.12,11.2,3229.45,29207.85
2025-01-09,3.0,-0.9,1.0,1005.6,0.6,0.07,11.7,28190.32,29320.08
2025-01-10,1.4,-2.0,-0.7,1017.9,0.0,0.0,7.6,22068.32,29438.42
2025-01-11,1.6,-3.8,-2.2,1027.8,0.0,0.0,4.8,28267.25,29562.59
2025-01-12,3.2,-4.5,-0.7,1037.7,0.0,0.0,8.6,9047.71,29692.32
2025-01-13,5.9,1.5,3.3,1037.6,0.0,0.0,11.0,25770.68,29827.33
2025-01-14,8.8,2.5,5.2,1033.3,0.0,0.0,11.8,26644.74,29967.34
2025-01-15,10.0,7.6,8.6,1032.4,0.0,0.0,7.0,0.0,30112.08
2025-01-16,9.6,6.0,7.4,1032.6,0.0,0.0,10.8,14478.69,30261.29
2025-01-17,6.5,3.6,5.3,1033.6,0.0,0.0,8.1,11491.7,30414.71
2025-01-18,3.4,2.2,2.6,1028.3,0.0,0.0,7.5,1227.6,30572.07
2025-01-19,3.4,1.8,2.5,1019.6,0.2,0.0,8.5,0.0,30733.12
2025-01-20,6.0,2.2,3.5,1016.6,0.1,0.0,8.6,4581.44,30897.62
2025-01-21,4.9,-1.0,2.3,1012.3,0.0,0.0,7.3,2346.77,31065.32
2025-01-22,4.3,2.3,3.2,1002.9,1.0,0.0,9.2,0.0,31235.98
2025-01-23,8.2,1.5,4.6,1000.9,4.7,0.0,23.2,7234.55,31409.37
2025-01-24,10.8,6.5,8.9,994.6,3.8,0.0,33.5,7037.26,31585.27
2025-01-25,8.0,2.7,5.4,1002.1,2.1,0.0,12.8,24565.92,31763.44
2025-01-26,8.9,1.6,4.8,994.8,8.3,0.0,30.2,0.0,31943.68
2025-01-27,9.4,6.8,7.6,979.3,9.0,0.0,28.3,25804.72,32126.07
2025-01-28,9.5,7.3,8.4,980.9,4.0,0.0,24.8,11964.07,32312.47
2025-01-29,7.8,4.0,6.0,1000.4,0.2,0.0,16.3,10882.34,32503.02
2025-01-30,7.5,1.9,4.6,1016.9,0.0,0.0,13.2,30603.43,32697.42
2025-01-31,8.0,2.1,5.2,1022.6,3.5,0.0,17.7,7949.42,32895.36
2025-02-01,6.9,2.8,5.2,1027.1,0.0,0.0,10.6,2522.06,33096.56
2025-02-02,7.5,-0.4,3.4,1021.3,0.0,0.0,9.6,31575.97,33300.76
2025-02-03,7.8,-1.2,4.1,1022.9,0.0,0.0,11.3,1329.02,33507.67
2025-02-04,10.1,6.1,8.2,1021.1,0.2,0.0,20.7,5118.21,33717.04
2025-02-05,9.1,2.5,5.9,1034.8,0.0,0.0,11.8,25200.0,33928.61
2025-02-06,7.3,0.7,3.9,1040.1,0.0,0.0,16.4,32136.97,34142.13
2025-02-07,4.0,2.6,3.4,1024.4,4.6,0.07,22.7,3322.9,34357.36
2025-02-08,6.2,3.4,4.7,1016.1,2.2,0.0,14.1,0.0,34574.06
2025-02-09,5.8,1.3,3.4,1025.4,1.0,0.0,14.7,0.0,34792.0
2025-02-10,4.6,2.5,3.6,1022.5,3.5,0.0,17.3,0.0,35010.96
2025-02-11,5.0,2.6,3.7,1016.8,0.0,0.0,11.2,0.0,35230.72
2025-02-12,6.0,3.2,4.4,1017.5,0.2,0.0,9.6,5256.91,35451.08
2025-02-13,4.7,2.4,3.4,1021.4,0.2,0.0,11.0,1084.71,35671.81
2025-02-14,4.9,0.9,2.5,1023.2,0.0,0.0,14.4,31431.02,35892.74
2025-02-15,5.6,1.8,3.2,1018.8,0.9,0.0,10.1,0.0,36113.64
2025-02-16,4.3,2.0,2.8,1018.5,0.0,0.0,17.1,11974.16,36334.65
2025-02-17,5.1,-0.5,1.7,1020.4,0.0,0.0,12.4,35049.25,36557.7
2025-02-18,6.3,-0.1,2.4,1019.0,0.0,0.0,12.2,35167.46,36783.02
2025-02-19,7.8,1.4,4.5,1014.4,0.0,0.0,10.8,14218.51,37010.38
2025-02-20,12.8,7.9,11.0,1012.5,3.1,0.0,23.5,0.0,37239.58
2025-02-21,15.0,11.1,12.7,1008.7,5.3,0.0,21.5,22559.92,37470.4
2025-02-22,12.9,7.9,10.4,1010.7,6.1,0.0,12.1,16068.41,37702.64
2025-02-23,10.8,6.6,9.0,1018.4,1.4,0.0,25.2,10583.99,37936.11
2025-02-24,12.5,7.7,10.5,1009.7,13.8,0.0,25.7,18878.62,38170.62
2025-02-25,10.4,5.4,8.1,1011.6,0.8,0.0,12.0,25490.23,38405.98
2025-02-26,7.8,3.2,5.5,1011.7,5.8,0.0,23.9,10345.09,38642.01
2025-02-27,9.2,3.2,5.6,1017.0,0.0,0.0,15.9,36530.9,38878.52
2025-02-28,8.8,0.9,4.7,1026.9,0.0,0.0,7.4,36501.08,39115.35
2025-03-01,8.8,0.1,4.0,1032.1,0.0,0.0,7.5,36426.41,39352.31
2025-03-02,8.7,-1.3,3.6,1032.7,0.0,0.0,6.3,32681.7,39589.24
2025-03-03,10.3,-0.8,4.3,1028.1,0.0,0.0,5.0,38223.63,39825.97
2025-03-04,10.9,0.8,5.3,1024.6,0.0,0.0,9.8,38470.43,40062.33
2025-03-05,12.9,1.0,6.4,1020.5,0.0,0.0,8.4,38575.75,40298.15
2025-03-06,15.8,4.6,9.4,1012.8,0.0,0.0,12.3,36000.0,40533.28
2025-03-07,16.0,9.7,12.2,1010.0,0.0,0.0,12.8,37989.8,40767.55
2025-03-08,15.8,7.0,11.2,1006.6,0.0,0.0,11.2,38888.3,41001.08
2025-03-09,16.2,7.1,10.9,1001.4,0.0,0.0,11.0,38991.88,41235.63
2025-03-10,13.8,6.9,9.2,1001.4,0.4,0.0,14.7,15578.2,41471.46
2025-03-11,8.2,4.2,6.5,1005.5,0.4,0.0,17.2,21724.01,41708.39
2025-03-12,7.4,2.1,4.4,1001.7,4.0,1.47,10.3,37270.03,41946.29
2025-03-13,7.1,1.5,3.7,1001.8,0.7,0.0,16.0,19871.11,42184.99
2025-03-14,7.9,0.0,3.6,1009.0,0.4,0.0,13.3,39144.09,42424.37
2025-03-15,7.7,0.9,4.0,1019.6,0.2,0.0,18.1,40985.65,42664.26
2025-03-16,8.0,-0.4,3.9,1023.2,0.0,0.0,17.4,36142.33,42904.53
2025-03-17,8.1,4.0,5.8,1026.1,0.3,0.0,15.7,11524.96,43145.04
2025-03-18,10.1,2.4,5.7,1022.5,0.0,0.0,14.8,42431.74,43385.63
2025-03-19,16.5,1.9,8.5,1019.2,0.0,0.0,8.7,41982.69,43626.17
2025-03-20,19.2,5.7,12.4,1017.6,0.0,0.0,10.4,42708.74,43866.52
2025-03-21,17.1,9.5,13.1,1006.1,0.8,0.0,14.4,25364.34,44106.53
2025-03-22,15.5,11.0,12.9,998.2,1.4,0.0,12.4,22846.21,44346.05
2025-03-23,14.7,8.2,10.8,1001.0,2.8,0.0,16.0,7451.64,44584.96
2025-03-24,12.7,7.1,9.3,1015.0,0.0,0.0,12.7,28709.71,44823.09
2025-03-25,14.5,4.9,10.1,1020.1,0.2,0.0,11.7,27743.33,45060.3
2025-03-26,15.6,9.3,12.0,1022.9,0.3,0.0,9.3,35112.81,45296.44
2025-03-27,14.9,5.8,10.1,1019.0,0.0,0.0,11.9,42498.39,45531.37
2025-03-28,14.2,7.4,10.1,1010.9,0.8,0.0,16.3,25200.0,45765.17
2025-03-29,13.6,3.7,8.6,1018.8,0.0,0.0,17.6,41522.18,45999.51
2025-03-30,15.9,9.6,12.2,1018.7,0.0,0.0,20.0,43200.0,46234.6
2025-03-31,16.3,5.9,10.6,1026.5,0.0,0.0,10.8,43200.0,46470.3
2025-04-01,13.7,5.4,9.2,1024.1,0.0,0.0,19.8,43445.99,46706.48
2025-04-02,15.9,7.3,11.1,1020.0,0.0,0.0,22.1,43397.17,46943.01
2025-04-03,18.6,8.8,13.2,1017.6,0.0,0.0,16.9,39291.84,47179.75
2025-04-04,21.4,10.1,14.8,1017.2,0.0,0.0,16.3,39600.0,47416.56
2025-04-05,17.8,6.5,11.3,1018.2,0.0,0.0,18.0,45018.89,47653.3
2025-04-06,15.2,6.3,9.8,1021.4,0.0,0.0,15.7,44906.41,47889.84
2025-04-07,15.0,4.2,9.3,1024.2,0.0,0.0,11.8,45540.77,48126.02
2025-04-08,16.0,4.1,9.9,1025.3,0.0,0.0,11.5,44773.62,48361.7
2025-04-09,13.5,3.9,9.0,1026.9,0.0,0.0,13.8,46069.42,48596.73
2025-04-10,16.0,5.4,10.6,1028.8,0.0,0.0,10.4,46711.89,48830.94
2025-04-11,22.6,6.4,14.3,1020.2,0.0,0.0,10.4,48069.66,49064.21
2025-04-12,22.2,8.0,15.3,1005.3,0.0,0.0,12.5,40645.42,49296.35
2025-04-13,16.5,11.0,13.7,1001.1,0.3,0.0,16.6,38814.4,49527.2
2025-04-14,15.1,6.4,11.3,1003.2,0.1,0.0,17.6,35223.49,49756.6
2025-04-15,17.5,9.9,12.7,994.4,9.8,0.0,17.9,22536.38,49984.37
2025-04-16,14.9,8.5,11.1,1001.7,0.2,0.0,25.1,47894.89,50210.33
2025-04-17,17.4,5.8,11.7,1010.4,0.0,0.0,12.2,49766.73,50434.56
2025-04-18,16.9,9.1,13.0,1008.9,0.1,0.0,21.3,19484.02,50658.67
2025-04-19,16.0,8.1,12.6,1006.0,0.2,0.0,19.9,33061.81,50882.88
2025-04-20,15.3,5.4,10.1,1005.5,0.0,0.0,13.4,46420.49,51107.02
2025-04-21,16.1,9.7,12.2,1007.6,3.7,0.0,11.7,22591.25,51330.94
2025-04-22,17.4,6.9,11.9,1014.1,0.0,0.0,15.4,46215.36,51554.49
2025-04-23,11.9,8.4,10.1,1011.1,9.5,0.0,20.1,15254.43,51777.51
2025-04-24,14.7,7.4,11.0,1019.8,0.0,0.0,10.0,38563.57,51999.84
2025-04-25,15.3,6.0,10.6,1020.9,0.0,0.0,11.4,49524.69,52221.3
2025-04-26,17.1,8.1,12.4,1020.8,0.0,0.0,10.3,45358.96,52441.71
2025-04-27,20.7,8.0,14.8,1023.8,0.0,0.0,8.9,44000.93,52660.9
2025-04-28,24.0,10.2,17.2,1024.7,0.0,0.0,13.9,50400.0,52878.69
2025-04-29,23.0,10.6,16.9,1024.1,0.0,0.0,12.3,50400.0,53094.89
2025-04-30,25.9,9.7,17.8,1020.7,0.0,0.0,12.4,50400.0,53309.28
2025-05-01,28.5,11.8,20.7,1015.3,0.0,0.0,11.8,44878.2,53521.69
2025-05-02,25.4,14.8,19.7,1013.3,1.5,0.0,11.8,48988.81,53731.89
2025-05-03,21.3,10.9,14.7,1012.2,0.0,0.0,19.9,41049.4,53939.69
2025-05-04,13.3,7.6,10.3,1016.5,0.0,0.0,19.1,43820.29,54144.84
2025-05-05,13.4,5.1,9.4,1019.5,0.9,0.0,25.1,29077.0,54347.13
2025-05-06,13.9,6.3,10.1,1022.9,0.1,0.0,15.2,36856.43,54546.33
2025-05-07,16.6,6.0,11.2,1021.7,0.0,0.0,17.2,38871.27,54742.44
2025-05-08,15.8,8.6,11.9,1019.0,0.0,0.0,16.3,43452.15,54936.98
2025-05-09,18.1,6.2,12.8,1018.6,0.0,0.0,16.5,51285.02,55130.14
2025-05-10,22.6,9.1,15.9,1016.0,0.0,0.0,17.1,51612.78,55321.73
2025-05-11,24.0,11.0,17.9,1009.2,0.0,0.0,14.1,51944.21,55511.56
2025-05-12,23.0,13.8,18.1,1009.3,4.7,0.0,15.8,48913.22,55699.48
2025-05-13,23.4,12.9,17.8,1015.4,0.0,0.0,15.2,51383.62,55885.27
2025-05-14,22.6,9.2,15.9,1019.1,0.0,0.0,16.6,52438.13,56068.75
2025-05-15,15.2,8.7,12.2,1022.6,0.0,0.0,19.0,14304.39,56249.72
2025-05-16,18.6,7.7,13.2,1023.7,0.0,0.0,14.6,54480.98,56427.95
2025-05-17,18.7,9.0,14.1,1021.0,0.0,0.0,13.8,43392.37,56603.27
2025-05-18,17.8,9.3,13.5,1018.5,0.0,0.0,12.9,47773.77,56775.43
2025-05-19,19.6,10.5,14.6,1018.6,0.2,0.0,14.9,47843.81,56944.23
2025-05-20,22.6,9.1,16.1,1018.5,0.0,0.0,11.5,48527.35,57109.43
2025-05-21,18.0,12.0,15.0,1015.3,3.0,0.0,14.9,31638.42,57270.81
2025-05-22,14.6,8.2,11.9,1017.3,0.0,0.0,11.8,39375.32,57428.13
2025-05-23,18.4,6.8,12.8,1017.6,0.1,0.0,16.3,40187.51,57581.14
2025-05-24,21.3,12.4,16.5,1010.4,6.0,0.0,20.7,10800.0,57729.62
2025-05-25,19.6,13.5,16.6,1007.5,1.0,0.0,23.2,48531.04,57873.3
2025-05-26,18.0,11.2,14.6,1013.1,0.0,0.0,23.1,29560.6,58011.94
2025-05-27,16.9,13.4,15.4,1009.5,6.6,0.0,26.1,1941.84,58145.46
2025-05-28,20.2,13.9,17.0,1013.6,1.1,0.0,19.6,54031.84,58274.97
2025-05-29,24.1,13.7,18.1,1017.1,2.1,0.0,23.7,28181.07,58400.56
2025-05-30,24.9,14.9,19.0,1017.0,0.2,0.0,15.2,31152.98,58522.1
2025-05-31,27.5,16.5,20.9,1014.4,0.0,0.0,17.6,38727.68,58639.44
2025-06-01,21.5,14.1,17.5,1011.9,0.0,0.0,21.5,53394.69,58752.44
2025-06-02,21.8,12.4,16.7,1014.1,0.4,0.0,18.0,57600.0,58860.93
2025-06-03,17.4,11.8,14.4,1005.4,3.7,0.0,25.6,28268.3,58964.79
2025-06-04,18.1,10.5,14.5,1004.2,0.1,0.0,19.0,47147.13,59063.85
2025-06-05,16.7,12.5,14.0,1001.7,9.2,0.0,23.4,1208.45,59157.98
2025-06-06,18.9,10.9,14.9,1004.5,0.9,0.0,20.2,49965.98,59247.02
2025-06-07,17.6,11.2,13.4,1004.2,13.5,0.0,17.4,21991.42,59330.83
2025-06-08,17.1,9.2,13.4,1014.5,0.0,0.0,18.2,51801.03,59409.26
2025-06-09,19.8,10.9,15.3,1019.0,0.0,0.0,16.8,39484.9,59482.18
2025-06-10,22.0,13.1,17.6,1015.1,0.2,0.0,18.0,33418.91,59549.42
2025-06-11,23.2,12.8,17.5,1017.6,0.2,0.0,15.8,36334.39,59610.87
2025-06-12,25.0,14.2,19.6,1011.5,0.8,0.0,15.0,52004.33,59666.38
2025-06-13,28.6,16.6,22.8,1015.5,0.6,0.0,13.4,48657.4,59715.81
2025-06-14,23.5,16.3,20.2,1013.6,4.6,0.0,20.2,57269.64,59759.04
2025-06-15,23.5,13.2,18.3,1020.0,0.2,0.0,16.2,54000.0,59795.94
2025-06-16,27.3,14.7,20.8,1025.2,0.0,0.0,12.7,57600.0,59826.43
2025-06-17,26.8,15.4,21.4,1023.4,0.0,0.0,14.4,57600.0,59850.72
2025-06-18,28.8,15.9,22.8,1022.6,0.0,0.0,9.9,57600.0,59868.87
2025-06-19,32.0,18.9,25.3,1022.5,0.0,0.0,17.7,57600.0,59880.91
2025-06-20,28.8,17.5,23.4,1021.5,0.0,0.0,12.6,54912.55,59886.87
2025-06-21,31.5,18.4,25.5,1015.8,0.0,0.0,14.4,57600.0,59886.79
2025-06-22,26.8,17.6,22.1,1011.0,0.0,0.0,24.2,42196.68,59880.69
2025-06-23,22.7,16.2,18.9,1011.0,0.4,0.0,20.8,56016.83,59868.64
2025-06-24,24.4,14.1,19.3,1010.7,0.3,0.0,23.2,33075.62,59850.68
2025-06-25,27.4,16.4,21.4,1009.8,0.0,0.0,12.5,46344.06,59826.85
2025-06-26,24.1,17.5,20.2,1010.1,3.7,0.0,22.9,47306.49,59797.23
2025-06-27,26.9,13.8,20.0,1018.1,1.8,0.0,19.7,55099.41,59761.86
2025-06-28,30.1,18.5,23.3,1021.1,0.1,0.0,17.1,31870.11,59720.81
2025-06-29,29.8,18.1,23.7,1022.4,0.0,0.0,14.8,46359.94,59674.16
2025-06-30,31.9,18.7,25.7,1016.5,0.0,0.0,12.2,57600.0,59621.97
2025-07-01,33.6,23.6,28.2,1011.5,0.0,0.0,10.8,51333.48,59564.31
2025-07-02,24.2,17.0,20.5,1015.3,4.1,0.0,16.4,24811.58,59501.28
2025-07-03,23.6,12.7,18.6,1025.3,0.0,0.0,11.4,53913.31,59432.95
2025-07-04,26.2,14.4,20.7,1024.0,0.0,0.0,17.3,57600.0,59359.39
2025-07-05,21.7,16.4,19.4,1013.3,2.1,0.0,23.0,19722.06,59280.71
2025-07-06,22.5,17.3,19.3,1004.5,3.8,0.0,15.3,38977.6,59196.85
2025-07-07,19.6,13.5,16.5,1009.1,10.0,0.0,18.3,36692.88,59107.03
2025-07-08,21.9,12.4,17.4,1015.4,0.2,0.0,13.8,57563.62,59011.28
2025-07-09,25.2,13.7,19.9,1019.4,0.9,0.0,8.7,53741.9,58909.83
2025-07-10,30.0,17.7,23.8,1020.4,0.0,0.0,12.2,57446.77,58802.87
2025-07-11,31.7,19.0,25.4,1018.3,0.0,0.0,9.7,57384.75,58690.62
2025-07-12,28.8,19.9,24.0,1014.6,0.0,0.0,12.4,57320.52,58573.32
2025-07-13,27.7,15.8,22.2,1010.7,0.1,0.0,9.8,57237.52,58451.16
2025-07-14,24.9,18.3,21.3,1011.0,0.9,0.0,23.2,54933.24,58324.37
2025-07-15,21.6,14.5,18.5,1013.3,0.7,0.0,24.2,34272.13,58193.14
2025-07-16,23.8,15.2,19.9,1013.6,0.0,0.0,17.0,44252.77,58057.7
2025-07-17,25.8,18.8,22.0,1014.6,0.8,0.0,10.7,26644.19,57918.24
2025-07-18,29.4,18.2,23.6,1010.6,0.0,0.0,12.3,49477.7,57774.96
2025-07-19,22.5,17.9,20.2,1004.0,16.1,0.0,10.2,21166.4,57628.08
2025-07-20,20.4,16.1,18.2,998.8,2.8,0.0,17.2,31048.8,57477.79
2025-07-21,22.6,14.4,18.1,998.6,0.6,0.0,13.4,44749.48,57324.26
2025-07-22,22.3,15.3,18.8,1007.6,1.0,0.0,12.3,50043.19,57167.72
2025-07-23,22.0,15.0,18.6,1011.6,1.7,0.0,10.0,45238.17,57008.32
2025-07-24,20.8,15.4,18.1,1015.3,0.9,0.0,16.4,22636.51,56846.26
2025-07-25,25.4,15.4,20.5,1016.9,0.0,0.0,10.9,50991.07,56681.7
2025-07-26,23.2,15.9,20.1,1014.8,0.2,0.0,11.2,36055.94,56514.62
2025-07-27,21.5,15.2,18.5,1015.3,0.3,0.0,14.3,23056.7,56343.6
2025-07-28,24.2,15.0,20.0,1017.8,0.0,0.0,13.7,47546.46,56168.61
2025-07-29,21.9,15.2,18.4,1017.1,0.8,0.0,9.6,26359.78,55989.86
2025-07-30,24.7,16.2,20.4,1016.2,0.8,0.0,14.0,47489.13,55807.62
2025-07-31,22.6,16.6,18.7,1014.2,26.7,0.0,12.4,17351.85,55622.12
2025-08-01,19.7,13.1,16.5,1014.1,1.2,0.0,16.2,43922.03,55433.6
2025-08-02,19.9,13.1,16.7,1016.5,0.0,0.0,9.6,38460.49,55242.27
2025-08-03,23.0,12.8,18.3,1016.3,2.5,0.0,17.2,36041.64,55048.37
2025-08-04,21.5,16.3,19.2,1013.7,1.0,0.0,24.0,15673.34,54852.1
2025-08-05,20.7,13.1,17.1,1019.5,0.0,0.0,19.7,50969.91,54653.68
2025-08-06,22.2,11.7,17.1,1021.7,0.0,0.0,12.3,38349.27,54453.31
2025-08-07,23.0,14.6,18.8,1013.6,0.0,0.0,19.8,37963.93,54251.18
2025-08-08,25.1,15.5,20.4,1016.0,0.0,0.0,13.7,49239.92,54047.49
2025-08-09,24.8,14.5,19.7,1018.9,0.0,0.0,17.1,48254.01,53842.42
2025-08-10,26.2,14.8,20.7,1024.9,0.0,0.0,9.7,50413.68,53636.17
2025-08-11,29.7,16.4,22.8,1020.5,0.5,0.0,12.2,43200.0,53428.89
2025-08-12,31.0,18.8,24.7,1012.9,0.6,0.0,13.3,50400.0,53220.77
2025-08-13,27.8,18.3,22.2,1012.6,0.0,0.0,14.6,34003.49,53011.96
2025-08-14,26.9,16.6,21.8,1016.3,0.0,0.0,13.1,35786.75,52802.64
2025-08-15,29.5,17.8,23.1,1022.5,0.0,0.0,15.1,50400.0,52592.71
2025-08-16,22.5,16.4,19.5,1025.1,0.1,0.0,13.4,29165.48,52380.62
2025-08-17,24.4,13.0,18.2,1022.4,0.0,0.0,12.6,50400.0,52166.23
2025-08-18,21.5,16.9,18.8,1019.0,0.2,0.0,13.6,15447.31,51949.73
2025-08-19,25.1,15.1,19.4,1014.2,0.1,0.0,16.5,25055.06,51731.33
2025-08-20,20.6,14.9,17.3,1014.4,0.0,0.0,17.1,27738.59,51511.2
2025-08-21,20.0,13.5,16.8,1016.1,0.1,0.0,14.6,24484.0,51289.53
2025-08-22,22.8,11.6,17.4,1019.3,0.0,0.0,9.9,48803.57,51066.49
2025-08-23,21.9,16.1,19.1,1018.7,0.0,0.0,9.9,26733.74,50842.25
2025-08-24,23.6,14.6,19.2,1018.8,0.0,0.0,9.7,33050.65,50616.99
2025-08-25,26.0,15.1,20.6,1014.4,0.0,0.0,12.6,49693.12,50390.85
2025-08-26,25.3,18.3,21.1,1005.5,0.2,0.0,18.9,33851.84,50164.01
2025-08-27,21.8,15.5,18.2,1003.5,1.3,0.0,20.8,34712.98,49936.62
2025-08-28,20.5,13.0,17.1,1000.4,2.4,0.0,19.6,47180.62,49708.81
2025-08-29,19.7,14.3,16.5,994.7,19.5,0.0,14.8,27355.14,49480.75
2025-08-30,20.0,13.1,16.8,1001.0,2.0,0.0,23.3,30804.23,49252.58
2025-08-31,20.2,14.0,17.0,1001.8,0.9,0.0,21.3,46637.31,49024.44
2025-09-01,19.3,14.5,16.4,1001.2,3.3,0.0,22.7,45241.76,48796.46
2025-09-02,19.0,12.8,15.7,1001.0,1.8,0.0,15.4,33925.15,48568.78
2025-09-03,20.0,15.6,17.7,995.3,25.7,0.0,27.5,19089.46,48341.54
2025-09-04,18.8,14.1,16.1,1004.4,4.7,0.0,20.7,36554.86,48114.63
2025-09-05,20.7,11.4,15.8,1017.3,0.0,0.0,9.8,44025.05,47886.49
2025-09-06,22.0,13.3,17.6,1016.7,0.0,0.0,17.6,40268.91,47656.95
2025-09-07,24.5,15.7,19.4,1007.6,0.0,0.0,18.0,33823.98,47426.17
2025-09-08,19.6,13.6,16.4,1013.9,0.1,0.0,13.4,43417.13,47194.28
2025-09-09,19.8,11.0,15.6,1013.4,0.3,0.0,11.3,43082.05,46961.43
2025-09-10,18.0,14.3,15.6,1001.5,7.7,0.0,19.4,23449.07,46727.77
2025-09-11,18.0,12.1,14.3,1001.1,3.7,0.0,22.8,43200.0,46493.44
2025-09-12,17.6,10.9,13.9,1007.8,4.4,0.0,18.4,43200.0,46258.56
2025-09-13,17.2,11.8,14.0,1006.9,3.0,0.0,17.7,43200.0,46023.29
2025-09-14,17.8,9.2,13.6,1006.8,3.5,0.0,26.3,11038.05,45787.75
2025-09-15,17.8,14.1,15.7,1003.0,0.4,0.0,31.6,43200.0,45552.07
2025-09-16,18.3,12.0,14.7,1014.7,0.0,0.0,21.8,36296.51,45316.39
2025-09-17,18.8,12.5,16.0,1015.0,1.1,0.0,24.4,0.0,45080.82
2025-09-18,21.5,16.1,18.6,1016.8,0.0,0.0,21.9,19542.47,44845.51
2025-09-19,25.4,15.0,18.9,1015.8,0.0,0.0,13.3,43200.0,44610.58
2025-09-20,21.1,13.8,16.7,1007.6,0.0,0.0,24.5,18501.75,44376.16
2025-09-21,15.5,9.5,12.6,1015.2,0.0,0.0,22.5,42926.9,44142.37
2025-09-22,15.7,7.5,11.4,1024.4,0.0,0.0,16.2,42790.13,43909.35
2025-09-23,16.4,7.2,11.5,1026.2,0.0,0.0,15.7,25911.02,43677.23
2025-09-24,17.5,9.6,13.2,1025.0,0.0,0.0,16.1,41724.79,43445.87
2025-09-25,18.3,9.5,13.4,1022.8,0.0,0.0,17.6,42382.64,43213.71
2025-09-26,16.1,9.4,12.8,1020.0,1.1,0.0,15.7,18238.72,42980.52
2025-09-27,17.4,10.6,13.7,1017.9,0.0,0.0,15.1,39104.4,42746.46
2025-09-28,16.8,11.8,13.8,1018.7,0.5,0.0,9.4,9746.12,42511.66
2025-09-29,17.7,8.0,13.2,1023.1,0.0,0.0,8.6,35327.72,42276.27
2025-09-30,18.3,8.9,13.7,1024.3,0.0,0.0,6.4,40459.72,42040.43
2025-10-01,17.9,9.9,13.1,1025.4,0.1,0.0,8.8,15288.44,41804.28
2025-10-02,18.5,10.2,14.5,1021.0,0.0,0.0,15.7,12276.52,41567.95
2025-10-03,17.9,14.3,16.2,1006.8,11.6,0.0,28.6,0.0,41331.6
2025-10-04,17.1,11.3,13.2,998.8,4.4,0.0,31.5,36629.71,41095.36
2025-10-05,15.7,10.6,12.8,1013.5,0.0,0.0,22.5,36164.92,40859.39
2025-10-06,18.6,9.6,13.9,1022.2,0.0,0.0,11.4,32400.0,40623.81
2025-10-07,17.0,11.6,14.1,1022.4,0.0,0.0,12.3,31291.47,40388.79
2025-10-08,16.8,11.3,13.7,1021.8,0.4,0.0,8.2,13044.45,40154.46
2025-10-09,15.0,8.8,12.3,1026.0,0.0,0.0,11.1,32624.34,39920.99
2025-10-10,15.8,12.0,13.9,1031.4,0.1,0.0,7.2,15895.99,39688.52
2025-10-11,14.8,10.6,12.7,1032.5,0.0,0.0,5.5,35971.51,39457.22
2025-10-12,15.0,7.5,11.3,1030.3,0.0,0.0,9.1,36482.42,39227.24
2025-10-13,15.6,12.3,13.7,1027.9,0.2,0.0,12.1,0.0,38998.73
2025-10-14,13.7,10.8,12.4,1028.0,0.1,0.0,11.1,1003.07,38771.61
2025-10-15,13.0,10.5,11.6,1027.9,0.0,0.0,10.5,0.0,38544.09
2025-10-16,15.4,9.5,12.3,1025.8,0.0,0.0,7.8,12145.47,38315.96
2025-10-17,14.8,11.1,12.8,1024.3,0.0,0.0,8.6,19729.09,38087.38
2025-10-18,14.6,11.1,12.5,1021.2,0.0,0.0,13.5,10403.81,37858.53
2025-10-19,15.3,12.0,13.6,1003.3,6.1,0.0,17.6,480.56,37629.58
2025-10-20,14.6,11.8,13.2,987.7,3.4,0.0,17.3,9798.18,37400.71
2025-10-21,15.3,10.9,12.8,990.4,0.2,0.0,17.7,24714.98,37172.1
2025-10-22,14.6,8.9,11.4,993.4,7.8,0.0,15.3,21600.0,36943.92
2025-10-23,11.7,7.3,9.8,984.1,16.3,0.0,25.6,7451.25,36716.38
2025-10-24,12.0,5.8,8.6,997.5,0.0,0.0,20.2,34305.87,36489.65
2025-10-25,11.8,6.5,9.1,1000.7,1.1,0.0,17.4,34776.15,36263.95
2025-10-26,10.9,4.9,7.6,1006.6,0.7,0.0,19.3,21600.0,36039.46
2025-10-27,12.8,9.9,11.1,1004.4,0.0,0.0,26.7,32177.41,35816.41
2025-10-28,14.4,11.3,12.4,1005.2,0.3,0.0,21.0,30260.78,35594.99
2025-10-29,12.5,7.7,11.0,999.1,4.7,0.0,14.9,0.0,35375.42
2025-10-30,12.9,5.6,9.3,1004.3,0.0,0.0,17.7,19936.87,35157.94
2025-10-31,15.7,12.8,14.5,1000.2,4.2,0.0,22.7,10766.07,34942.77
2025-11-01,15.8,9.5,12.8,999.9,4.7,0.0,25.9,28788.01,34730.13
2025-11-02,12.2,7.5,9.3,1006.2,3.8,0.0,14.8,25253.34,34520.29
2025-11-03,15.9,7.4,12.8,1010.8,1.3,0.0,20.7,25337.97,34313.18
2025-11-04,15.4,13.6,14.4,1009.5,0.0,0.0,19.9,21537.02,34106.86
2025-11-05,17.2,14.5,15.5,1006.1,0.1,0.0,19.7,10578.77,33901.11
2025-11-06,16.6,14.1,15.0,1004.0,1.1,0.0,14.3,5824.4,33696.14
2025-11-07,15.0,12.1,13.3,1003.9,0.3,0.0,12.7,15752.63,33492.16
2025-11-08,14.1,9.1,12.2,1010.5,2.9,0.0,12.0,14706.53,33289.4
2025-11-09,14.0,5.2,10.2,1013.5,0.0,0.0,15.9,22086.88,33088.08
2025-11-10,13.2,8.7,11.9,1004.0,5.8,0.0,18.5,0.0,32888.45
2025-11-11,14.8,8.3,12.2,1004.0,1.0,0.0,21.6,19205.22,32690.72
2025-11-12,16.4,13.2,14.4,1001.7,0.8,0.0,23.6,20940.95,32495.17
2025-11-13,16.7,13.0,14.4,1004.0,4.6,0.0,15.7,20256.78,32302.03
2025-11-14,14.3,12.1,13.0,999.8,15.2,0.0,14.0,0.0,32111.57
2025-11-15,13.2,10.4,11.8,1005.6,0.3,0.0,10.1,9836.02,31924.05
2025-11-16,10.6,6.7,9.2,1009.9,0.6,0.0,12.9,0.0,31739.74
2025-11-17,7.6,3.2,5.6,1019.6,0.0,0.0,16.2,29191.31,31558.92
2025-11-18,6.9,-0.1,3.2,1016.2,0.1,0.0,12.9,20203.81,31381.89
2025-11-19,5.0,0.9,3.5,1006.3,6.3,1.47,24.9,3584.26,31208.93
2025-11-20,3.6,-1.4,1.2,1012.8,0.0,0.0,15.0,23570.93,31040.35
2025-11-21,5.7,0.6,2.4,1023.3,0.0,0.0,13.8,28798.91,30876.44
2025-11-22,7.8,0.9,5.3,1017.0,10.4,0.0,19.6,0.0,30717.52
2025-11-23,10.0,5.6,7.7,998.9,9.7,0.0,22.5,21309.57,30563.63
2025-11-24,6.9,4.2,5.6,992.1,1.6,0.0,17.3,2576.48,30413.07
2025-11-25,6.6,3.7,5.1,1010.6,0.0,0.0,16.8,18611.11,30265.66
2025-11-26,8.4,-0.1,3.5,1019.8,0.4,0.0,15.1,28339.05,30121.61
2025-11-27,13.3,8.8,11.6,1012.4,1.4,0.0,19.2,0.0,29981.12
2025-11-28,13.3,8.6,10.7,1009.5,0.2,0.0,18.6,21922.85,29844.39
2025-11-29,11.5,5.1,9.1,1001.1,3.9,0.0,24.2,0.0,29711.65
2025-11-30,7.6,3.0,5.2,1010.2,0.0,0.0,12.5,28150.52,29583.11
2025-12-01,11.8,6.6,10.0,1001.7,5.5,0.0,30.3,0.0,29459.0
2025-12-02,10.7,6.9,8.8,1000.3,3.8,0.0,21.7,28073.72,29339.51
2025-12-03,9.2,3.4,6.3,1005.7,0.8,0.0,12.6,28039.87,29224.89
2025-12-04,8.2,2.8,6.6,997.3,6.1,0.0,16.6,0.0,29115.36
2025-12-05,9.0,-0.4,4.6,1001.3,10.6,0.0,30.2,18697.87,29011.14
2025-12-06,11.8,8.9,10.1,994.2,1.0,0.0,20.6,18842.47,28912.46
2025-12-07,14.1,8.2,11.0,999.3,4.3,0.0,25.6,0.0,28819.55
2025-12-08,13.8,10.4,12.0,1006.0,0.4,0.0,16.5,2000.01,28732.63
2025-12-09,14.4,12.0,13.3,1002.9,6.9,0.0,24.9,150.01,28651.93
2025-12-10,12.8,8.5,10.9,1012.7,0.0,0.0,19.4,27764.21,28577.67
2025-12-11,11.6,7.7,9.3,1017.0,0.0,0.0,14.2,26145.09,28510.08
2025-12-12,12.1,7.1,10.3,1015.1,0.2,0.0,13.8,2534.6,28449.38
2025-12-13,9.1,3.4,6.4,1024.9,0.0,0.0,12.5,27040.14,28395.66
2025-12-14,10.4,6.2,8.2,1017.3,0.0,0.0,18.3,22790.77,28348.26
2025-12-15,11.3,9.9,10.5,1005.4,0.0,0.0,18.1,10370.76,28307.04
2025-12-16,11.4,7.0,9.7,1006.8,4.5,0.0,12.7,0.0,28272.03
2025-12-17,9.9,1.7,6.3,1013.0,0.0,0.0,21.3,0.0,28243.25
2025-12-18,12.7,10.1,11.0,1003.3,17.5,0.0,30.6,0.0,28220.73
2025-12-19,11.3,6.7,8.7,1012.3,0.4,0.0,18.8,27382.27,28204.45
2025-12-20,9.1,4.0,6.5,1011.0,0.0,0.0,11.4,26711.43,28194.45
2025-12-21,10.3,7.1,8.8,1005.0,4.3,0.0,16.2,630.39,28190.7
2025-12-22,10.6,7.7,9.2,1005.6,1.7,0.0,13.9,3112.32,28193.22
2025-12-23,7.6,6.0,6.9,1015.3,0.1,0.0,16.1,0.0,28202.0
2025-12-24,5.9,3.6,5.0,1028.6,0.0,0.0,24.6,21636.89,28217.01
2025-12-25,5.1,3.0,3.8,1026.6,0.0,0.0,23.3,26494.37,28238.25
2025-12-26,5.8,3.2,4.2,1027.3,0.0,0.0,17.9,4689.17,28265.68
2025-12-27,7.5,2.5,5.1,1031.9,0.0,0.0,22.2,17228.27,28299.3
2025-12-28,7.1,4.5,6.5,1030.4,0.0,0.0,14.8,5860.9,28339.05
2025-12-29,6.1,3.1,4.9,1027.1,0.0,0.0,11.9,7018.3,28384.92
2025-12-30,6.1,1.9,4.5,1031.2,0.0,0.0,12.2,9828.5,28436.86
2025-12-31,2.7,-1.3,0.7,1027.4,0.0,0.0,11.4,26946.87,28494.83
