date,temperature_2m_max,temperature_2m_min,temperature_2m_mean,surface_pressure_mean,precipitation_sum,snowfall_sum,wind_speed_10m_max,sunshine_duration,daylight_duration
2019-01-01,-8.9,-14.0,-11.4,960.2,0.0,0.0,32.1,18623.69,33860.48
2019-01-02,2.0,-11.3,-6.2,952.2,0.0,0.0,17.3,32370.86,33904.39
2019-01-03,8.0,-5.3,-0.6,946.8,0.0,0.0,13.0,32367.65,33952.25
2019-01-04,10.2,-3.0,2.1,943.7,0.0,0.0,15.1,32366.46,34003.94
2019-01-05,12.7,-0.5,4.5,945.5,0.0,0.0,13.0,32367.31,34059.36
2019-01-06,10.7,2.7,5.8,939.0,0.0,0.0,20.3,17456.15,34118.39
2019-01-07,9.8,2.3,5.5,939.8,0.0,0.0,25.1,32456.8,34180.9
2019-01-08,7.7,-1.8,3.6,957.1,0.0,0.0,36.1,32432.85,34246.78
2019-01-09,4.3,-4.7,-1.2,962.7,0.0,0.0,14.1,32391.33,34315.92
2019-01-10,7.9,-2.3,1.5,953.2,0.0,0.0,19.3,30893.82,34388.19
2019-01-11,2.7,-0.8,0.5,948.7,6.8,4.34,19.2,0.0,34463.49
2019-01-12,-0.3,-5.8,-2.6,953.9,9.8,6.86,27.4,5779.49,34541.68
2019-01-13,-0.8,-5.6,-3.5,961.0,0.0,0.0,13.0,9333.56,34622.65
2019-01-14,1.3,-7.2,-3.9,957.0,0.0,0.0,13.0,32940.33,34706.3
2019-01-15,1.9,-8.1,-4.8,950.5,0.0,0.0,13.2,32186.13,34792.51
2019-01-16,-2.3,-5.2,-3.7,951.9,0.8,0.21,17.6,600.73,34881.15
2019-01-17,1.4,-7.4,-3.0,950.1,0.0,0.0,12.9,32400.0,34972.13
2019-01-18,0.6,-6.3,-2.1,944.5,0.8,0.56,30.8,0.0,35065.33
2019-01-19,-3.7,-11.7,-8.4,956.7,0.0,0.0,31.4,33782.5,35161.02
2019-01-20,2.3,-8.7,-5.2,953.0,0.0,0.0,18.9,30153.1,35260.18
2019-01-21,4.6,-9.2,-3.6,942.7,0.0,0.0,27.4,17234.24,35362.68
2019-01-22,-2.3,-6.7,-4.6,944.5,2.1,1.47,32.7,0.0,35468.33
2019-01-23,5.6,-9.5,-3.2,947.6,0.2,0.14,21.7,34635.07,35576.97
2019-01-24,-1.1,-9.9,-4.3,954.2,0.0,0.0,28.9,27544.35,35688.41
2019-01-25,6.7,-9.2,-2.2,952.1,0.0,0.0,21.0,29268.32,35802.48
2019-01-26,8.5,-4.8,1.3,949.5,0.0,0.0,22.0,22162.01,35919.0
2019-01-27,12.0,-2.4,4.1,944.0,0.1,0.0,23.6,28712.55,36037.81
2019-01-28,7.6,-4.6,0.2,948.9,0.1,0.0,41.2,31973.83,36158.74
2019-01-29,-2.0,-10.1,-5.3,953.4,0.0,0.0,22.2,32734.9,36281.63
2019-01-30,-5.9,-16.7,-11.9,954.8,0.0,0.0,18.1,31165.01,36406.3
2019-01-31,5.3,-11.4,-4.9,948.5,0.0,0.0,17.8,35254.21,36532.62
2019-02-01,11.6,-5.6,1.6,948.5,0.0,0.0,18.9,35327.58,36660.42
2019-02-02,13.1,2.7,6.9,943.8,0.0,0.0,21.3,14690.58,36789.55
2019-02-03,15.8,4.0,8.7,934.2,0.0,0.0,26.1,25242.99,36919.86
2019-02-04,5.2,-9.6,-4.0,945.0,0.0,0.0,29.2,35546.5,37051.2
2019-02-05,-3.8,-11.7,-8.9,947.3,0.0,0.0,16.6,2542.3,37183.43
2019-02-06,-5.7,-11.2,-8.7,946.1,0.3,0.21,23.9,379.34,37316.42
2019-02-07,-8.7,-15.7,-12.1,954.8,1.4,0.98,33.7,35761.86,37450.01
2019-02-08,-3.2,-15.1,-9.7,965.2,0.0,0.0,22.1,35865.04,37584.55
2019-02-09,4.9,-7.8,-2.8,959.2,0.0,0.0,32.3,35177.35,37721.24
2019-02-10,5.1,-2.4,0.2,949.7,0.1,0.07,24.3,27416.07,37859.97
2019-02-11,-0.1,-3.0,-1.7,943.7,0.6,0.42,18.8,0.0,38000.61
2019-02-12,7.2,-6.3,-1.0,950.2,0.0,0.0,22.1,36203.52,38142.99
2019-02-13,11.1,-3.2,2.2,941.6,0.0,0.0,17.7,36000.0,38286.95
2019-02-14,8.5,-6.7,0.9,938.1,0.0,0.0,29.7,35230.61,38432.35
2019-02-15,-6.7,-16.5,-10.8,949.1,6.1,4.27,20.5,14400.0,38579.04
2019-02-16,-5.6,-16.5,-10.7,944.1,2.8,1.96,17.0,10635.53,38726.87
2019-02-17,-5.9,-12.6,-9.2,946.3,0.0,0.0,26.1,30081.25,38875.72
2019-02-18,-7.8,-14.3,-11.1,961.0,0.0,0.0,21.2,36583.78,39025.42
2019-02-19,-3.0,-11.1,-7.3,956.4,3.9,2.73,19.6,15566.24,39175.86
2019-02-20,1.4,-8.3,-4.2,940.8,1.6,1.12,18.1,36000.0,39326.89
2019-02-21,1.9,-11.7,-4.4,947.8,0.2,0.14,23.0,27393.89,39478.38
2019-02-22,1.3,-4.8,-1.4,950.1,1.4,0.77,19.5,6494.69,39630.21
2019-02-23,0.3,-4.2,-1.4,941.8,9.2,6.44,36.6,0.0,39782.24
2019-02-24,-4.2,-15.2,-8.8,956.4,0.0,0.0,28.4,38371.53,39934.36
2019-02-25,-13.6,-17.7,-15.4,956.8,0.0,0.0,25.1,38540.49,40086.42
2019-02-26,-9.8,-17.3,-14.1,956.1,0.0,0.0,24.3,18412.46,40238.33
2019-02-27,-12.2,-16.9,-13.9,957.8,0.0,0.0,29.8,36000.0,40389.94
2019-02-28,-9.6,-18.0,-13.9,952.9,0.0,0.0,10.9,38797.51,40541.59
2019-03-01,-1.9,-15.0,-8.6,950.0,0.0,0.0,25.0,36016.36,40694.43
2019-03-02,-7.1,-12.6,-9.1,958.5,0.8,0.63,26.4,9572.11,40848.41
2019-03-03,-12.9,-18.7,-16.8,962.7,5.3,3.71,27.8,36499.06,41003.42
2019-03-04,-14.2,-22.2,-18.4,960.0,0.0,0.0,16.8,39318.11,41159.33
2019-03-05,-8.3,-16.8,-13.2,959.8,0.0,0.0,20.4,39678.97,41316.02
2019-03-06,-1.1,-15.6,-8.4,953.9,0.0,0.0,20.9,35531.02,41473.4
2019-03-07,-0.4,-5.4,-3.0,948.1,0.9,0.63,25.6,39433.35,41631.34
2019-03-08,2.0,-10.6,-4.2,943.9,0.6,0.0,24.9,6399.31,41789.72
2019-03-09,3.6,-1.8,1.6,934.8,2.6,0.0,40.8,23226.05,41948.46
2019-03-10,4.3,-4.6,-0.8,953.8,0.0,0.0,18.3,38639.31,42107.42
2019-03-11,9.8,-5.2,2.4,956.9,0.0,0.0,16.7,36000.0,42266.5
2019-03-12,17.4,4.3,9.2,945.7,3.6,0.0,28.6,10800.0,42425.59
2019-03-13,16.2,7.0,11.8,922.3,25.5,0.0,41.3,10800.0,42584.6
2019-03-14,4.0,-0.1,1.8,936.6,10.1,5.39,50.4,2389.71,42743.4
2019-03-15,8.3,-2.1,2.7,958.5,0.0,0.0,28.3,41202.61,42901.9
2019-03-16,12.7,-2.7,4.3,958.6,0.0,0.0,14.0,41170.1,43059.99
2019-03-17,10.9,-3.2,4.0,958.3,0.0,0.0,14.0,40538.92,43217.55
2019-03-18,8.5,-2.7,3.8,959.7,0.8,0.0,16.1,36583.34,43374.49
2019-03-19,8.4,2.7,4.9,954.3,5.5,0.0,23.1,4703.28,43530.69
2019-03-20,14.6,-1.4,6.0,953.7,0.0,0.0,21.2,41940.72,43686.46
2019-03-21,13.5,-1.3,5.9,954.6,0.0,0.0,15.5,42161.16,43842.84
2019-03-22,15.6,1.7,8.9,951.8,0.9,0.0,17.4,36001.92,43999.83
2019-03-23,14.1,6.8,9.7,946.2,5.9,0.0,24.6,22785.66,44157.31
2019-03-24,12.8,5.3,8.6,948.8,0.0,0.0,24.6,22569.78,44315.18
2019-03-25,11.9,4.8,8.2,957.3,0.1,0.0,15.8,16714.05,44473.36
2019-03-26,18.0,3.0,9.8,956.1,0.4,0.0,24.0,41530.61,44631.74
2019-03-27,22.4,9.7,15.2,947.5,0.0,0.0,28.8,38963.77,44790.23
2019-03-28,13.4,8.0,10.0,948.0,1.5,0.0,30.0,18692.21,44948.73
2019-03-29,8.4,1.3,4.6,949.2,5.5,0.7,26.0,0.0,45107.14
2019-03-30,3.9,-1.4,1.7,956.9,5.2,3.57,32.9,39920.09,45265.35
2019-03-31,8.9,-5.9,1.6,959.7,0.0,0.0,14.8,44094.27,45423.28
2019-04-01,14.0,0.2,6.7,950.9,0.1,0.0,21.2,35239.08,45580.82
2019-04-02,12.0,-0.7,5.8,950.8,0.0,0.0,22.7,44120.69,45737.86
2019-04-03,14.7,5.1,9.5,947.7,3.3,0.0,24.2,17802.31,45894.31
2019-04-04,16.6,5.9,11.0,948.7,0.5,0.0,19.7,35426.91,46050.05
2019-04-05,21.4,6.6,13.8,946.4,0.0,0.0,29.5,43261.61,46204.99
2019-04-06,20.2,13.1,15.9,943.1,0.2,0.0,24.9,26279.86,46359.02
2019-04-07,20.9,9.8,14.7,945.1,0.0,0.0,32.5,45988.73,46512.01
2019-04-08,24.0,9.0,15.7,947.6,0.0,0.0,17.7,45068.05,46663.87
2019-04-09,22.9,9.6,16.5,943.1,0.0,0.0,22.5,40076.62,46814.88
2019-04-10,22.0,3.4,15.1,929.2,0.9,0.0,42.5,40309.05,46966.02
2019-04-11,3.0,-2.0,0.6,931.1,2.9,1.33,37.9,619.4,47117.28
2019-04-12,6.9,-3.1,1.7,944.6,0.0,0.0,29.3,46455.85,47268.56
2019-04-13,11.1,-2.9,4.6,950.8,0.0,0.0,16.3,42946.15,47419.74
2019-04-14,15.0,-2.1,6.7,944.1,0.0,0.0,21.8,43218.52,47570.75
2019-04-15,21.4,7.3,13.9,939.6,0.0,0.0,19.0,46725.9,47721.46
2019-04-16,23.4,8.2,15.8,939.8,0.2,0.0,23.6,44934.3,47871.78
2019-04-17,22.0,12.4,16.9,939.4,0.5,0.0,26.7,46800.0,48021.61
2019-04-18,16.8,6.9,11.6,946.8,0.0,0.0,36.2,46800.0,48170.82
2019-04-19,17.0,3.9,10.6,950.9,0.0,0.0,20.5,46800.0,48319.32
2019-04-20,27.0,7.9,16.8,943.2,0.0,0.0,22.3,46800.0,48466.99
2019-04-21,30.5,15.7,21.6,937.9,0.0,0.0,31.0,44095.77,48613.72
2019-04-22,19.3,11.9,15.6,948.6,0.0,0.0,28.4,46800.0,48759.39
2019-04-23,18.8,8.2,13.1,951.6,0.0,0.0,21.2,40753.43,48903.88
2019-04-24,22.7,5.5,14.8,944.8,0.0,0.0,11.7,46800.0,49047.06
2019-04-25,21.5,11.7,15.8,946.8,1.3,0.0,34.6,42454.07,49188.83
2019-04-26,23.1,7.0,15.5,949.6,0.0,0.0,32.2,44805.19,49329.04
2019-04-27,17.7,6.0,13.5,942.8,0.0,0.0,47.0,46800.0,49467.57
2019-04-28,18.0,2.3,10.1,945.0,4.1,0.07,26.9,43200.0,49604.28
2019-04-29,15.2,8.9,11.4,948.7,5.1,0.0,28.8,44106.1,49739.43
2019-04-30,11.8,6.1,8.8,948.3,5.9,0.0,21.5,0.0,49873.98
2019-05-01,13.7,5.8,9.3,948.3,0.6,0.0,19.1,9738.18,50007.87
2019-05-02,15.9,3.3,9.9,952.8,0.8,0.0,17.4,44830.72,50141.01
2019-05-03,18.5,8.2,13.2,949.0,3.1,0.0,12.0,37237.61,50273.28
2019-05-04,22.2,8.5,15.2,946.7,0.0,0.0,23.0,44058.35,50404.56
2019-05-05,25.5,12.1,17.5,942.2,1.9,0.0,23.8,43200.0,50534.74
2019-05-06,19.1,11.8,14.5,946.7,9.6,0.0,23.8,11254.04,50663.71
2019-05-07,14.7,8.9,11.7,949.2,16.3,0.0,25.7,47.31,50791.33
2019-05-08,16.9,7.2,12.9,940.4,15.8,0.0,30.6,8016.84,50917.49
2019-05-09,11.2,4.6,7.6,950.0,0.0,0.0,31.3,2896.4,51042.06
2019-05-10,14.3,2.1,8.8,953.2,0.0,0.0,14.8,32506.44,51164.91
2019-05-11,18.2,6.6,11.8,946.2,4.2,0.0,16.7,37359.51,51285.91
2019-05-12,17.1,6.4,11.8,943.8,0.0,0.0,21.3,43406.64,51404.93
2019-05-13,22.8,6.3,14.8,945.4,0.0,0.0,15.9,48279.19,51521.83
2019-05-14,27.7,12.0,19.6,945.2,0.3,0.0,16.9,47905.85,51636.47
2019-05-15,29.3,14.4,21.9,945.3,0.0,0.0,22.1,47626.96,51748.71
2019-05-16,31.6,17.5,24.4,941.0,0.0,0.0,27.4,47977.3,51858.4
2019-05-17,29.1,20.4,24.0,936.6,3.7,0.0,37.5,40454.61,51965.41
2019-05-18,23.0,14.3,18.5,936.1,21.3,0.0,34.4,33483.69,52069.59
2019-05-19,18.2,9.5,13.9,944.7,0.0,0.0,26.3,46287.01,52171.1
2019-05-20,10.7,7.3,8.7,947.2,10.9,0.0,37.2,3600.0,52270.76
2019-05-21,12.5,7.6,9.7,932.1,19.8,0.0,30.4,2170.89,52368.51
2019-05-22,19.4,5.9,12.0,938.2,0.0,0.0,27.7,50842.5,52464.25
2019-05-23,20.1,8.7,14.2,948.8,12.7,0.0,22.2,33116.5,52557.89
2019-05-24,24.1,13.2,18.9,945.1,8.1,0.0,24.6,43976.02,52649.32
2019-05-25,24.8,16.4,20.3,946.4,6.8,0.0,19.0,26910.86,52738.45
2019-05-26,24.1,16.3,19.3,948.0,15.2,0.0,30.5,11122.33,52825.17
2019-05-27,26.6,14.7,21.1,940.7,19.5,0.0,34.5,46602.48,52909.38
2019-05-28,23.1,14.9,17.8,936.4,23.9,0.0,25.8,16324.48,52990.97
2019-05-29,18.3,12.3,15.2,942.9,0.1,0.0,26.0,37936.02,53069.83
2019-05-30,24.2,13.4,18.5,945.7,0.1,0.0,20.8,49930.5,53145.88
2019-05-31,26.1,13.2,19.9,948.2,0.0,0.0,13.6,52454.99,53218.98
2019-06-01,25.6,15.5,20.5,947.3,0.0,0.0,21.6,50883.76,53289.04
2019-06-02,25.1,13.9,19.4,949.5,0.0,0.0,17.2,46800.0,53355.96
2019-06-03,27.0,17.4,22.3,946.9,1.8,0.0,19.4,47241.62,53419.61
2019-06-04,28.9,17.9,23.5,943.8,0.4,0.0,22.9,49130.78,53479.9
2019-06-05,28.7,18.6,23.6,944.5,0.1,0.0,16.7,49436.37,53536.72
2019-06-06,27.4,18.6,22.5,945.2,0.3,0.0,18.6,41395.5,53589.96
2019-06-07,28.4,16.4,23.5,945.8,0.0,0.0,14.0,51342.07,53639.51
2019-06-08,29.0,17.8,23.8,945.1,3.2,0.0,24.8,45508.7,53685.44
2019-06-09,19.5,12.1,16.4,954.7,16.5,0.0,33.5,21757.13,53728.11
2019-06-10,22.9,9.2,16.7,960.0,0.0,0.0,13.8,53169.57,53767.52
2019-06-11,24.1,13.7,18.4,951.9,1.8,0.0,24.5,50495.42,53803.64
2019-06-12,20.9,13.1,17.1,952.4,0.1,0.0,26.7,53237.28,53836.46
2019-06-13,24.7,11.4,18.4,950.4,0.0,0.0,26.7,51706.61,53865.93
2019-06-14,29.1,16.1,21.8,942.2,1.7,0.0,29.7,46570.16,53892.05
2019-06-15,27.2,18.0,22.7,942.2,1.3,0.0,18.7,52756.28,53914.78
2019-06-16,27.5,16.3,22.3,946.5,0.0,0.0,12.4,50668.57,53934.1
2019-06-17,26.7,17.4,22.1,948.2,0.1,0.0,13.2,42025.79,53950.01
2019-06-18,19.9,17.0,18.7,946.9,11.4,0.0,15.5,1290.66,53962.48
2019-06-19,24.3,15.5,19.0,943.3,0.0,0.0,15.6,28800.0,53971.48
2019-06-20,30.2,15.7,23.1,940.4,0.5,0.0,22.2,49743.14,53977.01
2019-06-21,29.9,18.8,24.6,939.3,1.6,0.0,28.9,43200.0,53979.06
2019-06-22,25.8,18.0,21.6,944.0,2.1,0.0,24.2,30856.38,53977.61
2019-06-23,22.0,14.6,18.5,943.6,1.0,0.0,25.8,29088.61,53972.65
2019-06-24,28.4,11.6,19.7,944.0,0.0,0.0,17.3,53285.65,53964.18
2019-06-25,30.0,19.6,23.3,945.9,1.9,0.0,21.8,47188.74,53952.19
2019-06-26,32.4,19.7,25.9,949.4,0.0,0.0,26.2,50400.0,53936.67
2019-06-27,35.2,23.2,29.2,949.0,0.0,0.0,29.2,50688.23,53917.62
2019-06-28,36.4,22.6,30.1,949.5,0.0,0.0,22.5,53206.32,53894.94
2019-06-29,37.6,22.7,30.5,950.8,0.0,0.0,21.4,53182.66,53868.46
2019-06-30,36.2,23.7,29.9,950.4,0.0,0.0,23.8,53100.78,53838.2
2019-07-01,34.4,22.1,28.5,949.2,0.0,0.0,22.7,53111.85,53804.27
2019-07-02,33.4,22.6,28.3,946.6,0.0,0.0,23.6,44826.29,53766.74
2019-07-03,31.1,21.8,26.0,944.8,2.6,0.0,23.1,49557.15,53725.69
2019-07-04,32.8,20.7,26.2,946.5,3.6,0.0,22.3,43521.33,53681.21
2019-07-05,31.8,21.2,24.9,950.9,10.0,0.0,26.1,23782.45,53633.37
2019-07-06,28.7,19.9,24.3,954.4,8.4,0.0,18.6,47324.19,53582.27
2019-07-07,30.0,19.0,24.5,952.0,0.0,0.0,14.7,46142.01,53527.99
2019-07-08,30.5,21.1,26.0,947.9,0.0,0.0,25.3,45956.8,53470.61
2019-07-09,32.9,21.4,27.2,946.9,3.2,0.0,23.0,51487.44,53410.23
2019-07-10,28.8,21.0,24.5,953.5,3.3,0.0,23.3,50332.47,53346.91
2019-07-11,29.7,17.1,23.7,953.5,0.0,0.0,10.7,52146.89,53280.77
2019-07-12,33.1,19.8,26.4,949.3,0.0,0.0,18.8,51801.48,53211.87
2019-07-13,33.1,21.4,27.1,950.4,0.0,0.0,18.4,51120.23,53140.3
2019-07-14,33.6,22.0,27.8,951.2,0.0,0.0,16.2,51443.3,53066.17
2019-07-15,33.9,22.8,28.3,948.4,0.0,0.0,17.1,51095.3,52989.53
2019-07-16,33.7,22.3,28.1,946.9,0.3,0.0,19.8,50156.82,52910.48
2019-07-17,38.1,25.3,31.3,943.8,0.1,0.0,31.7,49701.42,52829.12
2019-07-18,38.3,26.2,32.5,942.2,0.0,0.0,26.3,50711.97,52745.23
2019-07-19,38.1,26.8,32.6,942.2,0.0,0.0,26.7,50692.12,52658.14
2019-07-20,38.3,26.5,31.4,943.2,0.4,0.0,26.7,47470.0,52567.93
2019-07-21,27.4,21.1,23.7,949.9,6.8,0.0,27.4,27429.92,52474.76
2019-07-22,26.1,17.5,21.7,957.4,0.0,0.0,20.5,50293.56,52378.76
2019-07-23,26.2,15.1,20.6,958.2,0.0,0.0,12.1,50268.48,52280.06
2019-07-24,29.6,17.0,23.1,954.8,0.0,0.0,19.1,49913.23,52178.81
2019-07-25,32.1,20.6,26.1,951.2,0.0,0.0,28.2,48110.4,52075.14
2019-07-26,32.7,22.4,27.3,951.5,0.0,0.0,23.1,48740.04,51969.17
2019-07-27,33.1,21.9,27.4,952.1,0.0,0.0,23.1,49656.17,51861.05
2019-07-28,33.9,23.7,28.1,948.0,0.0,0.0,26.7,43613.55,51750.9
2019-07-29,31.0,20.8,25.8,951.3,0.0,0.0,17.2,49543.15,51638.85
2019-07-30,32.3,20.2,26.6,951.7,0.0,0.0,26.1,49001.67,51525.01
2019-07-31,35.2,22.6,28.0,949.4,0.4,0.0,29.0,49024.41,51409.53
2019-08-01,33.1,20.6,26.5,950.6,0.9,0.0,24.9,46800.0,51292.51
2019-08-02,29.2,21.5,24.1,951.2,5.2,0.0,23.0,30537.99,51174.08
2019-08-03,28.9,20.9,24.7,951.6,0.4,0.0,11.9,47307.5,51054.34
2019-08-04,31.4,19.7,26.0,951.6,0.0,0.0,13.0,46800.0,50933.42
2019-08-05,27.6,21.5,24.7,949.8,1.9,0.0,15.0,17219.9,50811.42
2019-08-06,32.3,21.3,26.5,948.6,0.0,0.0,16.1,48221.8,50688.47
2019-08-07,33.8,21.3,27.3,946.7,0.0,0.0,16.6,47068.7,50564.28
2019-08-08,28.9,21.8,25.4,948.4,7.4,0.0,10.8,38464.43,50437.99
2019-08-09,29.3,20.4,25.0,949.1,0.0,0.0,17.4,46800.0,50309.65
2019-08-10,33.3,22.1,27.0,947.4,0.0,0.0,21.9,44865.41,50179.4
2019-08-11,31.8,23.2,27.0,947.9,5.5,0.0,17.7,34548.41,50047.38
2019-08-12,30.8,23.3,26.5,945.3,8.0,0.0,23.7,42071.06,49913.71
2019-08-13,30.7,20.0,25.2,951.2,0.5,0.0,13.9,43200.0,49778.52
2019-08-14,26.9,17.9,22.7,954.0,0.0,0.0,19.9,43200.0,49641.94
2019-08-15,31.5,18.1,23.4,949.3,0.0,0.0,22.8,29007.31,49504.1
2019-08-16,29.2,17.5,23.4,946.4,0.0,0.0,25.1,45490.4,49365.09
2019-08-17,32.2,19.9,26.1,942.8,0.1,0.0,28.1,46800.0,49225.06
2019-08-18,28.6,20.1,25.3,945.0,0.1,0.0,20.6,46800.0,49084.1
2019-08-19,34.4,19.8,27.0,948.1,0.0,0.0,20.2,46800.0,48942.34
2019-08-20,36.1,24.8,30.3,948.1,0.0,0.0,18.1,46800.0,48799.89
2019-08-21,27.3,22.0,24.1,950.2,1.7,0.0,21.9,31596.93,48656.84
2019-08-22,26.5,18.6,22.4,949.6,1.3,0.0,16.3,20093.69,48513.31
2019-08-23,28.9,20.0,23.4,950.4,0.2,0.0,26.6,34677.75,48369.41
2019-08-24,24.9,19.7,21.7,949.9,14.6,0.0,25.2,21997.48,48225.23
2019-08-25,27.6,18.8,22.5,945.2,0.0,0.0,20.2,33959.19,48080.87
2019-08-26,26.3,19.3,22.4,943.7,0.7,0.0,27.6,35689.58,47936.44
2019-08-27,24.5,15.2,19.7,951.8,0.0,0.0,14.1,44577.35,47791.65
2019-08-28,27.8,15.7,21.8,951.7,0.3,0.0,20.0,46643.67,47645.58
2019-08-29,31.4,20.0,25.2,948.3,11.8,0.0,23.4,42988.11,47498.25
2019-08-30,24.3,18.0,20.8,952.8,13.9,0.0,28.9,17437.01,47349.8
2019-08-31,25.5,18.3,21.3,954.0,0.0,0.0,18.6,33383.9,47200.32
2019-09-01,27.9,16.3,22.2,952.8,0.0,0.0,20.8,46421.44,47049.93
2019-09-02,32.2,20.3,26.0,950.0,0.0,0.0,26.1,46346.35,46898.72
2019-09-03,31.5,23.2,26.7,949.1,0.0,0.0,26.5,46195.02,46746.8
2019-09-04,27.9,19.0,23.1,954.1,0.0,0.0,18.2,46043.09,46594.28
2019-09-05,33.8,22.3,27.0,950.2,0.0,0.0,23.9,45890.65,46441.25
2019-09-06,28.6,20.8,24.2,953.2,0.0,0.0,24.5,45737.8,46287.81
2019-09-07,28.0,18.4,22.0,949.4,18.0,0.0,18.8,33629.83,46134.06
2019-09-08,28.0,18.0,22.9,947.1,0.0,0.0,20.4,38998.82,45980.09
2019-09-09,28.7,20.4,23.9,945.4,6.0,0.0,31.6,29009.96,45826.0
2019-09-10,30.5,21.5,25.4,947.3,0.0,0.0,30.3,42321.12,45671.88
2019-09-11,31.3,23.0,27.0,947.5,0.0,0.0,32.9,43506.52,45517.83
2019-09-12,26.3,19.5,23.4,949.6,5.9,0.0,29.2,44796.26,45363.92
2019-09-13,26.1,14.3,20.5,955.4,0.0,0.0,21.1,44664.22,45210.27
2019-09-14,31.4,19.2,24.9,951.5,0.0,0.0,26.2,43128.01,45056.96
2019-09-15,32.6,20.1,26.6,949.9,0.0,0.0,16.8,44173.12,44904.07
2019-09-16,32.5,23.6,27.6,949.4,0.0,0.0,30.0,39984.58,44751.32
2019-09-17,32.2,23.8,27.9,947.0,0.0,0.0,38.0,41857.45,44597.74
2019-09-18,31.8,23.4,27.1,947.1,0.0,0.0,25.9,41634.99,44443.38
2019-09-19,32.2,22.4,27.0,948.0,0.0,0.0,31.4,42608.43,44288.33
2019-09-20,29.0,22.1,25.2,946.9,0.2,0.0,28.2,35504.81,44132.68
2019-09-21,30.5,20.7,25.4,944.5,3.3,0.0,26.9,38668.33,43976.55
2019-09-22,23.5,15.5,19.4,947.4,19.3,0.0,26.7,40451.65,43820.01
2019-09-23,26.8,13.2,20.1,950.3,0.0,0.0,20.0,40987.29,43663.18
2019-09-24,27.7,19.3,23.2,944.7,1.2,0.0,19.5,36565.51,43506.15
2019-09-25,25.2,16.5,20.7,946.2,0.0,0.0,23.9,40755.17,43349.01
2019-09-26,24.5,12.0,18.2,947.0,0.0,0.0,23.4,40009.76,43191.85
2019-09-27,25.2,16.5,20.8,939.0,0.0,0.0,27.4,40215.51,43034.79
2019-09-28,16.5,12.3,15.1,947.6,1.2,0.0,27.6,16987.86,42877.9
2019-09-29,30.3,15.9,23.6,944.2,0.3,0.0,42.7,39600.0,42721.3
2019-09-30,32.2,24.4,27.3,943.6,0.1,0.0,31.6,37953.64,42565.07
2019-10-01,26.3,13.1,21.2,944.8,37.0,0.0,27.0,0.0,42409.31
2019-10-02,16.3,10.8,13.0,948.7,2.9,0.0,19.6,8443.68,42254.13
2019-10-03,16.7,6.7,11.9,957.2,0.0,0.0,17.7,39795.15,42099.61
2019-10-04,14.2,9.1,11.6,954.8,3.0,0.0,27.0,5346.04,41945.86
2019-10-05,19.8,11.8,17.2,947.9,0.4,0.0,32.1,39600.0,41792.99
2019-10-06,15.9,9.5,12.6,955.1,0.0,0.0,20.1,29005.7,41640.67
2019-10-07,20.2,7.5,13.4,955.8,0.0,0.0,21.6,39616.06,41487.88
2019-10-08,21.6,10.5,15.6,947.3,0.0,0.0,31.1,39646.93,41334.65
2019-10-09,21.7,13.4,17.4,940.7,0.0,0.0,28.7,22420.4,41181.09
2019-10-10,18.9,1.6,8.4,944.1,19.6,0.14,39.8,0.0,41027.3
2019-10-11,8.7,-1.1,3.1,955.2,0.0,0.0,30.8,39398.8,40873.4
2019-10-12,16.2,0.8,7.8,948.2,0.0,0.0,17.4,39306.15,40719.5
2019-10-13,16.8,0.3,8.9,946.3,0.0,0.0,10.6,39213.93,40565.7
2019-10-14,22.6,5.0,13.1,944.6,0.0,0.0,23.0,39122.27,40412.13
2019-10-15,15.7,7.3,11.9,949.8,0.0,0.0,31.7,39031.25,40258.88
2019-10-16,14.4,1.0,8.1,953.7,0.0,0.0,18.0,38941.01,40106.1
2019-10-17,22.3,6.1,13.9,943.2,0.0,0.0,25.5,37360.06,39953.88
2019-10-18,24.9,13.6,18.8,935.6,9.5,0.0,31.8,38763.23,39802.34
2019-10-19,19.1,8.0,13.5,942.1,1.1,0.0,22.5,38675.93,39651.61
2019-10-20,18.6,10.4,13.5,937.4,0.3,0.0,34.7,23861.42,39501.81
2019-10-21,10.9,7.1,9.1,938.8,0.0,0.0,48.2,12740.12,39353.06
2019-10-22,16.3,3.4,10.0,948.3,0.0,0.0,28.6,38421.72,39205.5
2019-10-23,17.0,5.9,12.7,946.3,0.0,0.0,32.8,38339.95,39059.25
2019-10-24,8.9,1.5,4.8,960.6,0.0,0.0,28.4,36134.67,38914.44
2019-10-25,12.6,-1.8,5.7,957.0,0.0,0.0,15.7,38181.52,38771.21
2019-10-26,18.1,1.1,9.0,942.4,0.0,0.0,22.8,38065.38,38629.24
2019-10-27,8.2,1.3,4.7,948.9,0.0,0.0,29.6,36781.7,38487.37
2019-10-28,0.8,-4.1,-1.2,953.7,1.6,1.12,21.6,10635.54,38345.66
2019-10-29,4.0,-5.0,-0.8,955.3,0.1,0.14,21.2,19067.87,38204.24
2019-10-30,-0.7,-4.9,-2.8,959.0,1.0,0.7,25.7,10339.66,38063.25
2019-10-31,5.9,-8.1,-1.6,954.8,0.0,0.0,17.7,36676.76,37922.81
2019-11-01,10.6,-0.7,3.5,954.7,0.1,0.0,26.2,18416.57,37783.08
2019-11-02,11.4,-2.9,3.6,957.3,0.0,0.0,19.1,36299.54,37644.18
2019-11-03,13.2,-1.7,5.9,947.1,0.0,0.0,21.3,35948.34,37506.27
2019-11-04,8.4,5.7,6.8,951.9,3.0,0.0,16.0,1423.72,37369.47
2019-11-05,12.8,0.8,6.5,955.9,0.0,0.0,21.9,35138.43,37233.97
2019-11-06,11.2,-0.9,4.9,956.0,0.0,0.0,31.3,35216.17,37099.88
2019-11-07,2.2,-7.7,-2.5,965.6,0.0,0.0,26.8,35491.09,36967.39
2019-11-08,11.0,-3.5,2.5,956.2,0.0,0.0,25.3,35130.41,36836.64
2019-11-09,20.9,3.9,11.3,947.8,0.0,0.0,15.7,35092.68,36707.79
2019-11-10,13.1,-0.7,8.0,948.8,0.0,0.0,33.2,34938.07,36581.01
2019-11-11,-1.3,-9.6,-6.2,965.8,1.7,1.19,37.6,22629.65,36456.46
2019-11-12,2.8,-12.4,-5.1,960.5,0.0,0.0,27.5,34800.29,36334.32
2019-11-13,9.6,-2.3,2.1,947.0,0.0,0.0,22.6,30030.33,36214.76
2019-11-14,10.1,-1.6,3.3,957.5,0.0,0.0,12.4,34595.35,36097.95
2019-11-15,14.4,-0.2,6.6,955.0,0.0,0.0,25.0,34303.31,35983.63
2019-11-16,14.8,4.1,8.8,948.4,0.0,0.0,25.6,34344.09,35870.65
2019-11-17,13.5,4.5,8.7,949.3,0.0,0.0,24.4,34385.06,35759.08
2019-11-18,19.8,5.4,12.5,942.1,0.0,0.0,32.7,33696.49,35649.04
2019-11-19,16.8,2.1,10.2,943.7,0.0,0.0,19.9,33793.97,35540.68
2019-11-20,18.4,8.0,13.3,938.3,3.4,0.0,31.6,27675.92,35434.15
2019-11-21,6.7,-0.7,3.2,950.5,0.0,0.0,30.1,31881.76,35329.58
2019-11-22,-0.1,-1.5,-0.8,954.4,2.8,1.89,17.5,1142.45,35227.11
2019-11-23,11.8,-3.8,2.4,946.5,0.0,0.0,19.4,33271.9,35126.9
2019-11-24,14.4,2.4,6.8,940.9,0.0,0.0,17.1,32968.92,35029.1
2019-11-25,11.7,3.8,7.3,937.9,0.0,0.0,24.7,32664.15,34933.85
2019-11-26,4.8,-0.7,1.2,934.2,10.5,7.21,36.7,0.0,34841.31
2019-11-27,0.7,-4.2,-2.0,953.7,0.0,0.0,32.1,32733.75,34751.64
2019-11-28,-0.3,-3.7,-1.9,957.9,7.8,5.53,20.1,0.0,34664.99
2019-11-29,3.7,-0.1,1.7,947.7,4.8,0.0,24.2,0.0,34581.52
2019-11-30,8.3,-0.7,4.3,930.8,0.7,0.35,48.6,19529.76,34501.38
2019-12-01,1.2,-2.4,-0.5,947.7,0.0,0.0,49.2,11138.99,34424.74
2019-12-02,8.4,-5.8,0.1,951.8,0.0,0.0,17.4,32400.0,34351.76
2019-12-03,11.6,0.2,4.5,945.8,0.0,0.0,19.3,32400.0,34282.59
2019-12-04,12.7,1.0,5.7,947.1,0.0,0.0,17.0,31369.56,34217.41
2019-12-05,12.1,1.1,5.7,945.2,0.0,0.0,31.4,30128.65,34156.07
2019-12-06,4.8,-3.3,0.6,958.8,0.0,0.0,29.5,32400.0,34097.86
2019-12-07,10.2,-1.7,3.9,951.3,0.0,0.0,24.2,32400.0,34042.79
2019-12-08,11.5,1.5,5.8,939.6,0.5,0.0,16.1,26983.27,33990.93
2019-12-09,5.5,-6.5,-1.9,944.4,1.0,0.49,39.9,32400.0,33942.35
2019-12-10,-0.6,-5.4,-3.2,955.6,0.1,0.07,17.0,14233.49,33897.1
2019-12-11,5.4,-5.5,-0.2,954.9,0.0,0.0,23.1,32400.0,33855.24
2019-12-12,6.7,-1.5,2.5,948.1,0.0,0.0,21.8,25977.07,33816.86
2019-12-13,8.2,-2.4,2.1,943.1,0.8,0.07,19.4,26582.96,33782.0
2019-12-14,2.4,-4.7,-1.9,946.6,0.5,0.35,19.1,18344.73,33750.72
2019-12-15,-2.4,-6.9,-4.8,947.6,2.6,1.82,12.8,7200.0,33723.08
2019-12-16,2.0,-7.3,-3.8,953.1,0.0,0.0,10.9,14777.92,33699.15
2019-12-17,4.1,-6.9,-2.2,956.5,0.0,0.0,18.2,32400.0,33678.97
2019-12-18,9.3,-6.2,-0.5,953.3,0.0,0.0,18.1,32400.0,33662.61
2019-12-19,9.1,-3.7,1.5,949.3,0.0,0.0,20.4,32077.66,33650.1
2019-12-20,7.3,-4.9,1.2,952.9,0.0,0.0,15.8,32400.0,33641.51
2019-12-21,9.8,-4.2,1.7,954.1,0.0,0.0,13.4,32400.0,33636.89
2019-12-22,11.3,-1.1,3.6,950.7,0.0,0.0,15.6,32400.0,33636.27
2019-12-23,10.1,-2.1,2.8,945.6,0.0,0.0,16.2,32400.0,33639.71
2019-12-24,12.1,-0.4,4.1,939.7,0.0,0.0,15.5,27886.38,33647.26
2019-12-25,12.4,-1.0,3.8,937.0,0.8,0.0,18.7,32400.0,33658.97
2019-12-26,4.5,-3.5,-1.1,949.4,0.0,0.0,19.4,26204.44,33674.91
2019-12-27,3.0,-5.7,-0.9,952.1,9.5,0.0,15.0,24561.62,33695.04
2019-12-28,4.0,0.8,1.9,938.7,32.9,0.28,21.9,0.0,33719.26
2019-12-29,0.7,-2.9,-1.1,937.0,2.7,1.82,32.6,10800.0,33747.5
2019-12-30,1.4,-2.4,-0.8,945.5,0.0,0.0,35.3,32400.0,33779.68
2019-12-31,3.9,-4.7,-1.4,948.3,0.0,0.0,24.6,32390.34,33815.7
2020-01-01,6.9,-4.3,0.3,934.3,0.0,0.0,17.2,31633.88,33855.5
2020-01-02,7.9,-1.8,2.0,935.2,0.0,0.0,23.1,32374.47,33898.97
2020-01-03,5.5,-2.7,0.8,947.3,0.0,0.0,23.1,32369.59,33946.04
2020-01-04,9.6,-5.2,0.9,951.9,0.0,0.0,21.1,32366.79,33996.62
2020-01-05,7.6,-1.8,3.8,954.3,0.0,0.0,29.2,32366.1,34050.61
2020-01-06,7.9,-2.7,1.2,952.9,0.0,0.0,23.1,32483.64,34107.94
2020-01-07,10.9,-3.9,2.2,953.3,0.0,0.0,17.6,32457.42,34168.51
2020-01-08,9.0,-3.2,2.9,946.3,0.0,0.0,29.6,29528.66,34232.23
2020-01-09,9.3,0.4,5.6,939.4,0.0,0.0,30.6,30599.43,34299.01
2020-01-10,1.8,-9.4,-3.5,949.8,3.1,2.17,34.7,0.0,34368.77
2020-01-11,-2.9,-12.6,-8.2,951.7,0.0,0.0,25.9,32707.58,34441.41
2020-01-12,-1.5,-7.3,-5.3,947.5,0.3,0.21,15.1,9435.28,34516.84
2020-01-13,5.2,-4.6,-0.8,946.3,0.0,0.0,18.1,20276.62,34594.97
2020-01-14,5.7,-3.3,0.4,947.6,0.0,0.0,19.0,32609.59,34676.06
2020-01-15,2.5,-10.1,-1.5,954.1,0.2,0.0,26.3,33261.73,34760.93
2020-01-16,-3.7,-13.1,-8.6,968.0,1.0,0.7,17.1,24886.43,34849.45
2020-01-17,1.7,-5.7,-2.1,949.4,7.2,3.92,29.9,0.0,34941.46
2020-01-18,4.3,-5.4,-1.2,955.2,0.9,0.42,39.3,33492.73,35036.77
2020-01-19,-1.4,-8.7,-5.2,964.4,0.0,0.0,15.1,33407.76,35135.23
2020-01-20,-3.5,-12.0,-8.6,965.6,0.0,0.0,14.7,34094.04,35236.65
2020-01-21,2.6,-12.1,-5.3,957.3,4.7,0.14,26.6,22462.71,35340.87
2020-01-22,4.2,-1.1,1.0,942.5,10.8,7.14,24.1,8468.04,35447.73
2020-01-23,2.7,-2.4,1.0,946.8,5.1,1.26,32.0,0.0,35557.05
2020-01-24,2.8,-5.7,-1.7,950.3,0.0,0.0,23.0,34730.19,35668.68
2020-01-25,6.4,-6.1,-1.3,948.0,0.0,0.0,13.7,34555.95,35782.45
2020-01-26,11.9,-2.5,3.3,946.5,0.0,0.0,14.9,31910.04,35898.22
2020-01-27,3.6,-2.3,0.2,949.0,0.0,0.0,17.4,33130.83,36015.83
2020-01-28,1.0,-2.3,-0.9,951.2,2.6,1.89,10.2,0.0,36135.11
2020-01-29,6.7,-2.5,0.9,951.6,0.0,0.0,11.6,26993.7,36255.94
2020-01-30,5.7,-1.8,0.6,948.9,0.0,0.0,15.9,27966.05,36378.16
2020-01-31,7.1,-2.7,1.8,949.1,0.0,0.0,21.8,35238.27,36501.62
2020-02-01,14.5,-2.7,4.9,947.1,0.0,0.0,20.9,35310.1,36626.19
2020-02-02,17.2,4.2,9.5,940.5,0.0,0.0,19.8,35381.43,36751.74
2020-02-03,6.3,-2.7,0.6,939.0,0.0,0.0,35.5,14370.83,36878.58
2020-02-04,-2.5,-4.9,-3.7,951.4,0.1,0.14,28.0,1336.16,37007.89
2020-02-05,1.0,-6.0,-3.8,948.8,0.4,0.28,18.2,31779.12,37139.57
2020-02-06,5.6,-8.5,-1.9,936.8,0.0,0.0,12.8,34353.41,37273.46
2020-02-07,3.8,-4.6,-0.3,942.7,0.5,0.28,21.9,21847.1,37409.38
2020-02-08,7.5,-5.7,0.3,947.6,0.0,0.0,26.2,35812.22,37547.18
2020-02-09,4.2,-3.8,1.2,947.2,0.0,0.0,37.0,35889.74,37686.69
2020-02-10,6.8,-5.3,-0.4,952.7,0.0,0.0,15.1,33193.06,37827.77
2020-02-11,5.9,-2.9,1.0,954.9,0.0,0.0,19.1,32368.6,37970.24
2020-02-12,7.3,-9.8,-0.7,945.9,0.1,0.0,36.1,17290.66,38113.97
2020-02-13,-5.0,-14.9,-10.3,959.9,0.0,0.0,30.2,34445.62,38258.79
2020-02-14,3.8,-11.5,-5.5,954.8,0.0,0.0,31.7,36446.17,38404.58
2020-02-15,9.5,-4.5,1.7,948.2,0.0,0.0,22.7,36719.63,38551.18
2020-02-16,10.6,-2.0,3.7,946.6,0.0,0.0,15.9,32400.0,38698.45
2020-02-17,11.4,0.0,4.8,944.2,0.1,0.0,31.6,32400.0,38846.27
2020-02-18,4.6,-3.8,0.1,958.3,0.0,0.0,16.2,30448.25,38994.49
2020-02-19,0.7,-7.8,-3.2,962.9,1.7,1.19,25.6,7662.37,39142.98
2020-02-20,0.4,-12.4,-6.5,970.6,0.9,0.63,20.1,37751.32,39291.6
2020-02-21,9.6,-6.9,-0.2,961.2,0.0,0.0,24.4,38179.81,39440.24
2020-02-22,12.7,-3.0,3.5,949.7,0.0,0.0,16.7,36729.83,39588.76
2020-02-23,13.5,-0.6,5.5,944.7,4.0,0.0,29.0,22285.46,39737.5
2020-02-24,10.2,0.5,4.7,942.9,0.3,0.0,27.0,35890.54,39887.63
2020-02-25,1.5,-1.8,0.0,951.1,4.9,3.36,38.0,0.0,40039.08
2020-02-26,3.0,-6.2,-2.0,960.0,0.0,0.0,30.1,38596.77,40191.75
2020-02-27,5.3,-3.2,0.1,952.8,2.2,0.91,21.5,23697.92,40345.5
2020-02-28,13.0,-2.0,3.9,953.7,0.0,0.0,23.2,38777.32,40500.19
2020-02-29,16.6,-0.7,7.3,946.1,0.0,0.0,26.3,38862.68,40655.73
2020-03-01,13.7,1.2,7.2,940.1,0.0,0.0,26.3,36898.31,40811.98
2020-03-02,10.3,-0.1,4.5,943.6,1.0,0.7,21.8,36000.0,40968.82
2020-03-03,14.5,-0.3,7.2,942.3,0.0,0.0,22.9,39309.14,41126.15
2020-03-04,16.7,0.8,9.2,947.8,0.0,0.0,27.4,39670.74,41283.84
2020-03-05,12.0,2.0,7.9,956.2,0.0,0.0,32.3,39730.25,41441.77
2020-03-06,12.6,-3.4,5.2,961.1,0.0,0.0,28.8,39790.36,41599.85
2020-03-07,19.4,7.3,12.7,950.7,0.0,0.0,35.5,40152.44,41757.95
2020-03-08,20.6,9.5,14.3,944.3,0.0,0.0,31.1,36814.07,41915.96
2020-03-09,12.1,1.3,6.6,948.3,7.9,0.0,28.9,21136.34,42073.78
2020-03-10,15.0,-1.4,5.1,953.6,0.3,0.0,18.7,39840.54,42231.29
2020-03-11,18.9,0.6,10.1,946.7,0.8,0.0,23.3,40709.18,42388.39
2020-03-12,14.5,4.7,10.5,943.0,3.9,0.0,36.0,40075.85,42544.96
2020-03-13,4.5,0.3,2.5,956.8,3.8,2.52,22.4,590.45,42700.89
2020-03-14,3.2,0.4,1.2,958.9,7.1,4.9,23.8,0.0,42856.5
2020-03-15,3.8,-0.8,1.0,962.6,0.0,0.0,15.4,2209.01,43012.86
2020-03-16,7.3,1.4,3.7,955.1,1.1,0.0,12.7,0.0,43169.94
2020-03-17,8.5,0.8,4.9,954.4,0.7,0.0,16.4,12984.22,43327.64
2020-03-18,14.0,7.3,9.8,944.6,2.5,0.0,16.0,81.35,43485.85
2020-03-19,21.8,0.4,13.0,938.6,13.0,0.0,45.0,31111.06,43644.49
2020-03-20,2.5,-8.3,-2.4,963.0,0.0,0.0,39.2,42145.93,43803.44
2020-03-21,8.7,-6.4,0.6,960.0,0.0,0.0,21.3,39600.0,43962.61
2020-03-22,9.3,1.0,4.9,950.7,2.8,0.63,18.9,5363.63,44121.9
2020-03-23,16.3,1.1,8.2,948.7,0.0,0.0,16.9,41226.77,44281.21
2020-03-24,17.6,7.8,11.5,944.6,0.1,0.0,18.3,32585.46,44440.44
2020-03-25,23.0,7.8,14.1,939.7,0.0,0.0,29.8,41166.7,44599.48
2020-03-26,12.4,5.7,8.7,940.3,0.0,0.0,28.5,10689.7,44758.25
2020-03-27,12.5,7.3,9.6,938.7,0.3,0.0,16.5,0.0,44916.63
2020-03-28,9.0,5.0,6.5,935.2,4.6,0.0,39.0,6593.79,45074.52
2020-03-29,16.6,3.5,9.5,948.8,0.0,0.0,20.2,43776.41,45231.82
2020-03-30,18.5,6.0,11.8,950.4,0.1,0.0,23.9,23721.64,45388.42
2020-03-31,19.2,6.0,12.4,948.5,0.4,0.0,19.6,43803.38,45544.23
2020-04-01,20.4,8.9,14.7,941.3,0.0,0.0,34.7,37194.47,45699.12
2020-04-02,15.5,-3.7,6.9,943.3,1.2,0.0,32.6,9600.31,45853.0
2020-04-03,6.9,-6.2,-0.3,955.1,0.0,0.0,26.9,44747.92,46006.14
2020-04-04,9.6,-5.6,1.4,953.4,0.0,0.0,12.8,44763.89,46159.56
2020-04-05,14.7,-0.3,7.2,947.7,0.0,0.0,23.0,45381.34,46313.23
2020-04-06,24.1,10.2,16.5,941.5,0.0,0.0,21.5,45097.12,46467.06
2020-04-07,27.2,11.3,19.1,941.3,0.0,0.0,20.5,44479.04,46620.95
2020-04-08,21.3,9.5,16.0,944.9,0.0,0.0,30.0,46157.89,46774.79
2020-04-09,14.8,3.5,8.7,952.6,0.0,0.0,27.1,45599.46,46928.49
2020-04-10,17.6,-2.3,6.7,949.6,0.0,0.0,28.4,46343.45,47081.96
2020-04-11,22.7,10.3,15.9,935.7,0.0,0.0,25.2,40285.11,47235.08
2020-04-12,12.2,-2.0,3.1,941.4,1.7,0.35,46.5,15390.01,47387.75
2020-04-13,6.0,-5.2,0.4,955.5,0.0,0.0,22.9,46618.81,47539.87
2020-04-14,10.3,-4.4,3.1,954.2,0.0,0.0,27.4,43875.63,47691.34
2020-04-15,12.7,-3.0,5.6,950.4,0.2,0.0,15.1,45606.9,47842.03
2020-04-16,6.8,0.3,3.3,951.0,1.2,0.56,30.7,10343.42,47991.84
2020-04-17,11.5,-2.9,4.5,953.3,0.1,0.0,26.1,46800.0,48140.65
2020-04-18,21.0,3.3,11.9,943.9,0.0,0.0,26.1,46800.0,48288.36
2020-04-19,19.3,7.2,13.3,942.9,0.0,0.0,23.1,46800.0,48434.83
2020-04-20,21.8,6.4,14.3,944.5,0.9,0.0,30.1,37528.61,48579.96
2020-04-21,24.3,6.1,16.1,947.6,0.0,0.0,22.0,43470.02,48723.61
2020-04-22,20.7,11.4,15.2,942.5,3.8,0.0,16.2,25600.4,48865.67
2020-04-23,26.0,10.3,18.0,939.0,0.2,0.0,22.1,40610.9,49006.38
2020-04-24,16.7,9.8,12.8,943.5,2.5,0.0,26.8,15062.17,49146.73
2020-04-25,20.4,7.5,13.7,950.8,0.6,0.0,26.2,46800.0,49286.67
2020-04-26,24.0,6.6,15.8,950.6,0.0,0.0,31.6,45645.98,49426.09
2020-04-27,28.7,13.0,21.1,946.2,0.0,0.0,20.3,46800.0,49564.9
2020-04-28,25.7,14.8,19.1,944.6,0.5,0.0,41.3,33677.11,49702.97
2020-04-29,20.4,10.7,15.3,951.2,0.0,0.0,39.5,46800.0,49840.2
2020-04-30,26.0,6.6,16.8,949.0,0.0,0.0,22.7,46800.0,49976.47
2020-05-01,32.9,15.0,23.0,942.9,0.0,0.0,22.5,39600.0,50111.65
2020-05-02,25.3,16.6,20.7,948.8,0.0,0.0,32.3,36817.13,50245.64
2020-05-03,26.3,13.0,20.0,949.4,0.0,0.0,19.4,46800.0,50378.3
2020-05-04,19.5,13.6,16.1,946.1,8.1,0.0,30.0,34447.31,50509.52
2020-05-05,22.5,9.7,15.8,952.5,0.0,0.0,31.4,46966.11,50639.16
2020-05-06,19.5,8.3,13.4,957.1,0.0,0.0,20.7,47328.61,50767.08
2020-05-07,21.1,7.0,13.4,949.5,4.1,0.0,28.3,32061.89,50893.17
2020-05-08,15.9,4.9,10.2,956.3,0.7,0.0,36.5,47535.22,51017.28
2020-05-09,17.9,5.0,10.4,955.2,0.0,0.0,27.7,13138.98,51139.28
2020-05-10,15.1,2.2,8.3,959.9,0.0,0.0,20.6,39836.17,51259.01
2020-05-11,8.4,2.5,5.6,959.0,4.6,0.0,11.0,6668.81,51376.34
2020-05-12,11.9,3.0,7.8,953.3,0.3,0.0,19.7,24966.79,51491.14
2020-05-13,19.5,7.9,12.5,944.5,1.7,0.0,23.2,5451.8,51603.57
2020-05-14,24.3,12.4,18.3,942.6,5.4,0.0,17.3,39683.55,51714.53
2020-05-15,25.2,12.8,18.8,946.9,0.0,0.0,21.5,41540.24,51823.94
2020-05-16,22.5,14.4,18.0,946.5,1.5,0.0,18.3,18762.78,51931.73
2020-05-17,21.8,10.2,15.8,948.9,0.0,0.0,27.2,49365.46,52037.76
2020-05-18,23.9,9.6,16.4,949.0,0.0,0.0,17.8,49978.06,52141.93
2020-05-19,24.3,8.8,16.7,948.3,0.0,0.0,17.0,50266.69,52244.14
2020-05-20,25.1,11.9,18.5,947.3,0.0,0.0,25.2,49900.23,52344.27
2020-05-21,19.5,14.6,16.7,945.4,11.7,0.0,24.8,0.0,52442.2
2020-05-22,19.7,15.3,16.9,943.8,16.3,0.0,21.0,4572.07,52537.82
2020-05-23,27.9,12.0,20.2,942.6,0.0,0.0,25.9,50451.56,52631.02
2020-05-24,26.1,16.9,21.8,942.0,8.1,0.0,24.3,31461.9,52721.66
2020-05-25,17.2,13.5,15.0,945.9,26.3,0.0,26.0,0.0,52809.64
2020-05-26,21.1,12.6,16.4,945.9,1.0,0.0,22.5,32831.17,52894.83
2020-05-27,24.1,12.2,18.1,947.0,0.0,0.0,16.7,40983.49,52977.11
2020-05-28,24.7,15.0,19.6,950.9,0.1,0.0,26.8,50372.54,53056.36
2020-05-29,24.5,14.5,19.6,955.8,0.0,0.0,15.8,50739.28,53132.45
2020-05-30,28.4,15.0,20.9,954.0,0.0,0.0,27.6,38235.98,53205.26
2020-05-31,29.6,17.1,23.1,952.6,0.0,0.0,32.6,51809.01,53274.66
2020-06-01,33.3,20.7,26.5,949.2,0.0,0.0,30.3,50500.22,53340.53
2020-06-02,34.3,20.7,27.2,947.3,0.0,0.0,24.1,51180.83,53402.96
2020-06-03,32.4,20.3,26.2,946.3,0.0,0.0,19.1,49142.91,53462.46
2020-06-04,35.8,18.7,26.6,942.9,0.0,0.0,28.1,51831.79,53519.01
2020-06-05,35.9,22.3,29.3,945.7,0.0,0.0,17.7,52978.71,53572.56
2020-06-06,36.6,23.8,30.0,946.3,0.0,0.0,32.0,46319.75,53623.05
2020-06-07,34.7,25.0,29.6,942.7,0.0,0.0,41.0,51361.4,53670.46
2020-06-08,35.2,23.5,28.9,939.6,0.0,0.0,36.3,53118.42,53714.7
2020-06-09,31.2,14.2,23.1,933.9,6.1,0.0,50.4,40651.57,53755.74
2020-06-10,25.2,14.2,18.8,948.3,5.9,0.0,40.1,53195.68,53793.54
2020-06-11,31.7,14.0,22.4,955.5,0.0,0.0,16.2,53229.41,53828.04
2020-06-12,31.5,17.1,24.6,956.4,0.0,0.0,17.4,53259.82,53859.19
2020-06-13,33.4,19.5,26.9,950.7,0.0,0.0,26.1,53286.86,53886.96
2020-06-14,35.0,22.7,28.6,949.2,0.0,0.0,33.5,49710.49,53911.3
2020-06-15,33.6,23.5,28.4,952.1,0.0,0.0,34.6,51591.46,53932.15
2020-06-16,33.2,23.1,28.2,950.8,0.0,0.0,34.1,53347.35,53949.5
2020-06-17,33.7,23.5,28.5,946.4,0.4,0.0,38.7,50625.78,53963.3
2020-06-18,32.8,19.6,26.9,945.7,1.2,0.0,33.2,52276.26,53973.5
2020-06-19,22.8,16.7,19.0,950.3,24.7,0.0,27.0,0.0,53980.08
2020-06-20,28.7,17.9,22.7,948.4,4.0,0.0,15.1,49426.57,53982.99
2020-06-21,30.6,19.9,24.6,944.6,2.4,0.0,21.5,39227.01,53982.21
2020-06-22,29.7,18.1,23.7,947.2,0.0,0.0,19.5,50509.1,53977.68
2020-06-23,28.5,16.3,22.5,950.4,0.0,0.0,21.1,53296.01,53969.35
2020-06-24,29.7,17.1,23.6,948.2,0.1,0.0,19.6,52708.12,53957.28
2020-06-25,34.9,20.2,27.6,945.5,0.0,0.0,30.1,41725.1,53941.51
2020-06-26,33.6,23.2,28.2,946.6,0.9,0.0,25.2,49223.24,53922.09
2020-06-27,32.2,20.9,25.9,943.9,0.5,0.0,22.2,41872.88,53899.09
2020-06-28,34.9,23.3,28.9,937.7,0.1,0.0,37.8,50186.98,53872.55
2020-06-29,35.7,23.5,29.5,938.0,0.6,0.0,33.0,51781.56,53842.55
2020-06-30,37.5,24.7,30.5,938.8,0.0,0.0,25.8,53109.96,53809.13
2020-07-01,32.9,21.1,26.8,945.6,0.0,0.0,33.8,50405.87,53772.36
2020-07-02,34.5,22.1,27.1,949.7,1.3,0.0,21.0,40298.88,53732.3
2020-07-03,32.1,21.0,26.2,951.5,0.0,0.0,15.4,50087.12,53689.01
2020-07-04,31.8,20.8,26.3,951.2,0.2,0.0,13.7,52482.88,53642.57
2020-07-05,30.7,20.2,25.7,949.8,0.0,0.0,13.9,52417.57,53593.03
2020-07-06,31.9,22.3,26.8,950.3,0.4,0.0,17.7,51497.49,53540.45
2020-07-07,34.5,22.0,28.3,949.2,0.0,0.0,21.7,52171.95,53484.91
2020-07-08,35.3,23.9,28.4,945.2,0.1,0.0,27.3,46977.5,53426.47
2020-07-09,32.0,20.5,27.5,946.4,0.0,0.0,26.6,48533.51,53365.2
2020-07-10,34.4,22.4,27.9,950.8,0.0,0.0,19.9,51815.03,53301.17
2020-07-11,33.0,22.6,27.9,950.4,0.0,0.0,20.5,51804.78,53234.43
2020-07-12,31.4,19.8,25.8,950.1,0.0,0.0,19.8,51792.63,53164.83
2020-07-13,35.3,22.0,28.1,945.6,0.0,0.0,27.0,51280.74,53091.77
2020-07-14,33.2,21.7,26.6,946.1,3.2,0.0,25.3,38931.04,53015.35
2020-07-15,28.1,18.6,22.5,949.8,43.7,0.0,24.2,44641.48,52935.71
2020-07-16,31.6,19.5,25.2,951.1,0.0,0.0,19.7,49371.75,52852.97
2020-07-17,35.1,23.1,27.8,949.0,0.0,0.0,23.6,38573.35,52767.26
2020-07-18,37.2,27.3,31.3,945.0,0.0,0.0,28.1,44241.73,52678.71
2020-07-19,30.3,22.2,26.2,949.6,1.1,0.0,23.0,49800.25,52587.47
2020-07-20,29.8,20.4,25.1,948.5,6.0,0.0,25.7,42283.76,52493.63
2020-07-21,29.7,19.7,24.3,949.2,1.4,0.0,20.5,43097.73,52397.34
2020-07-22,31.8,20.4,25.7,950.1,0.0,0.0,20.7,50272.65,52298.73
2020-07-23,32.5,22.9,27.5,950.4,0.0,0.0,23.6,49823.74,52197.9
2020-07-24,31.9,23.5,27.7,950.1,0.1,0.0,26.4,48687.74,52095.0
2020-07-25,34.3,24.7,29.1,949.2,0.0,0.0,25.3,49864.98,51990.12
2020-07-26,33.3,23.9,27.5,950.3,33.0,0.0,21.7,36000.0,51883.4
2020-07-27,27.4,21.9,24.2,951.8,27.5,0.0,19.0,42400.06,51774.94
2020-07-28,28.7,18.7,23.9,949.8,0.0,0.0,11.5,48650.6,51664.88
2020-07-29,28.6,21.8,25.0,946.8,3.9,0.0,14.5,48028.06,51553.3
2020-07-30,23.5,20.1,21.2,948.9,17.7,0.0,26.3,1489.57,51440.33
2020-07-31,26.5,17.1,21.3,951.8,0.0,0.0,16.3,48700.81,51326.07
2020-08-01,27.2,16.8,21.7,951.2,1.5,0.0,15.7,38874.89,51210.29
2020-08-02,25.6,16.1,21.0,952.8,0.0,0.0,22.4,49088.51,51092.1
2020-08-03,24.8,14.3,19.7,954.1,0.0,0.0,13.8,48156.81,50971.6
2020-08-04,25.4,14.9,20.0,953.3,0.0,0.0,19.3,45916.1,50848.92
2020-08-05,28.0,16.3,21.9,950.3,0.0,0.0,19.2,46800.0,50724.21
2020-08-06,30.1,20.6,25.1,948.3,0.0,0.0,22.3,47610.02,50597.6
2020-08-07,32.6,21.3,26.6,946.8,0.0,0.0,23.0,47854.56,50469.22
2020-08-08,34.9,21.3,28.4,946.9,0.0,0.0,21.1,47358.92,50339.2
2020-08-09,34.5,22.7,28.7,946.5,0.0,0.0,23.4,47708.15,50207.67
2020-08-10,30.6,23.8,27.1,947.9,0.0,0.0,27.9,46800.0,50074.76
2020-08-11,31.9,19.6,25.9,948.8,0.0,0.0,20.2,46800.0,49940.6
2020-08-12,31.4,22.2,26.1,948.7,0.0,0.0,22.8,36072.13,49805.29
2020-08-13,31.6,22.0,26.2,949.0,0.0,0.0,24.2,42769.85,49668.96
2020-08-14,33.3,20.4,25.9,948.6,0.6,0.0,16.2,46674.28,49531.72
2020-08-15,30.0,19.7,24.5,952.8,0.4,0.0,19.5,46986.28,49393.7
2020-08-16,29.6,19.5,23.4,953.9,4.0,0.0,18.9,43200.0,49254.99
2020-08-17,30.3,17.3,24.1,956.1,0.0,0.0,10.2,46800.0,49115.71
2020-08-18,28.2,17.1,23.2,953.9,0.0,0.0,17.4,46800.0,48975.96
2020-08-19,29.1,18.6,23.4,951.2,1.1,0.0,18.3,39600.0,48835.85
2020-08-20,30.9,18.2,24.6,947.6,0.0,0.0,19.6,46800.0,48695.48
2020-08-21,31.7,21.4,26.0,946.0,0.0,0.0,21.3,46800.0,48554.58
2020-08-22,32.6,19.0,25.6,947.1,0.0,0.0,19.2,46800.0,48412.22
2020-08-23,33.9,21.0,27.2,949.2,0.0,0.0,17.5,46800.0,48268.44
2020-08-24,33.6,20.6,27.3,950.7,0.0,0.0,22.3,46800.0,48123.37
2020-08-25,33.7,21.4,27.5,949.8,0.0,0.0,24.1,46768.79,47977.12
2020-08-26,33.2,21.1,27.3,947.0,0.0,0.0,26.5,46713.08,47829.8
2020-08-27,34.0,21.1,27.5,945.1,0.0,0.0,18.4,46657.37,47681.51
2020-08-28,33.7,21.3,27.7,944.8,0.0,0.0,24.5,46601.65,47532.38
2020-08-29,26.6,19.0,23.3,949.3,0.0,0.0,22.7,39600.0,47382.51
2020-08-30,28.5,17.4,22.8,942.8,0.0,0.0,24.5,42985.71,47231.98
2020-08-31,24.1,16.3,20.8,944.3,0.1,0.0,36.4,44304.05,47080.92
2020-09-01,28.1,16.5,21.9,944.9,0.0,0.0,13.7,46376.91,46929.41
2020-09-02,30.3,17.8,24.0,946.8,0.0,0.0,14.8,46225.77,46777.56
2020-09-03,26.2,18.6,22.5,949.6,0.0,0.0,32.2,46074.39,46625.48
2020-09-04,28.9,14.2,21.3,954.8,0.0,0.0,12.3,45922.85,46473.23
2020-09-05,34.1,19.0,26.3,955.6,0.0,0.0,23.2,45771.25,46320.94
2020-09-06,36.3,23.8,29.0,947.0,0.0,0.0,32.7,45619.69,46168.68
2020-09-07,28.6,17.3,23.0,944.3,8.5,0.0,33.3,45468.24,46016.56
2020-09-08,15.1,6.9,9.3,952.4,11.8,0.0,39.8,0.0,45864.65
2020-09-09,9.0,5.4,7.2,959.2,14.5,0.0,28.8,0.0,45713.06
2020-09-10,15.0,7.2,10.4,960.3,0.3,0.0,20.3,25917.92,45561.49
2020-09-11,18.7,10.7,13.5,954.1,1.1,0.0,14.0,14478.98,45409.01
2020-09-12,23.6,11.7,16.9,948.5,0.0,0.0,16.3,43254.24,45255.64
2020-09-13,26.3,11.6,19.1,953.9,0.0,0.0,11.1,44555.29,45101.47
2020-09-14,26.1,12.4,19.4,957.6,0.0,0.0,13.0,44400.62,44946.63
2020-09-15,26.3,13.6,19.5,954.3,0.0,0.0,16.3,44245.37,44791.19
2020-09-16,26.1,13.9,19.7,953.3,0.0,0.0,23.2,43858.91,44635.27
2020-09-17,24.2,11.6,17.6,955.4,0.0,0.0,11.7,43553.34,44478.95
2020-09-18,23.7,12.9,18.1,956.8,0.0,0.0,17.3,42292.85,44322.33
2020-09-19,26.0,13.5,19.3,953.7,0.0,0.0,28.1,40903.65,44165.51
2020-09-20,27.4,16.0,20.9,952.4,0.0,0.0,29.4,42150.45,44008.58
2020-09-21,27.1,14.5,20.3,953.8,0.0,0.0,22.8,41631.43,43851.63
2020-09-22,26.8,14.2,20.3,952.2,0.0,0.0,18.4,41411.49,43694.77
2020-09-23,26.2,15.4,19.8,949.3,0.0,0.0,17.0,36472.36,43538.08
2020-09-24,29.2,14.7,21.7,945.0,0.0,0.0,15.5,40971.54,43381.65
2020-09-25,31.6,16.3,23.5,942.5,0.0,0.0,12.6,40777.53,43225.59
2020-09-26,32.2,18.9,25.4,939.8,0.0,0.0,31.1,40507.82,43069.99
2020-09-27,21.3,15.6,18.1,947.0,0.9,0.0,32.4,25260.45,42914.93
2020-09-28,19.4,10.4,14.6,953.3,0.0,0.0,33.2,40267.8,42760.52
2020-09-29,24.8,7.2,15.6,949.7,0.0,0.0,19.1,40297.74,42606.85
2020-09-30,21.6,14.3,17.7,950.3,0.0,0.0,29.7,40027.93,42453.62
2020-10-01,16.3,9.1,12.7,958.7,0.0,0.0,25.4,40058.13,42299.82
2020-10-02,20.4,4.2,12.6,953.1,0.0,0.0,19.8,39677.85,42145.47
2020-10-03,18.0,8.6,12.8,952.0,0.0,0.0,23.9,39600.0,41990.69
2020-10-04,20.3,6.0,13.1,954.8,0.0,0.0,25.3,39600.0,41835.57
2020-10-05,27.5,13.3,19.3,948.2,0.0,0.0,25.3,39600.0,41680.22
2020-10-06,27.5,10.8,19.9,950.2,0.0,0.0,19.7,39609.35,41524.76
2020-10-07,29.1,13.2,21.5,948.7,0.0,0.0,20.3,39640.25,41369.28
2020-10-08,29.1,14.0,21.8,948.5,0.0,0.0,27.3,39600.0,41213.88
2020-10-09,30.0,17.5,23.4,943.2,0.0,0.0,23.3,39509.74,41058.69
2020-10-10,26.4,14.2,20.1,945.1,0.0,0.0,21.2,39415.76,40903.8
2020-10-11,30.2,15.0,22.3,938.9,0.1,0.0,57.5,39322.47,40749.33
2020-10-12,21.5,8.5,15.7,948.3,0.0,0.0,34.0,39230.01,40595.38
2020-10-13,21.4,12.0,16.6,950.6,0.0,0.0,21.4,39138.47,40442.08
2020-10-14,22.7,13.3,17.0,943.3,0.0,0.0,26.5,39047.98,40289.52
2020-10-15,13.7,6.5,10.6,955.1,0.2,0.0,23.1,38958.65,40137.84
2020-10-16,16.1,4.3,10.4,954.9,0.0,0.0,25.7,37265.1,39987.15
2020-10-17,20.6,9.3,14.7,943.4,0.0,0.0,27.5,38783.9,39837.56
2020-10-18,8.2,2.0,5.2,954.9,0.0,0.0,28.6,24061.38,39689.2
2020-10-19,10.7,2.0,5.6,953.1,0.0,0.0,13.0,28374.35,39542.19
2020-10-20,15.5,4.2,8.6,949.0,0.0,0.0,17.7,30402.27,39396.22
2020-10-21,10.6,6.2,8.5,949.8,0.4,0.0,16.7,1768.9,39250.15
2020-10-22,13.9,3.0,9.5,944.3,0.1,0.0,33.9,11922.44,39104.05
2020-10-23,6.1,0.1,2.8,959.4,0.4,0.0,32.4,37050.12,38958.02
2020-10-24,5.0,-3.1,0.7,954.2,0.0,0.0,17.7,32195.76,38812.2
2020-10-25,1.4,-3.6,-0.7,956.0,0.3,0.21,27.3,2032.57,38666.71
2020-10-26,-3.3,-6.8,-4.8,961.7,3.5,2.45,24.9,4924.51,38521.69
2020-10-27,3.2,-7.1,-2.1,957.3,0.0,0.0,12.8,37391.52,38377.28
2020-10-28,10.8,-3.2,3.9,948.9,0.0,0.0,31.0,27516.36,38233.6
2020-10-29,10.3,1.1,5.7,952.7,0.0,0.0,31.9,36708.33,38090.78
2020-10-30,17.9,3.4,10.4,951.9,0.0,0.0,19.8,36681.65,37948.99
2020-10-31,19.3,8.4,13.2,949.7,0.0,0.0,27.9,36335.24,37808.35
2020-11-01,11.6,1.0,7.1,963.6,0.0,0.0,19.9,36306.28,37669.01
2020-11-02,19.5,2.7,10.1,957.5,0.0,0.0,14.2,35955.97,37531.11
2020-11-03,23.6,5.6,14.0,949.1,0.0,0.0,17.2,35924.53,37394.83
2020-11-04,23.3,7.2,15.1,948.1,0.0,0.0,14.1,34202.99,37260.3
2020-11-05,24.6,11.1,16.7,953.5,0.0,0.0,21.3,35536.42,37127.68
2020-11-06,24.0,6.2,15.3,948.9,0.0,0.0,28.4,35178.17,36997.14
2020-11-07,22.2,13.8,17.6,944.6,0.0,0.0,33.8,34048.06,36868.84
2020-11-08,23.3,14.2,18.0,941.1,0.0,0.0,45.5,35027.47,36742.94
2020-11-09,21.0,1.7,12.2,942.1,10.4,0.0,32.4,26547.76,36619.15
2020-11-10,6.5,-0.9,1.8,944.2,6.7,0.35,27.4,27325.87,36496.31
2020-11-11,13.1,-1.4,4.8,948.0,0.0,0.0,15.4,34821.98,36374.47
2020-11-12,6.7,-2.7,2.7,950.7,0.0,0.0,25.1,31543.8,36253.78
2020-11-13,8.3,-4.8,1.2,951.5,0.0,0.0,27.4,34683.04,36134.38
2020-11-14,16.2,2.6,7.5,936.0,0.1,0.0,40.9,31084.41,36016.4
2020-11-15,11.7,3.0,6.7,950.2,0.0,0.0,34.0,34543.43,35900.01
2020-11-16,16.4,4.4,9.0,955.0,0.0,0.0,19.8,34376.81,35785.36
2020-11-17,17.2,2.0,9.5,958.3,0.0,0.0,26.0,34082.99,35672.58
2020-11-18,21.4,9.8,14.6,947.1,0.0,0.0,28.7,34123.86,35561.83
2020-11-19,23.5,7.6,15.6,944.5,0.0,0.0,20.1,33827.31,35453.29
2020-11-20,14.7,6.2,10.7,959.0,0.0,0.0,25.2,33528.99,35347.1
2020-11-21,9.0,4.4,6.9,961.5,0.0,0.0,15.8,2762.75,35243.43
2020-11-22,11.6,1.3,5.8,959.5,0.0,0.0,23.5,33266.09,35142.46
2020-11-23,8.2,0.2,4.4,950.6,0.9,0.0,32.6,0.0,35044.33
2020-11-24,12.1,2.2,7.4,940.8,12.6,0.07,31.4,0.0,34949.21
2020-11-25,9.3,-1.9,3.1,945.8,0.4,0.21,30.6,33033.46,34857.29
2020-11-26,9.7,-1.3,4.0,947.2,0.0,0.0,22.7,32725.75,34768.74
2020-11-27,10.2,-0.4,3.7,955.4,0.0,0.0,15.5,32758.72,34683.73
2020-11-28,13.5,-0.1,5.4,952.1,0.0,0.0,18.8,32447.75,34602.43
2020-11-29,6.7,-1.7,3.5,956.5,0.0,0.0,37.3,32478.74,34524.67
2020-11-30,6.4,-7.7,-1.0,955.8,0.0,0.0,16.1,32509.54,34449.55
2020-12-01,6.9,-5.5,0.6,947.1,0.0,0.0,16.6,31130.05,34377.14
2020-12-02,5.6,-1.1,1.8,957.1,0.0,0.0,25.1,32400.0,34307.51
2020-12-03,6.3,-3.1,0.6,956.3,0.0,0.0,20.2,32400.0,34240.76
2020-12-04,11.7,-1.0,4.0,951.1,0.0,0.0,18.2,32400.0,34176.99
2020-12-05,11.7,1.2,6.1,955.0,0.0,0.0,21.4,32400.0,34116.28
2020-12-06,9.0,0.1,4.2,953.0,0.0,0.0,17.2,32400.0,34058.74
2020-12-07,12.8,0.8,5.8,952.0,0.0,0.0,20.4,32400.0,34004.45
2020-12-08,14.1,0.4,7.3,951.4,0.0,0.0,17.4,32400.0,33953.52
2020-12-09,17.9,5.6,10.3,948.1,0.0,0.0,17.8,32400.0,33906.02
2020-12-10,11.2,0.9,6.1,944.4,0.1,0.0,25.6,30152.69,33862.06
2020-12-11,3.8,0.2,1.9,945.2,2.2,1.54,24.5,993.79,33821.73
2020-12-12,1.4,-2.7,-0.9,949.7,0.9,0.63,24.7,26865.24,33785.11
2020-12-13,3.2,-6.6,-2.8,955.4,0.0,0.0,15.4,32400.0,33752.31
2020-12-14,1.3,-8.6,-3.3,954.5,0.0,0.0,23.8,25798.77,33723.4
2020-12-15,-1.9,-4.3,-3.3,952.0,1.6,1.05,16.7,125.89,33698.47
2020-12-16,3.5,-6.5,-2.6,948.3,0.0,0.0,13.4,32400.0,33677.6
2020-12-17,7.8,-4.2,1.1,948.5,0.0,0.0,17.1,32400.0,33660.89
2020-12-18,8.6,1.6,4.6,944.5,0.0,0.0,26.5,32400.0,33648.41
2020-12-19,6.6,-6.0,0.1,950.4,0.0,0.0,18.6,32400.0,33640.18
2020-12-20,9.8,0.2,4.9,946.2,0.0,0.0,22.5,32400.0,33636.04
2020-12-21,13.7,2.4,6.9,949.1,0.0,0.0,19.9,32400.0,33635.95
2020-12-22,14.6,3.2,8.1,941.8,0.0,0.0,32.0,32400.0,33639.87
2020-12-23,11.7,-5.2,0.7,941.6,2.6,1.47,49.7,9659.2,33647.77
2020-12-24,0.8,-5.9,-3.5,951.8,0.0,0.0,26.6,32400.0,33659.58
2020-12-25,10.4,-6.7,-0.1,949.2,0.0,0.0,14.1,32400.0,33675.28
2020-12-26,8.9,-3.6,1.5,941.5,0.0,0.0,12.3,32400.0,33694.81
2020-12-27,8.4,-1.8,3.1,942.8,0.0,0.0,28.7,32400.0,33718.13
2020-12-28,2.7,-5.4,-1.7,958.6,0.7,0.49,13.7,29076.06,33745.17
2020-12-29,0.7,-3.2,-1.6,949.9,5.6,2.73,22.7,0.0,33775.91
2020-12-30,2.2,-6.4,-2.3,952.3,0.0,0.0,25.8,32389.58,33810.27
2020-12-31,3.6,-8.5,-2.8,950.8,0.0,0.0,16.2,32379.29,33848.21
2021-01-01,3.0,-3.6,-1.2,949.8,0.0,0.0,19.7,23251.25,33889.67
2021-01-02,7.0,-4.1,0.3,948.2,0.0,0.0,9.9,30971.4,33934.59
2021-01-03,8.8,-1.7,2.0,943.5,0.0,0.0,15.3,32361.92,33982.91
2021-01-04,10.7,0.4,5.2,948.6,0.0,0.0,25.1,32360.83,34034.58
2021-01-05,11.0,-0.6,4.4,946.1,0.0,0.0,28.6,32362.18,34089.54
2021-01-06,5.0,1.0,2.9,949.7,1.1,0.21,26.9,14088.65,34147.72
2021-01-07,3.1,-0.8,1.6,955.4,1.2,0.21,13.0,0.0,34209.06
2021-01-08,1.8,-2.4,-0.9,958.9,0.0,0.0,8.2,4094.47,34273.79
2021-01-09,5.1,-3.9,0.1,959.0,0.0,0.0,7.6,19295.99,34342.54
2021-01-10,3.1,-3.0,-0.1,960.3,0.1,0.07,8.1,11927.22,34415.21
2021-01-11,8.3,-4.1,0.5,955.3,0.0,0.0,21.0,33032.56,34491.65
2021-01-12,10.2,-2.6,2.5,950.9,0.0,0.0,16.8,32998.33,34571.68
2021-01-13,15.1,-0.6,6.4,941.3,0.0,0.0,20.3,32619.73,34655.15
2021-01-14,12.9,2.9,6.8,942.6,0.0,0.0,45.1,33271.03,34741.91
2021-01-15,3.0,-0.7,0.9,945.0,0.1,0.07,51.2,1428.71,34831.79
2021-01-16,6.1,-3.9,0.5,946.8,0.0,0.0,24.5,14328.46,34924.65
2021-01-17,7.4,-0.8,2.7,946.8,0.0,0.0,27.5,33158.86,35020.31
2021-01-18,7.5,-1.5,3.1,945.8,0.1,0.0,31.4,33801.34,35118.64
2021-01-19,7.0,-3.2,1.1,959.1,0.0,0.0,24.0,33421.59,35219.48
2021-01-20,10.5,-2.9,2.1,949.4,0.0,0.0,26.6,34503.64,35322.68
2021-01-21,10.0,-2.7,3.0,946.6,0.0,0.0,18.3,34574.57,35428.1
2021-01-22,0.9,-5.2,-1.9,953.8,0.0,0.0,14.8,33976.74,35535.58
2021-01-23,0.4,-5.8,-2.8,948.2,0.1,0.07,20.5,1563.35,35645.0
2021-01-24,2.3,-4.1,-1.5,947.7,0.7,0.49,18.5,34565.2,35756.2
2021-01-25,-2.5,-5.3,-3.4,940.3,22.5,15.75,24.6,0.0,35869.06
2021-01-26,-5.7,-10.4,-8.5,948.7,2.4,1.68,22.2,25979.44,35983.43
2021-01-27,-9.1,-17.6,-11.7,958.6,3.3,2.31,13.3,35000.59,36099.17
2021-01-28,-3.2,-18.1,-10.1,958.8,0.0,0.0,19.7,35058.16,36216.62
2021-01-29,0.5,-5.6,-2.6,944.9,0.0,0.0,13.7,28372.36,36336.89
2021-01-30,0.9,-6.1,-2.2,936.4,0.0,0.0,36.2,24.61,36459.88
2021-01-31,-0.7,-5.6,-2.5,956.4,0.0,0.0,30.8,35286.01,36585.4
2021-02-01,-0.9,-11.2,-5.1,957.0,0.0,0.0,16.5,35358.41,36713.29
2021-02-02,1.8,-3.0,-0.5,950.7,0.0,0.0,16.9,35431.08,36843.36
2021-02-03,6.3,-5.6,0.3,939.8,0.0,0.0,19.1,35503.95,36975.46
2021-02-04,4.7,-2.6,0.7,941.8,1.3,0.77,37.8,31976.93,37109.41
2021-02-05,6.9,-3.7,0.3,943.5,0.1,0.07,17.1,35649.99,37245.06
2021-02-06,-4.0,-15.5,-8.0,950.0,2.9,1.89,28.6,21323.02,37382.24
2021-02-07,-9.7,-14.5,-13.0,950.7,1.4,0.98,17.4,13511.48,37520.79
2021-02-08,-15.5,-19.4,-16.9,954.0,0.0,0.0,15.6,14954.45,37660.57
2021-02-09,-12.6,-20.3,-16.5,957.4,0.0,0.0,15.9,33888.24,37801.42
2021-02-10,-11.4,-16.9,-14.4,958.5,0.0,0.0,20.9,32997.76,37943.2
2021-02-11,-13.0,-17.9,-15.6,960.1,0.0,0.0,21.9,36000.0,38085.76
2021-02-12,-16.4,-19.1,-17.8,963.0,1.4,0.98,21.6,12609.35,38228.95
2021-02-13,-16.3,-19.8,-18.2,961.3,1.2,0.84,16.2,32647.15,38372.65
2021-02-14,-17.5,-24.5,-20.4,964.8,3.1,2.24,21.1,27860.91,38516.71
2021-02-15,-22.9,-29.4,-25.8,959.0,0.0,0.0,11.8,36375.21,38661.0
2021-02-16,-12.7,-30.7,-21.6,948.9,0.0,0.0,17.3,36648.02,38805.38
2021-02-17,-8.0,-16.5,-13.0,951.5,0.0,0.0,16.3,36294.05,38950.19
2021-02-18,-4.9,-16.8,-10.5,959.1,0.0,0.0,12.8,37500.47,39096.63
2021-02-19,2.9,-13.4,-5.9,954.0,0.0,0.0,14.6,36402.24,39244.62
2021-02-20,9.8,-10.5,-1.4,947.5,0.0,0.0,23.1,38031.75,39394.04
2021-02-21,5.5,-2.3,1.0,944.9,1.4,0.91,36.4,34736.41,39544.73
2021-02-22,14.6,-1.8,5.2,946.9,0.0,0.0,25.9,37936.66,39696.58
2021-02-23,19.4,-1.2,8.0,942.5,0.0,0.0,27.5,38405.27,39849.45
2021-02-24,7.9,-1.8,3.0,952.7,0.0,0.0,27.0,38491.96,40003.21
2021-02-25,6.8,-2.0,1.0,958.3,0.0,0.0,14.0,23413.76,40157.72
2021-02-26,9.2,-4.4,1.4,944.8,0.0,0.0,15.2,35115.43,40312.89
2021-02-27,17.6,-3.4,5.0,938.9,0.2,0.0,30.6,38757.63,40468.56
2021-02-28,7.2,-3.6,1.8,948.6,0.0,0.0,29.0,38847.68,40624.64
2021-03-01,10.5,-4.5,2.4,956.8,0.0,0.0,17.5,38938.29,40780.99
2021-03-02,15.9,-1.7,5.6,950.2,0.0,0.0,24.0,39243.3,40937.49
2021-03-03,18.0,-1.9,8.2,946.7,0.0,0.0,14.2,39300.7,41094.04
2021-03-04,18.5,-0.3,9.7,948.5,0.0,0.0,21.4,33656.15,41250.52
2021-03-05,16.1,4.2,9.4,955.0,0.0,0.0,14.6,37503.87,41406.8
2021-03-06,19.7,2.5,10.3,953.8,0.0,0.0,22.0,39777.03,41562.79
2021-03-07,19.4,7.0,12.8,951.6,0.0,0.0,31.8,39487.62,41718.35
2021-03-08,20.8,6.1,13.3,951.8,0.0,0.0,32.0,35979.11,41873.4
2021-03-09,23.2,9.4,16.3,942.9,0.0,0.0,30.3,37535.85,42028.23
2021-03-10,18.3,4.8,14.0,938.3,0.0,0.0,35.9,40450.36,42183.94
2021-03-11,13.4,2.1,7.1,952.7,0.0,0.0,20.1,40717.83,42340.5
2021-03-12,11.0,3.3,6.5,958.1,1.3,0.0,24.2,16527.82,42497.81
2021-03-13,8.5,4.8,6.3,954.1,25.0,0.0,29.6,0.0,42655.77
2021-03-14,10.2,7.4,8.9,941.5,40.6,0.0,38.3,1841.8,42814.26
2021-03-15,8.5,5.0,6.5,940.9,2.2,0.0,24.7,2610.24,42973.18
2021-03-16,10.5,0.6,5.4,943.5,0.0,0.0,25.0,13785.89,43132.43
2021-03-17,7.0,1.0,3.7,947.1,0.1,0.0,34.6,15185.68,43291.92
2021-03-18,10.0,0.8,4.0,956.7,0.0,0.0,28.8,30595.25,43451.53
2021-03-19,11.7,-2.2,4.9,960.1,0.0,0.0,18.1,42068.67,43611.17
2021-03-20,17.0,2.6,9.3,953.5,0.0,0.0,34.3,39600.0,43770.73
2021-03-21,18.2,9.4,12.6,945.2,0.0,0.0,33.1,35552.69,43930.11
2021-03-22,10.5,5.9,7.0,943.8,30.3,0.0,24.9,0.0,44089.22
2021-03-23,8.9,4.4,7.3,934.3,26.8,0.0,32.9,0.0,44247.94
2021-03-24,12.2,3.8,7.0,943.9,0.4,0.0,30.6,32936.38,44406.17
2021-03-25,9.6,2.4,6.0,942.8,0.9,0.0,10.2,14741.4,44563.82
2021-03-26,16.0,2.4,7.8,942.8,3.2,0.0,27.3,22115.59,44720.77
2021-03-27,13.5,4.6,8.6,947.8,0.0,0.0,28.4,42849.8,44876.92
2021-03-28,17.6,0.5,8.9,953.4,0.0,0.0,24.1,43461.34,45032.16
2021-03-29,23.4,8.2,15.4,937.6,0.0,0.0,57.6,43653.09,45186.79
2021-03-30,11.2,3.4,7.3,948.0,0.0,0.0,42.9,39151.65,45341.82
2021-03-31,10.2,-1.8,4.0,961.1,0.0,0.0,24.2,42164.99,45497.24
2021-04-01,14.5,-2.6,6.2,961.2,0.0,0.0,27.7,45015.6,45652.94
2021-04-02,20.5,6.1,13.0,951.7,0.0,0.0,31.9,45288.14,45808.83
2021-04-03,22.5,5.3,14.7,951.7,0.0,0.0,23.5,45443.52,45964.82
2021-04-04,28.6,10.9,19.1,948.3,0.0,0.0,25.3,43749.85,46120.8
2021-04-05,27.4,14.1,20.6,940.7,0.0,0.0,31.0,43215.95,46276.67
2021-04-06,26.3,14.2,20.2,934.7,3.3,0.0,37.1,30812.97,46432.35
2021-04-07,10.6,5.5,7.2,938.2,11.1,0.0,32.8,0.0,46587.71
2021-04-08,19.5,7.4,12.0,936.7,0.0,0.0,29.5,45950.91,46742.66
2021-04-09,14.4,4.3,8.7,940.1,2.0,0.0,30.6,31318.24,46897.1
2021-04-10,16.0,4.4,9.2,942.9,2.1,0.0,26.1,45564.66,47050.93
2021-04-11,18.4,4.0,11.0,938.1,0.0,0.0,30.1,46419.92,47204.02
2021-04-12,14.6,4.7,9.2,949.8,0.0,0.0,25.3,45179.24,47356.28
2021-04-13,13.1,1.4,7.4,955.2,0.0,0.0,16.2,45719.17,47507.59
2021-04-14,11.9,0.8,6.1,956.4,0.0,0.0,19.6,41921.25,47657.85
2021-04-15,10.7,1.9,6.5,953.8,0.7,0.0,13.3,28087.38,47806.92
2021-04-16,7.4,1.6,4.5,951.1,9.0,0.77,18.9,11103.99,47954.7
2021-04-17,11.2,3.5,6.6,952.8,0.3,0.0,24.2,28319.48,48101.06
2021-04-18,16.7,1.7,9.0,949.8,0.0,0.0,16.1,46800.0,48246.27
2021-04-19,8.4,0.2,3.9,950.7,0.0,0.0,31.9,43107.88,48391.32
2021-04-20,8.2,-0.9,3.1,955.3,3.1,2.1,20.6,41374.7,48536.17
2021-04-21,8.5,-1.0,3.2,956.6,0.0,0.0,20.0,46800.0,48680.73
2021-04-22,14.0,0.6,7.0,949.0,0.3,0.14,37.5,38009.06,48824.87
2021-04-23,17.6,4.8,10.6,943.1,1.4,0.0,26.1,46800.0,48968.5
2021-04-24,17.0,3.3,10.6,948.0,0.0,0.0,21.7,37577.26,49111.51
2021-04-25,24.3,8.6,16.4,941.8,0.4,0.0,32.8,46800.0,49253.78
2021-04-26,31.8,14.7,22.8,933.7,0.0,0.0,29.7,46800.0,49395.2
2021-04-27,22.1,13.4,19.2,937.0,0.3,0.0,26.3,21579.24,49535.66
2021-04-28,17.5,10.3,13.4,945.0,5.5,0.0,26.2,5138.28,49675.03
2021-04-29,22.7,8.6,15.9,952.4,0.0,0.0,26.3,46800.0,49813.2
2021-04-30,27.4,9.8,18.8,953.8,0.0,0.0,21.7,46800.0,49950.05
2021-05-01,29.0,14.4,21.7,943.7,0.0,0.0,33.9,46800.0,50085.43
2021-05-02,27.6,15.4,20.9,934.2,3.6,0.0,25.0,36024.95,50219.23
2021-05-03,20.6,12.3,15.8,941.1,24.2,0.0,33.9,39428.61,50351.32
2021-05-04,17.7,7.5,12.7,951.1,0.0,0.0,22.7,46800.0,50481.56
2021-05-05,22.0,8.8,14.7,952.0,1.2,0.0,25.0,45038.34,50609.81
2021-05-06,19.2,7.0,13.3,957.1,0.0,0.0,18.6,44369.11,50735.94
2021-05-07,23.3,9.4,16.6,950.1,0.0,0.0,24.8,47286.32,50859.79
2021-05-08,28.4,9.5,17.7,938.6,16.1,0.0,38.1,30596.47,50981.6
2021-05-09,10.9,7.1,8.9,949.2,0.1,0.0,33.8,1898.12,51102.26
2021-05-10,15.8,4.6,10.6,954.1,0.0,0.0,19.5,26293.28,51221.74
2021-05-11,14.5,7.8,11.0,956.9,0.9,0.0,16.0,15636.69,51339.91
2021-05-12,16.0,3.9,11.1,959.9,0.3,0.0,11.2,39513.31,51456.67
2021-05-13,21.7,6.7,14.4,957.2,0.0,0.0,26.1,47388.08,51571.91
2021-05-14,23.2,10.0,16.8,951.5,6.9,0.0,22.3,43266.23,51685.51
2021-05-15,23.1,13.8,18.2,949.6,9.1,0.0,15.3,39921.33,51797.35
2021-05-16,24.2,13.9,18.5,947.6,13.0,0.0,21.5,32559.54,51907.31
2021-05-17,21.2,15.0,17.4,947.5,5.2,0.0,16.2,22353.77,52015.27
2021-05-18,23.5,14.3,18.4,946.7,0.7,0.0,17.8,36679.11,52121.11
2021-05-19,22.7,15.0,18.2,946.3,5.8,0.0,19.4,8857.25,52224.7
2021-05-20,23.9,15.4,18.8,946.9,0.9,0.0,30.9,36006.35,52325.9
2021-05-21,27.8,15.5,21.2,950.5,0.2,0.0,33.6,37456.79,52424.61
2021-05-22,28.3,19.1,22.6,954.8,0.5,0.0,26.1,40920.11,52520.68
2021-05-23,26.9,19.4,22.4,952.7,2.0,0.0,30.5,43200.0,52613.97
2021-05-24,25.0,17.6,21.2,949.0,1.6,0.0,29.2,32167.43,52704.37
2021-05-25,27.0,17.6,21.6,947.9,26.7,0.0,18.8,45984.05,52791.72
2021-05-26,28.8,14.1,21.4,949.9,0.3,0.0,36.0,38321.35,52875.9
2021-05-27,23.3,13.3,20.0,946.9,0.0,0.0,37.0,50989.39,52956.76
2021-05-28,18.6,8.6,13.0,953.2,0.0,0.0,20.5,49188.99,53034.43
2021-05-29,19.8,7.6,13.3,953.6,0.0,0.0,19.2,49944.53,53109.55
2021-05-30,14.6,11.2,12.6,954.5,16.2,0.0,16.4,5690.65,53182.07
2021-05-31,19.7,11.7,15.3,955.6,4.9,0.0,13.3,36596.92,53251.94
2021-06-01,21.3,10.4,16.1,953.5,0.1,0.0,11.8,43472.44,53319.06
2021-06-02,23.8,11.2,17.8,949.4,0.0,0.0,10.2,52793.24,53383.38
2021-06-03,27.0,12.4,20.4,948.4,0.0,0.0,14.1,52853.67,53444.81
2021-06-04,30.0,15.6,23.3,947.5,0.0,0.0,19.7,52911.15,53503.29
2021-06-05,30.1,18.7,24.4,944.7,0.0,0.0,25.9,52965.61,53558.75
2021-06-06,29.6,17.5,23.6,942.5,0.0,0.0,25.2,53016.98,53611.1
2021-06-07,30.7,19.0,24.9,943.9,0.0,0.0,17.7,52372.7,53660.28
2021-06-08,31.0,19.8,25.7,947.4,0.0,0.0,18.7,52093.69,53706.22
2021-06-09,33.9,19.9,27.2,949.3,0.0,0.0,17.6,50103.89,53748.85
2021-06-10,35.0,23.1,29.3,946.7,0.1,0.0,25.0,51790.38,53788.09
2021-06-11,30.9,22.2,27.3,944.8,0.7,0.0,32.1,52094.09,53823.88
2021-06-12,30.9,17.4,24.3,951.2,0.0,0.0,17.1,53256.44,53856.16
2021-06-13,33.6,17.2,25.8,952.1,0.0,0.0,16.6,53284.26,53884.85
2021-06-14,35.7,19.5,28.4,952.0,0.0,0.0,13.0,53308.45,53909.89
2021-06-15,36.5,23.0,30.4,952.1,0.0,0.0,11.4,53328.98,53931.22
2021-06-16,38.9,23.0,31.1,949.6,0.0,0.0,23.3,53345.74,53948.77
2021-06-17,39.8,25.4,32.5,946.3,0.0,0.0,31.8,51029.12,53962.53
2021-06-18,39.5,24.4,32.1,944.0,0.0,0.0,22.5,53363.97,53972.62
2021-06-19,34.6,22.4,28.4,943.9,2.0,0.0,25.0,40236.41,53979.05
2021-06-20,33.4,21.4,26.3,939.6,13.2,0.0,33.2,51312.79,53981.85
2021-06-21,26.0,19.0,22.3,950.3,0.1,0.0,18.7,47409.24,53981.04
2021-06-22,31.6,17.3,24.8,945.9,0.0,0.0,33.0,53030.57,53976.65
2021-06-23,36.4,20.2,28.5,943.1,0.0,0.0,29.6,52155.1,53968.73
2021-06-24,33.0,22.9,28.8,942.9,0.0,0.0,27.6,50235.32,53957.28
2021-06-25,30.2,20.6,25.6,944.1,0.7,0.0,17.3,48655.83,53942.35
2021-06-26,29.1,19.0,23.6,945.4,0.9,0.0,18.8,52044.69,53923.96
2021-06-27,28.7,17.0,23.3,949.4,0.0,0.0,17.1,41962.69,53902.17
2021-06-28,29.4,20.2,24.2,952.3,0.0,0.0,11.6,34441.14,53876.99
2021-06-29,30.6,18.0,24.6,954.3,0.2,0.0,12.4,49157.87,53848.48
2021-06-30,29.2,19.7,24.9,953.6,0.1,0.0,15.5,47962.71,53816.66
2021-07-01,30.7,20.1,25.4,952.5,0.0,0.0,18.6,42823.9,53781.58
2021-07-02,30.6,18.4,25.3,953.2,0.0,0.0,14.3,50836.92,53743.28
2021-07-03,32.2,22.5,27.0,951.6,0.0,0.0,19.3,50476.49,53701.81
2021-07-04,32.8,21.6,27.1,948.8,0.3,0.0,19.5,49147.05,53657.21
2021-07-05,33.7,22.7,28.0,949.8,0.2,0.0,14.8,51816.39,53609.52
2021-07-06,34.3,21.9,28.1,950.1,0.0,0.0,17.3,44412.52,53558.79
2021-07-07,31.2,20.4,25.7,950.1,0.4,0.0,23.4,51495.88,53504.87
2021-07-08,34.3,18.7,26.3,948.3,0.0,0.0,26.3,52165.05,53447.31
2021-07-09,38.0,23.9,30.1,946.3,0.6,0.0,31.4,48508.8,53386.18
2021-07-10,29.6,21.8,25.2,947.8,2.7,0.0,29.5,48785.84,53321.61
2021-07-11,26.8,17.7,21.9,951.7,0.1,0.0,23.8,47474.24,53253.71
2021-07-12,29.3,16.1,22.9,951.8,0.0,0.0,10.3,51790.96,53182.6
2021-07-13,34.5,18.4,26.5,950.8,0.0,0.0,15.2,49948.2,53108.41
2021-07-14,34.9,24.6,28.7,948.2,0.5,0.0,26.7,33796.69,53031.24
2021-07-15,29.1,20.8,24.4,948.9,8.2,0.0,19.0,50169.77,52951.21
2021-07-16,31.1,19.4,24.9,949.3,0.0,0.0,14.5,47892.66,52868.44
2021-07-17,32.1,20.1,26.0,951.6,0.0,0.0,18.1,50715.35,52783.05
2021-07-18,30.5,20.9,25.0,955.3,0.2,0.0,15.5,45059.02,52695.14
2021-07-19,29.6,18.9,24.1,956.1,0.0,0.0,13.8,50677.91,52604.83
2021-07-20,29.9,18.7,24.2,954.9,0.0,0.0,13.6,50657.07,52512.25
2021-07-21,30.6,20.3,25.4,953.2,0.0,0.0,21.4,47443.6,52417.48
2021-07-22,33.1,20.7,26.8,951.6,0.0,0.0,23.4,50281.26,52320.65
2021-07-23,35.0,22.7,28.8,950.2,0.0,0.0,22.5,50256.66,52221.87
2021-07-24,35.2,23.7,29.4,949.6,0.0,0.0,18.4,48679.54,52121.23
2021-07-25,29.0,21.9,25.7,950.8,88.6,0.0,27.0,29556.85,52018.85
2021-07-26,30.8,22.2,26.3,950.8,1.2,0.0,20.2,49456.36,51914.83
2021-07-27,33.8,22.4,28.1,951.5,0.0,0.0,13.6,49816.35,51808.93
2021-07-28,36.0,24.0,30.1,951.6,0.0,0.0,19.6,48967.12,51700.35
2021-07-29,36.6,24.6,30.5,952.0,0.0,0.0,17.9,49518.49,51589.16
2021-07-30,36.0,23.9,30.0,951.9,0.0,0.0,17.1,49333.17,51475.51
2021-07-31,28.5,21.9,25.6,952.6,1.1,0.0,23.2,44548.77,51359.55
2021-08-01,29.4,19.4,24.2,956.6,0.0,0.0,23.5,49334.71,51241.41
2021-08-02,27.8,15.5,22.2,955.4,0.0,0.0,12.2,48773.32,51121.23
2021-08-03,29.6,17.9,23.7,952.6,0.0,0.0,18.5,48790.2,50999.15
2021-08-04,32.8,19.9,26.0,951.0,0.0,0.0,26.0,46800.0,50875.29
2021-08-05,32.0,20.3,26.3,950.0,0.2,0.0,19.2,48209.23,50749.8
2021-08-06,35.5,21.9,28.3,947.1,0.0,0.0,27.0,46970.03,50622.79
2021-08-07,35.4,24.7,29.1,943.6,3.3,0.0,29.6,33343.81,50494.39
2021-08-08,34.7,19.6,27.3,943.1,0.0,0.0,13.0,47984.49,50364.73
2021-08-09,37.4,21.9,29.1,944.1,0.0,0.0,19.9,47386.14,50233.91
2021-08-10,33.9,24.3,29.0,945.5,0.0,0.0,15.7,45349.2,50102.08
2021-08-11,33.6,25.2,29.3,945.1,0.0,0.0,17.5,46826.69,49969.32
2021-08-12,34.0,22.1,26.6,948.2,9.9,0.0,26.6,36000.0,49835.78
2021-08-13,28.7,19.7,23.7,955.6,0.0,0.0,26.0,38803.95,49701.53
2021-08-14,29.4,18.7,24.0,957.1,0.0,0.0,18.6,45467.76,49566.72
2021-08-15,28.6,19.1,24.0,952.6,2.1,0.0,18.5,40338.92,49431.42
2021-08-16,30.1,20.2,25.3,948.6,0.0,0.0,18.4,46800.0,49295.39
2021-08-17,31.6,20.0,25.8,946.9,0.0,0.0,19.5,46800.0,49157.68
2021-08-18,30.6,20.6,25.7,948.3,0.0,0.0,24.2,46800.0,49018.36
2021-08-19,29.9,21.4,25.8,948.0,0.9,0.0,24.5,46800.0,48877.56
2021-08-20,32.5,20.9,26.2,942.8,0.9,0.0,26.2,35047.64,48735.38
2021-08-21,26.4,17.8,22.0,949.5,0.0,0.0,20.0,46800.0,48591.96
2021-08-22,32.9,18.7,24.5,947.4,0.4,0.0,28.6,43200.0,48447.4
2021-08-23,35.8,24.5,30.1,944.9,0.0,0.0,25.0,46800.0,48301.83
2021-08-24,36.4,25.0,30.7,944.5,0.0,0.0,24.1,46800.0,48155.35
2021-08-25,33.3,23.1,28.6,949.9,0.0,0.0,26.5,46782.44,48008.06
2021-08-26,35.9,24.0,29.5,949.7,0.0,0.0,27.0,46726.48,47860.09
2021-08-27,33.8,25.6,29.9,946.7,0.1,0.0,25.7,46670.54,47711.53
2021-08-28,34.2,24.6,29.3,947.5,0.0,0.0,27.4,46614.63,47562.48
2021-08-29,28.1,19.0,24.4,951.1,11.6,0.0,24.5,27786.68,47413.05
2021-08-30,31.2,19.5,25.5,947.9,0.3,0.0,16.8,46502.92,47263.34
2021-08-31,33.1,20.9,26.1,942.9,0.0,0.0,25.6,46447.14,47113.44
2021-09-01,32.4,19.6,25.0,945.2,0.0,0.0,24.9,46391.41,46963.45
2021-09-02,29.0,22.7,24.3,945.6,14.0,0.0,24.7,19526.57,46813.46
2021-09-03,26.8,18.5,22.7,948.3,0.0,0.0,22.1,45182.48,46663.59
2021-09-04,25.4,18.0,20.8,950.1,1.3,0.0,15.5,35739.61,46513.89
2021-09-05,28.1,15.4,21.2,950.5,0.0,0.0,17.4,45814.77,46364.12
2021-09-06,30.9,19.0,24.6,948.0,0.0,0.0,19.3,45664.3,46213.31
2021-09-07,28.6,19.4,24.4,947.8,0.0,0.0,30.5,45512.81,46061.51
2021-09-08,27.7,15.1,21.4,952.1,0.0,0.0,9.4,45360.45,45908.81
2021-09-09,28.4,15.1,21.8,950.0,0.0,0.0,10.7,45207.3,45755.33
2021-09-10,32.9,19.2,25.4,947.4,0.0,0.0,13.3,45053.45,45601.15
2021-09-11,33.7,20.2,26.8,945.8,0.0,0.0,17.6,44899.03,45446.39
2021-09-12,31.9,18.6,25.5,948.1,0.0,0.0,21.9,43052.48,45291.14
2021-09-13,32.9,18.5,24.9,946.0,0.0,0.0,21.7,44588.77,45135.48
2021-09-14,26.5,18.7,22.4,948.4,0.0,0.0,16.5,41670.3,44979.53
2021-09-15,26.7,16.0,22.0,948.8,0.2,0.0,21.7,39213.08,44823.37
2021-09-16,31.3,19.9,25.3,945.5,0.0,0.0,29.5,43863.91,44667.09
2021-09-17,24.8,18.9,21.1,951.7,6.5,0.0,27.7,39979.97,44510.8
2021-09-18,30.1,15.9,23.0,953.3,0.0,0.0,24.1,42276.77,44354.56
2021-09-19,31.3,20.2,25.7,945.6,0.0,0.0,34.8,42055.64,44198.5
2021-09-20,26.0,17.1,22.3,944.4,0.0,0.0,31.8,40917.69,44042.69
2021-09-21,20.4,12.7,16.4,959.3,0.0,0.0,19.1,39847.73,43887.22
2021-09-22,22.5,8.7,16.0,958.2,0.0,0.0,15.0,41691.27,43732.19
2021-09-23,26.4,12.4,19.2,949.3,0.0,0.0,19.5,41470.06,43577.69
2021-09-24,23.1,13.2,19.0,949.6,0.0,0.0,29.7,35154.72,43423.81
2021-09-25,25.0,10.2,17.5,951.8,0.0,0.0,23.7,40471.13,43270.26
2021-09-26,31.9,15.4,23.0,943.8,0.0,0.0,20.5,40507.49,43116.04
2021-09-27,29.8,15.1,23.5,944.1,0.0,0.0,15.8,40586.04,42961.18
2021-09-28,30.2,16.9,24.2,943.7,0.0,0.0,22.5,40260.58,42805.78
2021-09-29,26.7,19.3,23.0,944.9,0.2,0.0,23.4,39691.1,42649.96
2021-09-30,21.1,15.0,18.3,950.8,12.9,0.0,18.3,3222.6,42493.81
2021-10-01,24.3,12.3,17.7,951.6,0.0,0.0,11.5,39383.73,42337.43
2021-10-02,22.3,14.9,17.9,950.9,0.5,0.0,18.7,37656.19,42180.92
2021-10-03,24.8,11.9,18.4,951.1,0.0,0.0,13.2,39811.38,42024.39
2021-10-04,26.2,10.8,18.4,951.8,0.0,0.0,12.7,39841.9,41867.94
2021-10-05,24.9,11.8,18.2,954.3,0.0,0.0,11.3,39600.0,41711.67
2021-10-06,23.6,12.3,18.0,952.8,0.0,0.0,14.8,39602.08,41555.68
2021-10-07,26.6,13.7,19.7,949.4,0.0,0.0,20.1,39600.0,41400.08
2021-10-08,27.4,13.4,20.7,946.3,0.0,0.0,13.5,39600.0,41244.99
2021-10-09,27.8,17.8,21.9,938.6,0.0,0.0,14.4,17223.69,41090.49
2021-10-10,20.9,13.4,17.5,940.8,0.0,0.0,24.9,14755.36,40936.7
2021-10-11,22.5,10.7,16.8,941.3,0.0,0.0,16.4,39342.09,40783.74
2021-10-12,22.6,11.4,17.1,943.1,0.1,0.0,37.1,36642.17,40631.7
2021-10-13,18.7,10.0,14.8,938.2,21.5,0.0,43.6,39162.07,40480.71
2021-10-14,14.3,4.5,10.5,946.7,0.2,0.0,25.1,21600.0,40330.89
2021-10-15,14.9,5.6,9.9,952.9,0.0,0.0,31.5,37273.78,40181.9
2021-10-16,17.0,3.8,10.5,956.8,0.0,0.0,13.5,38900.18,40032.67
2021-10-17,21.2,5.9,13.2,953.3,0.0,0.0,15.4,38813.53,39883.22
2021-10-18,20.5,8.6,14.9,946.2,0.0,0.0,31.2,36498.38,39733.67
2021-10-19,23.1,12.3,17.6,942.6,0.2,0.0,27.4,38641.4,39584.17
2021-10-20,18.0,7.4,11.8,949.6,0.0,0.0,28.2,38556.11,39434.8
2021-10-21,15.0,2.7,8.8,954.7,0.0,0.0,19.3,36000.0,39285.71
2021-10-22,20.3,4.4,11.6,948.3,0.0,0.0,15.1,38387.63,39137.01
2021-10-23,19.1,6.5,12.8,941.7,0.0,0.0,23.1,26662.37,38988.85
2021-10-24,17.0,8.1,12.1,939.5,2.2,0.0,32.5,14593.57,38841.33
2021-10-25,13.5,4.0,8.2,949.4,0.0,0.0,19.4,36495.63,38694.6
2021-10-26,20.7,7.0,13.4,938.8,9.6,0.0,34.1,35694.41,38548.78
2021-10-27,17.0,9.5,11.8,936.1,26.1,0.0,34.0,0.0,38404.02
2021-10-28,15.2,9.3,12.0,944.1,0.1,0.0,44.8,37375.27,38260.45
2021-10-29,14.9,6.2,10.2,949.7,0.0,0.0,30.8,37033.94,38118.22
2021-10-30,19.1,4.4,10.6,944.9,0.0,0.0,26.3,36372.31,37977.47
2021-10-31,9.7,5.1,7.4,956.7,0.0,0.0,26.0,33770.02,37838.33
2021-11-01,6.6,3.1,5.0,960.7,1.0,0.0,12.2,7200.0,37700.98
2021-11-02,7.4,2.6,5.1,961.5,0.0,0.0,11.9,5210.61,37565.55
2021-11-03,8.2,3.9,5.6,958.6,0.0,0.0,17.2,4251.14,37432.21
2021-11-04,14.3,1.7,7.0,953.3,0.0,0.0,19.5,35580.11,37300.64
2021-11-05,16.5,6.1,10.2,949.9,0.0,0.0,25.0,34850.43,37169.68
2021-11-06,18.5,4.5,11.3,950.0,0.0,0.0,19.9,35187.49,37039.37
2021-11-07,19.7,9.5,13.2,945.5,0.0,0.0,19.9,35150.5,36909.87
2021-11-08,15.0,8.1,10.8,949.9,0.0,0.0,24.6,27375.75,36781.3
2021-11-09,13.8,6.4,9.7,953.9,0.3,0.0,18.1,31113.66,36653.82
2021-11-10,12.4,7.2,10.0,943.8,0.8,0.0,28.4,7129.74,36527.58
2021-11-11,10.9,4.1,7.9,947.5,0.1,0.0,30.8,34835.7,36402.72
2021-11-12,7.5,-0.6,2.8,952.6,0.0,0.0,40.9,34765.42,36279.38
2021-11-13,11.2,-3.2,3.6,949.9,0.1,0.0,31.0,25081.27,36157.74
2021-11-14,13.0,3.4,8.7,951.1,0.0,0.0,22.1,32400.0,36037.94
2021-11-15,20.8,7.8,12.5,945.3,0.0,0.0,17.1,34555.28,35920.15
2021-11-16,21.0,9.2,13.5,938.4,0.0,0.0,21.6,34369.52,35804.54
2021-11-17,12.0,1.7,7.1,951.6,0.0,0.0,34.3,19675.62,35691.26
2021-11-18,7.0,-3.1,2.2,961.3,0.0,0.0,17.2,34348.08,35580.49
2021-11-19,10.2,2.9,6.2,951.4,0.0,0.0,30.1,18016.66,35472.4
2021-11-20,13.4,1.2,7.0,948.4,0.0,0.0,13.8,31420.2,35367.17
2021-11-21,10.9,0.9,5.3,957.1,0.0,0.0,21.8,33557.76,35264.95
2021-11-22,12.9,-0.8,4.6,954.5,0.0,0.0,12.0,32577.15,35165.96
2021-11-23,18.5,2.5,10.2,943.1,0.0,0.0,27.2,33291.24,35070.35
2021-11-24,13.6,2.7,8.3,943.3,0.0,0.0,32.7,3455.37,34977.9
2021-11-25,4.9,-4.2,0.7,961.3,0.0,0.0,25.9,33020.22,34887.63
2021-11-26,15.8,0.8,6.9,948.9,0.0,0.0,18.0,32712.73,34799.58
2021-11-27,15.8,7.0,10.4,948.5,0.0,0.0,28.7,32403.86,34713.87
2021-11-28,10.5,-1.6,5.4,954.1,0.0,0.0,18.1,30672.23,34630.61
2021-11-29,18.5,5.8,10.4,947.0,0.0,0.0,17.8,32469.18,34549.91
2021-11-30,12.5,5.8,8.4,951.2,0.0,0.0,15.8,21600.0,34471.91
2021-12-01,17.7,6.2,11.0,947.6,0.1,0.0,19.3,32533.22,34396.71
2021-12-02,20.1,7.7,12.8,946.8,0.0,0.0,19.1,32400.0,34324.43
2021-12-03,15.4,6.8,11.1,948.6,0.0,0.0,27.4,32400.0,34255.21
2021-12-04,8.9,0.8,4.6,954.2,0.0,0.0,18.8,32400.0,34189.15
2021-12-05,12.9,1.7,6.4,942.6,0.0,0.0,34.1,32400.0,34126.38
2021-12-06,0.9,-4.7,-2.4,957.6,0.0,0.0,23.6,28279.21,34067.02
2021-12-07,5.3,-2.7,0.7,947.5,0.0,0.0,24.9,31840.38,34011.19
2021-12-08,9.4,-3.1,3.6,942.1,0.0,0.0,23.4,32400.0,33959.01
2021-12-09,13.6,2.0,7.9,936.3,0.2,0.0,22.8,32400.0,33910.6
2021-12-10,6.9,-1.5,3.3,935.0,1.4,0.91,33.2,17678.54,33866.09
2021-12-11,6.8,-3.6,0.9,948.7,0.0,0.0,26.2,32400.0,33825.59
2021-12-12,8.9,-1.0,3.8,946.2,0.0,0.0,20.1,32400.0,33789.21
2021-12-13,11.2,-1.0,3.8,947.4,0.0,0.0,12.4,32400.0,33757.08
2021-12-14,11.0,-0.7,5.3,944.6,0.0,0.0,20.0,29493.08,33729.15
2021-12-15,20.0,2.6,12.3,934.2,5.1,0.0,61.5,28800.0,33705.06
2021-12-16,6.4,-3.5,1.5,949.0,0.0,0.0,22.2,32400.0,33684.78
2021-12-17,6.1,-1.7,1.3,947.1,0.0,0.0,17.7,29029.43,33668.31
2021-12-18,-0.1,-8.9,-4.8,958.5,0.0,0.0,27.4,32400.0,33655.65
2021-12-19,4.9,-8.8,-3.0,952.7,0.0,0.0,24.7,32400.0,33646.79
2021-12-20,2.6,-4.9,-1.0,951.9,0.0,0.0,26.0,32400.0,33641.74
2021-12-21,8.5,-5.4,0.1,948.7,0.0,0.0,18.7,31617.83,33640.48
2021-12-22,8.5,-2.4,2.0,945.1,0.0,0.0,18.4,32400.0,33643.0
2021-12-23,13.0,1.3,5.8,939.3,0.0,0.0,15.6,32400.0,33649.3
2021-12-24,14.2,2.0,7.4,929.7,1.6,0.0,26.2,31734.95,33659.36
2021-12-25,9.5,-2.1,3.2,940.4,0.0,0.0,16.7,32400.0,33673.17
2021-12-26,13.9,-0.4,5.3,935.4,0.0,0.0,22.5,21600.0,33690.71
2021-12-27,6.9,-1.6,3.1,941.6,0.0,0.0,28.4,21763.97,33711.97
2021-12-28,3.2,-6.6,0.6,934.4,0.0,0.0,31.6,32400.0,33736.92
2021-12-29,-1.0,-8.7,-5.8,943.3,0.0,0.0,12.5,25866.75,33765.54
2021-12-30,5.1,-8.7,-3.1,939.1,0.0,0.0,16.9,32387.73,33797.82
2021-12-31,0.5,-8.9,-2.7,935.6,0.0,0.0,30.7,26612.74,33833.71
2022-01-01,-9.7,-15.7,-13.6,948.9,8.9,6.23,30.7,2350.99,33873.21
2022-01-02,-8.5,-21.7,-14.7,954.8,0.0,0.0,15.6,32365.4,33916.29
2022-01-03,2.4,-11.5,-4.9,951.2,0.0,0.0,20.2,32363.19,33963.11
2022-01-04,11.2,-4.5,1.2,939.4,0.0,0.0,31.2,32363.18,34014.12
2022-01-05,-4.3,-12.6,-9.0,951.8,2.2,1.54,31.3,21565.31,34069.25
2022-01-06,-10.3,-16.3,-13.1,958.2,1.1,0.77,23.0,32369.58,34128.33
2022-01-07,-2.6,-13.0,-8.7,949.1,0.1,0.07,25.6,32375.96,34191.25
2022-01-08,5.4,-7.5,-1.4,941.8,0.0,0.0,32.2,32384.44,34257.85
2022-01-09,1.0,-10.1,-4.0,964.3,0.0,0.0,29.3,32409.6,34328.01
2022-01-10,7.6,-4.8,-0.1,963.8,0.0,0.0,15.5,32727.96,34401.58
2022-01-11,10.8,-1.5,2.4,954.7,0.0,0.0,17.6,32694.45,34478.42
2022-01-12,10.9,-0.6,4.1,951.6,0.0,0.0,20.0,30712.24,34558.41
2022-01-13,12.6,2.8,6.6,950.9,0.0,0.0,20.6,32625.85,34641.4
2022-01-14,8.2,-4.0,2.9,946.7,1.6,0.0,39.2,10800.0,34727.25
2022-01-15,-1.7,-9.2,-5.8,958.5,0.6,0.42,46.3,33240.52,34815.85
2022-01-16,10.5,-7.6,0.0,948.6,0.0,0.0,26.1,33203.36,34907.03
2022-01-17,10.6,-3.9,2.0,945.6,0.0,0.0,20.4,33507.26,35000.7
2022-01-18,13.1,-0.6,5.1,939.7,0.0,0.0,28.1,33468.9,35096.7
2022-01-19,2.7,-12.0,-6.5,959.4,0.0,0.0,30.4,6687.02,35194.91
2022-01-20,-7.4,-16.3,-11.9,966.9,0.0,0.0,16.0,34409.21,35295.21
2022-01-21,-0.9,-11.9,-6.6,957.8,0.0,0.0,23.4,25200.0,35397.46
2022-01-22,8.5,-5.1,1.3,956.6,0.0,0.0,21.7,32555.47,35501.56
2022-01-23,10.5,-2.1,4.1,948.5,0.0,0.0,20.1,34623.3,35607.79
2022-01-24,8.9,-4.4,3.9,944.1,0.0,0.0,30.9,31580.98,35717.19
2022-01-25,-3.8,-8.8,-6.4,958.7,0.0,0.0,14.0,7200.0,35829.67
2022-01-26,2.7,-10.2,-4.9,956.4,0.0,0.0,25.1,34903.94,35945.02
2022-01-27,6.6,-3.9,0.5,956.2,0.0,0.0,22.8,23069.96,36063.09
2022-01-28,5.3,-7.5,-1.7,959.8,0.0,0.0,15.0,35048.04,36183.68
2022-01-29,14.0,-1.0,4.5,949.6,0.0,0.0,19.8,35120.75,36306.63
2022-01-30,8.8,-5.1,2.4,948.9,0.0,0.0,15.5,35193.8,36431.75
2022-01-31,12.3,-4.0,3.7,940.6,0.0,0.0,15.2,33610.86,36558.89
2022-02-01,5.3,-4.5,1.5,947.0,0.0,0.0,28.2,26236.47,36687.87
2022-02-02,-5.1,-11.3,-8.6,959.1,0.5,0.35,29.1,2369.05,36818.54
2022-02-03,-5.7,-14.7,-10.3,963.3,0.0,0.0,23.1,35487.58,36950.74
2022-02-04,4.7,-10.1,-3.8,961.3,0.0,0.0,16.2,35561.02,37084.3
2022-02-05,9.9,-4.1,0.9,951.9,0.0,0.0,28.3,35634.29,37219.09
2022-02-06,7.6,-2.3,2.2,953.5,0.0,0.0,28.9,35707.33,37354.93
2022-02-07,12.8,-1.9,3.7,954.5,0.0,0.0,18.2,35833.54,37491.71
2022-02-08,14.0,-0.1,5.9,947.9,0.0,0.0,32.1,35871.21,37629.25
2022-02-09,11.8,0.1,5.1,948.5,0.1,0.0,21.1,35924.31,37767.43
2022-02-10,11.7,-2.8,5.1,947.4,0.0,0.0,26.7,35995.68,37906.1
2022-02-11,10.1,-5.2,5.3,946.6,0.7,0.07,37.5,36000.0,38045.13
2022-02-12,5.6,-10.5,-2.9,960.0,0.0,0.0,21.0,36191.45,38184.86
2022-02-13,3.1,-6.5,-0.6,956.4,0.0,0.0,22.5,36468.74,38326.48
2022-02-14,8.1,-1.3,2.9,953.1,0.0,0.0,22.0,36743.72,38469.92
2022-02-15,15.0,-0.4,6.2,941.6,0.0,0.0,24.5,33706.8,38615.03
2022-02-16,8.8,-3.0,2.3,940.4,0.0,0.0,33.8,31185.16,38761.67
2022-02-17,0.5,-7.9,-4.1,954.8,0.0,0.0,33.7,28800.0,38909.68
2022-02-18,13.2,-4.1,3.3,951.7,0.0,0.0,22.9,37198.7,39058.93
2022-02-19,6.2,-6.2,0.5,956.3,0.0,0.0,27.5,37465.05,39209.28
2022-02-20,16.1,0.2,7.6,941.1,0.0,0.0,24.6,35368.88,39360.6
2022-02-21,7.2,-9.6,1.4,937.7,0.0,0.0,33.0,32841.1,39512.73
2022-02-22,-6.3,-17.6,-11.9,954.6,0.0,0.0,35.1,36395.82,39665.56
2022-02-23,-7.1,-17.8,-12.8,964.9,0.2,0.14,24.5,37587.09,39818.97
2022-02-24,-6.0,-14.9,-10.9,958.1,0.1,0.07,17.3,28800.0,39972.81
2022-02-25,-1.3,-14.5,-8.1,963.4,0.0,0.0,11.7,38565.24,40126.95
2022-02-26,5.4,-10.0,-2.7,960.6,0.0,0.0,12.4,38708.21,40281.3
2022-02-27,12.4,-7.1,1.6,956.6,0.0,0.0,17.9,38761.73,40435.7
2022-02-28,15.4,-0.3,5.6,951.4,0.0,0.0,18.1,35698.7,40590.06
2022-03-01,20.0,2.5,9.9,949.5,0.0,0.0,21.9,38917.58,40744.24
2022-03-02,21.4,5.0,11.2,949.4,0.0,0.0,16.7,39006.19,40898.13
2022-03-03,11.7,-1.4,5.5,953.3,0.0,0.0,23.7,39283.27,41051.6
2022-03-04,20.0,3.9,11.7,943.7,0.4,0.0,28.5,22702.7,41204.99
2022-03-05,16.0,-1.5,7.7,938.6,1.4,0.0,31.6,14400.0,41359.42
2022-03-06,2.5,-5.5,-1.9,952.2,0.3,0.21,25.9,39364.81,41514.85
2022-03-07,3.9,-7.1,-2.7,956.7,0.5,0.35,23.7,40115.39,41671.17
2022-03-08,8.5,-7.4,-0.3,950.4,0.0,0.0,29.2,37877.52,41828.25
2022-03-09,1.5,-7.0,-3.6,952.1,1.2,0.84,25.0,31108.59,41986.01
2022-03-10,-3.1,-9.1,-6.9,955.1,4.7,3.29,22.0,23102.52,42144.32
2022-03-11,3.4,-9.4,-4.5,955.9,0.0,0.0,26.5,40726.45,42303.08
2022-03-12,7.9,-12.3,-3.0,953.2,0.0,0.0,20.2,40693.34,42462.19
2022-03-13,15.2,-1.9,7.4,943.6,0.0,0.0,20.2,41260.65,42621.55
2022-03-14,11.7,0.5,6.5,946.2,0.0,0.0,34.3,38202.95,42781.03
2022-03-15,14.2,-3.6,5.5,953.5,0.0,0.0,17.3,41194.96,42940.55
2022-03-16,17.1,1.6,10.0,943.0,0.0,0.0,24.6,36000.0,43099.99
2022-03-17,11.9,2.1,7.5,944.8,8.4,1.89,43.5,9972.37,43259.26
2022-03-18,12.1,1.9,6.1,948.2,3.9,0.7,26.2,29664.64,43418.25
2022-03-19,17.0,-1.5,7.8,948.7,0.0,0.0,13.3,42052.84,43576.85
2022-03-20,23.0,5.5,13.7,945.2,0.0,0.0,32.8,41334.88,43734.97
2022-03-21,18.4,5.1,13.7,942.6,6.2,0.0,34.1,20007.82,43892.49
2022-03-22,8.5,1.8,4.8,942.3,12.1,2.66,46.9,21018.96,44049.31
2022-03-23,6.2,0.3,4.1,944.5,0.0,0.0,41.0,3896.61,44205.33
2022-03-24,12.1,-1.4,5.1,945.1,0.0,0.0,21.5,40351.37,44360.85
2022-03-25,13.0,2.3,7.4,951.6,3.1,0.14,27.0,40225.54,44516.89
2022-03-26,12.0,0.6,5.8,951.8,0.0,0.0,21.4,42538.1,44673.44
2022-03-27,9.6,-0.8,3.9,953.5,0.0,0.0,20.0,42550.95,44830.39
2022-03-28,14.0,-0.2,6.7,947.1,0.0,0.0,22.0,43161.6,44987.66
2022-03-29,26.1,5.5,13.6,930.6,0.1,0.0,40.2,38438.93,45145.14
2022-03-30,9.4,0.5,4.5,936.7,0.1,0.0,40.6,40436.27,45302.74
2022-03-31,10.7,-2.6,3.2,942.2,1.7,1.19,25.5,43199.81,45460.36
2022-04-01,15.7,0.6,7.4,944.1,0.5,0.0,26.5,30756.59,45617.89
2022-04-02,15.8,2.3,9.1,949.8,0.0,0.0,22.5,44724.72,45775.24
2022-04-03,18.0,6.9,10.8,945.8,0.6,0.0,18.7,12802.56,45932.32
2022-04-04,15.8,2.7,9.5,944.8,0.0,0.0,18.9,43022.48,46089.01
2022-04-05,19.0,7.9,11.8,933.8,0.8,0.0,27.5,34386.27,46245.21
2022-04-06,13.6,5.9,9.2,943.6,0.2,0.0,47.8,40289.08,46400.82
2022-04-07,10.1,4.3,7.0,949.9,0.0,0.0,50.9,25747.49,46555.74
2022-04-08,12.1,1.0,6.2,951.8,0.0,0.0,32.8,46123.12,46709.85
2022-04-09,20.4,-0.2,10.7,941.1,0.0,0.0,26.4,43078.01,46863.04
2022-04-10,18.2,7.1,13.1,933.2,0.0,0.0,34.2,43927.4,47015.21
2022-04-11,17.4,4.5,10.7,942.4,0.0,0.0,26.2,32400.0,47166.23
2022-04-12,30.4,10.9,18.6,929.7,0.0,0.0,47.6,43200.0,47316.0
2022-04-13,9.3,-1.6,5.3,942.9,0.0,0.0,33.2,39600.0,47464.79
2022-04-14,15.9,-1.5,6.6,947.1,0.0,0.0,29.5,43063.6,47613.6
2022-04-15,11.6,-0.5,5.9,946.4,0.0,0.0,26.1,43200.0,47762.39
2022-04-16,10.8,-0.8,5.1,955.2,0.0,0.0,22.2,46800.0,47911.06
2022-04-17,15.0,3.7,8.8,951.0,3.0,0.98,20.8,36000.0,48059.52
2022-04-18,12.7,3.2,7.7,959.6,0.0,0.0,17.0,44129.49,48207.65
2022-04-19,18.2,3.1,10.0,948.1,0.0,0.0,40.2,43200.0,48355.35
2022-04-20,22.5,11.8,15.8,938.5,1.2,0.0,25.9,28800.0,48502.52
2022-04-21,25.2,9.3,16.4,949.0,1.8,0.0,32.6,39057.64,48649.05
2022-04-22,30.2,17.6,23.5,941.3,1.1,0.0,48.9,40863.08,48794.81
2022-04-23,24.3,10.8,19.2,934.9,0.7,0.0,48.0,46800.0,48939.71
2022-04-24,17.6,6.9,11.6,946.9,0.0,0.0,32.6,46800.0,49083.62
2022-04-25,15.4,3.3,8.9,957.8,0.0,0.0,26.6,46800.0,49226.42
2022-04-26,20.9,3.1,12.2,956.7,0.0,0.0,32.0,46800.0,49367.99
2022-04-27,26.8,12.1,19.2,946.6,0.0,0.0,29.1,45488.03,49508.21
2022-04-28,27.4,14.8,21.1,942.1,0.6,0.0,27.4,45913.55,49646.95
2022-04-29,28.8,15.0,19.5,934.3,1.0,0.0,40.6,29524.68,49784.08
2022-04-30,19.3,7.8,13.5,940.2,1.1,0.0,48.7,27073.11,49919.48
2022-05-01,19.9,6.5,13.5,948.4,0.5,0.0,19.0,46800.0,50052.99
2022-05-02,12.6,4.3,7.4,946.0,35.1,0.0,36.1,0.0,50184.49
2022-05-03,14.5,3.5,8.5,949.8,0.0,0.0,22.0,43957.91,50314.21
2022-05-04,12.9,7.8,9.9,950.1,3.8,0.0,19.1,0.0,50443.1
2022-05-05,13.7,8.1,10.3,946.6,5.7,0.0,22.4,0.0,50571.1
2022-05-06,19.9,7.8,13.9,944.3,0.0,0.0,18.2,39105.96,50698.11
2022-05-07,24.4,11.4,17.8,940.1,0.0,0.0,34.5,46899.74,50824.02
2022-05-08,26.8,16.6,21.5,933.0,3.4,0.0,36.8,46297.56,50948.71
2022-05-09,28.9,20.3,24.3,932.3,0.0,0.0,34.0,47831.08,51072.06
2022-05-10,28.5,15.8,22.6,944.2,0.0,0.0,25.2,47777.03,51193.96
2022-05-11,32.2,20.1,25.3,947.0,0.0,0.0,31.0,33536.18,51314.28
2022-05-12,32.2,20.4,25.9,943.3,9.1,0.0,35.7,33228.82,51432.9
2022-05-13,25.1,12.6,19.5,948.2,0.0,0.0,15.8,48914.36,51549.7
2022-05-14,26.3,13.0,20.2,948.8,2.6,0.0,18.8,47693.28,51664.54
2022-05-15,24.6,14.6,19.1,950.0,0.1,0.0,19.0,48494.94,51777.3
2022-05-16,26.1,11.6,19.2,949.7,0.0,0.0,23.3,47972.39,51887.84
2022-05-17,32.5,16.8,23.3,943.5,0.0,0.0,29.2,44024.84,51996.03
2022-05-18,28.8,16.5,22.7,945.2,0.0,0.0,19.6,49339.86,52101.74
2022-05-19,34.2,17.8,26.1,934.4,0.0,0.0,25.3,46268.55,52204.81
2022-05-20,22.0,12.5,16.0,937.6,0.0,0.0,37.6,35834.86,52305.12
2022-05-21,15.2,8.3,10.6,953.9,1.0,0.0,23.2,16676.63,52402.51
2022-05-22,19.2,4.7,12.7,959.2,0.0,0.0,11.8,39281.03,52496.85
2022-05-23,16.7,11.6,13.5,954.5,1.8,0.0,23.8,1635.74,52588.3
2022-05-24,12.0,9.5,10.9,947.2,28.0,0.0,32.2,0.0,52677.56
2022-05-25,12.0,8.6,10.2,942.7,12.3,0.0,34.5,0.0,52764.62
2022-05-26,22.4,8.7,15.0,945.5,23.2,0.0,29.4,50281.71,52849.37
2022-05-27,28.3,11.4,19.8,946.2,0.0,0.0,22.2,50009.54,52931.73
2022-05-28,29.6,18.1,23.8,937.8,0.0,0.0,25.0,48771.61,53011.61
2022-05-29,29.6,22.3,26.3,929.4,0.0,0.0,37.0,34007.51,53088.91
2022-05-30,28.3,19.1,24.5,932.6,0.2,0.0,40.9,48489.74,53163.56
2022-05-31,24.7,12.5,19.1,945.6,0.0,0.0,19.5,50438.75,53235.44
2022-06-01,21.4,12.6,16.8,953.1,0.0,0.0,24.2,51828.19,53304.48
2022-06-02,24.3,10.0,17.7,951.6,0.0,0.0,12.3,52780.76,53370.58
2022-06-03,26.4,13.1,20.2,949.0,0.0,0.0,24.5,50161.52,53433.63
2022-06-04,26.4,15.8,20.4,944.1,9.6,0.0,23.4,28408.6,53493.57
2022-06-05,27.0,16.9,20.5,940.5,10.9,0.0,17.4,9593.07,53550.28
2022-06-06,29.0,16.3,22.8,940.7,0.1,0.0,15.7,52124.35,53603.69
2022-06-07,28.7,17.4,23.1,945.4,0.2,0.0,23.5,44096.85,53653.69
2022-06-08,25.3,15.3,19.9,950.0,0.0,0.0,21.7,48511.31,53700.19
2022-06-09,25.9,14.1,20.5,949.5,0.0,0.0,27.1,32799.2,53743.11
2022-06-10,29.2,16.3,23.1,946.3,0.0,0.0,18.7,53138.78,53782.36
2022-06-11,36.4,18.3,26.8,942.0,0.2,0.0,24.5,53218.24,53817.84
2022-06-12,34.4,22.4,27.9,939.7,0.0,0.0,24.2,45187.35,53849.59
2022-06-13,38.6,25.4,32.2,936.6,0.0,0.0,38.0,52066.36,53877.85
2022-06-14,34.8,24.3,29.4,939.1,0.7,0.0,38.0,46181.89,53902.65
2022-06-15,28.2,18.5,22.9,944.5,6.4,0.0,34.0,43142.17,53923.98
2022-06-16,34.6,17.4,24.9,949.8,3.0,0.0,36.9,51820.89,53941.83
2022-06-17,37.9,19.0,28.7,950.4,0.0,0.0,21.8,53353.86,53956.19
2022-06-18,36.6,23.1,30.3,950.6,0.0,0.0,31.3,53363.14,53967.09
2022-06-19,36.0,25.0,30.2,950.5,0.0,0.0,35.3,53353.55,53974.5
2022-06-20,37.2,25.3,31.2,948.9,0.0,0.0,37.1,51606.51,53978.44
2022-06-21,32.9,23.8,28.6,953.9,0.0,0.0,27.4,51902.96,53978.9
2022-06-22,30.1,21.2,24.4,956.1,0.8,0.0,15.6,31573.11,53975.9
2022-06-23,30.8,21.2,25.5,949.0,4.3,0.0,25.1,35694.55,53969.45
2022-06-24,37.6,22.2,28.9,943.5,0.0,0.0,23.9,47063.61,53959.56
2022-06-25,29.3,21.9,25.1,949.4,0.6,0.0,34.4,24785.9,53946.22
2022-06-26,22.7,16.6,20.0,960.5,0.0,0.0,20.9,40908.58,53929.47
2022-06-27,27.1,14.8,20.9,959.5,0.0,0.0,19.2,45924.82,53909.3
2022-06-28,31.7,14.4,23.0,955.6,0.0,0.0,19.7,53193.44,53885.74
2022-06-29,34.1,19.9,27.1,952.8,0.0,0.0,34.2,53168.73,53858.81
2022-06-30,37.5,22.9,28.8,948.1,6.1,0.0,26.0,46800.0,53828.52
2022-07-01,27.9,20.7,24.0,950.4,14.5,0.0,26.3,39862.84,53794.89
2022-07-02,28.7,19.3,23.1,949.6,12.3,0.0,15.0,37399.7,53757.81
2022-07-03,30.3,19.5,25.2,949.2,0.5,0.0,24.9,43008.23,53716.95
2022-07-04,35.9,25.0,29.8,945.9,0.0,0.0,31.8,51797.26,53672.39
2022-07-05,36.7,24.1,30.1,945.1,0.7,0.0,24.1,51364.07,53624.23
2022-07-06,32.3,22.2,26.6,947.1,14.4,0.0,22.2,40293.52,53572.56
2022-07-07,30.5,21.4,25.8,947.7,1.1,0.0,28.9,47265.17,53517.48
2022-07-08,31.3,20.9,25.7,952.6,0.0,0.0,18.0,51828.72,53459.11
2022-07-09,32.0,20.1,25.9,955.3,0.0,0.0,16.9,52159.9,53397.53
2022-07-10,37.7,22.0,29.5,950.4,0.0,0.0,27.4,51815.83,53332.84
2022-07-11,31.1,23.8,28.2,949.3,0.0,0.0,32.4,50463.15,53265.16
2022-07-12,30.5,18.7,25.1,953.0,0.0,0.0,10.9,51797.29,53194.57
2022-07-13,34.5,20.7,27.7,951.7,0.0,0.0,21.4,51450.76,53121.19
2022-07-14,39.5,24.1,31.2,949.7,0.0,0.0,29.2,48309.43,53045.1
2022-07-15,38.0,27.7,32.4,949.7,0.6,0.0,24.6,51323.26,52966.42
2022-07-16,33.9,25.2,29.3,948.3,1.3,0.0,19.0,29911.18,52885.25
2022-07-17,32.7,21.7,27.1,948.7,0.3,0.0,17.7,45223.16,52801.67
2022-07-18,35.0,19.4,27.5,948.9,0.0,0.0,21.3,51040.73,52715.79
2022-07-19,37.1,24.8,29.9,944.2,0.0,0.0,23.2,48527.46,52627.7
2022-07-20,33.0,20.4,26.7,947.7,0.0,0.0,16.6,50668.43,52537.5
2022-07-21,36.8,21.7,29.1,948.0,0.0,0.0,19.4,50645.86,52445.29
2022-07-22,37.8,24.4,31.5,947.4,0.0,0.0,24.3,47603.38,52350.85
2022-07-23,40.5,26.8,33.0,945.8,0.0,0.0,30.3,45788.81,52253.43
2022-07-24,30.9,24.0,27.6,950.4,0.7,0.0,28.1,48231.54,52153.12
2022-07-25,26.2,18.3,21.7,950.6,38.3,0.0,19.7,11022.34,52050.07
2022-07-26,27.5,18.5,22.3,948.4,4.5,0.0,22.0,25698.07,51944.42
2022-07-27,30.2,20.3,25.1,949.8,0.7,0.0,12.4,48623.69,51836.31
2022-07-28,27.0,20.0,23.2,951.6,13.7,0.0,21.0,42388.61,51725.87
2022-07-29,25.3,17.0,20.9,954.2,0.0,0.0,12.1,19884.07,51613.25
2022-07-30,26.5,15.6,21.2,953.4,0.0,0.0,15.0,49006.75,51498.58
2022-07-31,31.9,18.0,25.1,950.1,0.0,0.0,17.0,45751.31,51381.98
2022-08-01,33.6,21.2,28.0,948.3,0.0,0.0,14.1,49347.25,51263.6
2022-08-02,36.2,22.4,29.4,944.0,0.0,0.0,19.7,48758.46,51143.55
2022-08-03,35.0,23.2,29.0,944.3,7.8,0.0,24.2,48784.43,51021.96
2022-08-04,34.1,22.6,27.8,950.1,0.0,0.0,18.0,48492.33,50898.95
2022-08-05,35.6,22.7,29.2,948.7,0.0,0.0,21.7,47566.12,50774.66
2022-08-06,38.6,26.6,32.3,947.0,0.0,0.0,25.9,48231.34,50649.17
2022-08-07,35.1,22.5,30.0,949.5,0.0,0.0,26.3,47310.86,50522.64
2022-08-08,27.8,18.7,22.8,953.3,0.0,0.0,20.5,47931.4,50395.14
2022-08-09,30.3,16.6,23.3,953.2,0.0,0.0,9.7,47691.25,50266.82
2022-08-10,32.3,18.1,25.5,955.3,0.0,0.0,9.7,47723.87,50137.76
2022-08-11,31.6,19.8,25.6,954.9,0.0,0.0,14.0,47757.21,50007.71
2022-08-12,33.6,19.1,26.5,952.6,0.0,0.0,19.5,47477.85,49875.75
2022-08-13,35.2,23.1,29.0,950.8,0.0,0.0,20.0,47200.47,49741.95
2022-08-14,34.6,20.2,27.6,949.4,0.0,0.0,22.7,46925.13,49606.44
2022-08-15,36.6,20.9,28.0,947.5,0.4,0.0,28.8,43233.96,49469.34
2022-08-16,23.2,19.4,20.6,951.1,1.0,0.0,27.1,949.72,49330.79
2022-08-17,27.4,17.9,22.3,954.3,0.0,0.0,13.4,40031.22,49190.91
2022-08-18,30.5,16.3,23.8,950.6,0.0,0.0,15.3,43200.0,49049.81
2022-08-19,29.4,19.3,24.0,947.2,1.3,0.0,13.3,46800.0,48907.61
2022-08-20,27.9,17.2,22.4,950.6,0.0,0.0,16.8,45361.51,48764.43
2022-08-21,28.6,16.4,22.7,953.1,0.0,0.0,11.5,46800.0,48620.38
2022-08-22,29.1,16.1,23.3,952.5,0.0,0.0,10.6,46800.0,48475.58
2022-08-23,30.9,16.8,24.3,950.5,0.0,0.0,15.5,46800.0,48330.12
2022-08-24,31.5,18.3,25.0,951.2,0.0,0.0,12.9,46800.0,48184.12
2022-08-25,32.8,19.9,26.8,952.1,0.0,0.0,12.5,46793.18,48037.69
2022-08-26,34.4,20.3,27.6,950.2,0.0,0.0,23.4,46737.12,47890.92
2022-08-27,28.3,21.8,25.3,945.0,16.2,0.0,25.1,27671.7,47743.92
2022-08-28,35.5,20.5,26.7,940.4,0.0,0.0,18.9,46625.28,47596.78
2022-08-29,30.9,20.6,25.6,947.0,0.0,0.0,26.4,46569.53,47449.6
2022-08-30,30.0,17.6,24.0,954.3,0.0,0.0,14.2,46513.91,47302.48
2022-08-31,32.9,18.1,25.5,953.0,0.0,0.0,15.3,46458.4,47155.15
2022-09-01,31.9,20.1,26.1,949.1,0.0,0.0,17.9,43057.53,47006.65
2022-09-02,33.8,19.8,25.7,948.2,0.8,0.0,16.7,36734.84,46857.03
2022-09-03,28.0,18.9,23.0,955.2,0.0,0.0,23.1,46155.14,46706.41
2022-09-04,26.6,13.3,20.3,953.3,0.0,0.0,10.2,46004.08,46554.88
2022-09-05,29.3,15.7,22.7,950.4,0.0,0.0,13.2,45852.23,46402.55
2022-09-06,33.7,18.5,25.7,951.6,0.0,0.0,16.7,45699.66,46249.51
2022-09-07,32.3,19.3,25.8,954.0,0.0,0.0,15.7,45546.5,46095.87
2022-09-08,33.7,19.3,26.2,946.8,0.0,0.0,25.6,45392.83,45941.73
2022-09-09,28.4,18.1,22.8,944.7,0.0,0.0,32.1,43683.0,45787.18
2022-09-10,18.9,13.2,16.1,954.1,8.1,0.0,29.5,16281.04,45632.31
2022-09-11,24.0,10.5,17.5,956.5,0.0,0.0,12.6,44929.73,45477.23
2022-09-12,28.3,12.2,20.0,949.6,0.0,0.0,14.1,44774.98,45322.01
2022-09-13,31.9,15.6,23.7,946.2,0.0,0.0,18.3,44620.19,45166.77
2022-09-14,32.7,20.2,26.2,947.6,0.0,0.0,29.3,37081.63,45011.58
2022-09-15,31.1,22.3,25.4,948.4,0.2,0.0,30.6,36934.15,44856.55
2022-09-16,27.3,17.4,22.5,947.4,4.6,0.0,20.6,43002.05,44701.76
2022-09-17,31.8,20.0,25.3,944.3,0.1,0.0,25.1,41245.06,44547.29
2022-09-18,30.7,19.2,24.9,944.9,0.0,0.0,19.5,43153.83,44393.25
2022-09-19,35.6,19.9,27.0,946.4,0.0,0.0,23.4,41436.89,44239.71
2022-09-20,35.4,23.3,29.1,946.4,0.0,0.0,21.8,41812.29,44086.4
2022-09-21,24.1,12.5,18.7,951.8,6.3,0.0,35.3,23870.9,43932.33
2022-09-22,14.4,12.0,13.5,956.5,2.9,0.0,14.7,0.0,43777.54
2022-09-23,23.8,11.4,16.4,949.1,0.1,0.0,18.4,32989.85,43622.13
2022-09-24,27.6,13.3,19.9,948.5,0.0,0.0,24.0,41227.85,43466.21
2022-09-25,23.9,13.3,18.6,954.2,0.0,0.0,20.6,40763.84,43309.85
2022-09-26,22.8,9.9,16.7,954.3,0.0,0.0,11.9,40494.08,43153.18
2022-09-27,26.7,12.0,19.3,953.6,0.0,0.0,18.5,40568.59,42996.29
2022-09-28,22.8,11.9,17.5,959.8,0.0,0.0,19.0,40253.96,42839.27
2022-09-29,23.9,11.0,17.5,955.7,0.0,0.0,25.3,39984.12,42682.23
2022-09-30,26.9,15.7,20.8,950.0,0.0,0.0,26.1,40014.02,42525.25
2022-10-01,26.7,14.4,20.4,951.6,0.0,0.0,23.8,39744.01,42368.44
2022-10-02,25.8,12.9,19.4,955.8,0.0,0.0,20.9,39774.06,42211.9
2022-10-03,27.3,13.8,20.4,954.2,0.0,0.0,23.6,39804.28,42055.73
2022-10-04,20.0,14.1,17.4,951.9,7.2,0.0,18.0,20459.21,41900.03
2022-10-05,23.8,12.2,17.7,953.3,0.0,0.0,17.9,36923.19,41744.9
2022-10-06,23.3,11.7,16.8,956.5,0.0,0.0,21.6,39600.0,41590.45
2022-10-07,11.5,5.4,8.0,964.3,5.9,0.0,21.3,17701.03,41436.77
2022-10-08,17.3,4.5,10.5,960.8,0.0,0.0,13.0,39600.0,41283.97
2022-10-09,22.3,6.9,14.5,954.7,0.0,0.0,12.6,39554.46,41132.17
2022-10-10,24.5,6.5,16.2,950.6,0.0,0.0,18.1,39463.73,40981.03
2022-10-11,27.6,13.7,20.0,942.2,1.3,0.0,25.5,39372.97,40829.51
2022-10-12,19.9,8.5,13.9,947.7,0.1,0.0,34.7,28482.27,40677.63
2022-10-13,17.3,7.7,11.9,949.0,0.0,0.0,33.4,39191.75,40525.51
2022-10-14,25.4,6.3,13.9,942.6,0.0,0.0,34.8,39101.49,40373.27
2022-10-15,21.6,5.3,13.9,948.2,0.0,0.0,18.2,28677.78,40221.03
2022-10-16,17.1,7.9,12.9,955.1,0.0,0.0,23.2,38922.19,40068.88
2022-10-17,11.0,0.8,6.7,957.8,0.0,0.0,19.1,38833.37,39916.97
2022-10-18,8.4,-2.2,3.3,959.7,0.0,0.0,15.8,38745.22,39765.39
2022-10-19,16.4,-1.7,7.8,953.1,0.0,0.0,10.7,38657.87,39614.28
2022-10-20,23.5,7.9,14.5,945.6,0.0,0.0,18.2,38571.41,39463.76
2022-10-21,24.7,9.2,16.5,938.1,0.0,0.0,15.1,38485.96,39313.95
2022-10-22,25.3,6.6,17.4,932.4,0.0,0.0,18.9,38401.62,39164.99
2022-10-23,31.6,15.7,23.0,929.0,0.2,0.0,47.5,37972.47,39016.99
2022-10-24,19.3,8.1,12.3,940.6,0.1,0.0,22.9,22085.6,38870.1
2022-10-25,17.0,2.3,9.5,945.4,0.0,0.0,16.6,38156.4,38724.43
2022-10-26,14.2,3.9,9.7,949.3,0.0,0.0,24.9,8776.19,38580.14
2022-10-27,14.0,9.1,11.0,948.4,9.3,0.0,25.1,25229.53,38437.36
2022-10-28,16.8,6.4,11.1,957.1,0.8,0.0,12.0,37065.33,38296.23
2022-10-29,18.8,6.0,11.5,954.1,0.0,0.0,11.7,37040.1,38156.9
2022-10-30,17.2,8.2,11.7,948.6,0.0,0.0,17.7,25727.38,38019.06
2022-10-31,20.3,3.7,11.5,946.2,0.0,0.0,16.2,36668.74,37881.52
2022-11-01,23.3,7.2,15.2,947.7,0.0,0.0,26.3,36321.01,37744.36
2022-11-02,23.6,14.6,18.6,946.0,0.0,0.0,34.9,32895.33,37607.7
2022-11-03,23.4,7.3,16.4,941.8,0.0,0.0,30.9,33165.4,37471.68
2022-11-04,8.2,2.4,5.3,944.6,0.3,0.0,27.0,18088.98,37336.45
2022-11-05,16.5,-0.8,8.1,935.8,0.0,0.0,26.1,35550.59,37202.14
2022-11-06,15.1,5.9,10.0,946.1,0.0,0.0,22.0,35515.4,37068.9
2022-11-07,12.5,4.0,7.9,958.8,0.0,0.0,24.0,35155.58,36936.87
2022-11-08,20.1,9.5,14.9,952.6,1.3,0.0,31.7,0.0,36806.22
2022-11-09,22.7,17.4,19.8,945.7,0.3,0.0,36.2,22910.87,36677.09
2022-11-10,20.7,-0.5,9.2,945.8,2.6,0.0,38.2,32522.43,36549.64
2022-11-11,1.6,-7.3,-2.5,955.4,0.0,0.0,23.1,34848.14,36424.02
2022-11-12,1.9,-8.3,-3.7,956.6,0.0,0.0,13.0,34778.45,36300.4
2022-11-13,6.1,-6.4,-0.8,951.6,0.0,0.0,25.5,28438.3,36178.96
2022-11-14,1.3,-4.3,-1.4,951.7,0.4,0.35,22.8,0.0,36059.85
2022-11-15,3.7,-4.7,-1.2,957.1,0.0,0.0,21.9,34318.31,35943.25
2022-11-16,1.0,-8.1,-3.6,960.8,0.0,0.0,21.6,34503.34,35829.33
2022-11-17,1.8,-6.2,-1.1,959.1,0.1,0.07,25.1,15137.92,35718.26
2022-11-18,-2.8,-10.3,-6.5,961.2,0.0,0.0,22.2,34104.02,35610.24
2022-11-19,3.0,-6.0,-2.5,957.9,0.0,0.0,30.7,33806.17,35505.0
2022-11-20,8.2,-5.1,0.0,954.6,0.0,0.0,18.5,33844.45,35401.47
2022-11-21,10.5,-2.9,3.4,953.1,0.0,0.0,15.0,33544.51,35299.69
2022-11-22,10.6,-3.4,3.1,951.6,0.0,0.0,14.2,33243.13,35199.8
2022-11-23,8.6,-1.5,3.0,945.8,0.0,0.0,13.0,32027.93,35101.94
2022-11-24,9.4,1.0,4.3,953.7,0.0,0.0,29.9,32976.18,35006.22
2022-11-25,10.1,-3.4,3.1,957.1,0.0,0.0,21.6,33011.96,34912.8
2022-11-26,11.5,-1.7,4.8,944.0,0.4,0.0,30.9,23395.95,34821.79
2022-11-27,7.7,-0.2,3.3,944.0,0.0,0.0,32.8,28794.18,34733.35
2022-11-28,9.1,-1.6,3.3,938.0,0.0,0.0,19.5,32056.39,34647.61
2022-11-29,3.8,-4.9,-0.6,939.8,0.4,0.35,38.2,3600.0,34564.71
2022-11-30,1.3,-8.7,-4.0,957.5,0.0,0.0,19.4,32497.07,34484.79
2022-12-01,9.0,-3.1,2.8,948.2,0.0,0.0,34.1,32529.07,34408.01
2022-12-02,16.4,-3.0,5.3,940.1,0.0,0.0,41.5,32400.0,34334.48
2022-12-03,3.0,-9.3,-2.8,961.9,0.0,0.0,20.7,29792.29,34264.37
2022-12-04,6.2,-5.2,0.2,951.2,0.0,0.0,13.8,32400.0,34197.83
2022-12-05,7.3,-2.7,1.4,942.2,0.0,0.0,21.2,30139.96,34134.98
2022-12-06,5.0,-3.9,-1.1,947.2,0.0,0.0,11.2,32400.0,34075.98
2022-12-07,9.0,-4.0,0.8,953.5,0.0,0.0,16.4,32400.0,34020.97
2022-12-08,0.6,-3.8,-1.7,952.6,14.4,5.95,16.9,0.0,33970.11
2022-12-09,4.7,-3.1,-0.5,952.0,0.0,0.0,22.8,32400.0,33923.29
2022-12-10,8.4,-4.5,1.3,952.1,0.0,0.0,19.9,32400.0,33879.93
2022-12-11,7.1,-5.4,0.6,950.3,0.0,0.0,21.3,32400.0,33840.05
2022-12-12,8.1,-0.4,4.8,942.3,7.0,0.0,25.9,0.0,33803.68
2022-12-13,9.5,-1.9,5.6,930.9,10.8,0.07,38.9,28800.0,33770.85
2022-12-14,2.1,-3.8,-1.3,935.9,0.0,0.0,35.9,17657.11,33741.6
2022-12-15,0.4,-5.4,-2.8,942.3,0.0,0.0,41.8,31112.51,33715.97
2022-12-16,-1.1,-4.6,-3.3,945.5,0.0,0.07,39.5,24039.15,33693.99
2022-12-17,3.0,-5.8,-2.3,949.1,0.0,0.0,25.8,32400.0,33675.69
2022-12-18,5.0,-8.5,-2.0,950.8,0.0,0.0,18.7,32400.0,33661.1
2022-12-19,3.4,-9.0,-0.8,952.7,0.0,0.0,22.4,3600.0,33650.24
2022-12-20,-5.9,-13.9,-10.6,964.1,0.0,0.0,20.9,32400.0,33643.14
2022-12-21,-0.9,-15.9,-7.8,952.5,0.5,0.35,34.9,139.96,33639.84
2022-12-22,-17.9,-23.4,-20.2,960.5,1.7,1.19,39.5,28800.0,33640.35
2022-12-23,-11.0,-19.5,-15.4,964.5,0.0,0.0,28.6,32400.0,33644.68
2022-12-24,-5.1,-14.2,-10.3,962.5,0.0,0.0,19.6,22104.04,33652.86
2022-12-25,2.4,-12.3,-5.3,953.2,0.2,0.0,19.9,21600.0,33664.92
2022-12-26,1.6,-11.5,-5.6,955.8,0.0,0.0,40.1,32400.0,33680.85
2022-12-27,9.3,-8.0,0.3,941.9,0.0,0.0,22.0,32400.0,33700.68
2022-12-28,10.4,-1.6,4.1,929.4,0.1,0.0,19.8,30407.49,33724.42
2022-12-29,6.5,-0.2,2.7,937.5,3.0,0.42,26.9,14400.0,33752.18
2022-12-30,6.7,-3.0,0.6,946.8,0.0,0.0,14.1,32394.13,33784.22
2022-12-31,7.4,-1.0,2.1,938.9,0.0,0.0,14.1,27979.01,33820.44
2023-01-01,8.6,-1.1,3.5,943.0,0.0,0.0,19.4,30638.42,33860.74
2023-01-02,3.6,0.0,1.9,941.9,4.8,0.0,28.0,0.0,33905.01
2023-01-03,0.4,-1.2,-0.4,937.3,1.3,0.49,33.9,4992.49,33953.16
2023-01-04,4.1,-3.7,-0.7,945.5,0.0,0.0,23.7,32367.72,34005.05
2023-01-05,5.3,-3.8,-0.4,951.8,0.0,0.0,22.4,32509.91,34060.58
2023-01-06,7.5,-4.7,0.6,949.6,0.0,0.0,20.5,32483.2,34119.65
2023-01-07,3.5,-2.9,0.3,956.9,0.1,0.07,17.1,17835.93,34182.13
2023-01-08,8.4,-3.6,0.8,953.6,0.0,0.0,12.6,32383.3,34247.93
2023-01-09,12.2,-2.3,3.3,947.3,0.0,0.0,17.1,32757.63,34316.91
2023-01-10,10.0,-2.7,3.0,941.7,0.6,0.0,12.4,30251.38,34388.98
2023-01-11,7.8,0.4,3.1,941.8,0.2,0.14,30.1,26073.0,34464.01
2023-01-12,2.6,-2.8,-0.8,958.1,0.0,0.0,35.6,15956.95,34541.9
2023-01-13,2.1,-3.3,-1.4,959.3,0.0,0.0,13.9,18846.79,34622.54
2023-01-14,7.8,-2.1,1.9,946.3,0.0,0.0,19.3,27264.59,34705.82
2023-01-15,8.6,-1.6,2.8,932.9,0.0,0.0,15.3,19093.16,34791.63
2023-01-16,10.5,-0.3,4.1,932.0,4.2,0.0,25.4,33213.45,34879.85
2023-01-17,7.2,-2.1,1.2,941.5,0.0,0.0,14.9,31405.32,34970.38
2023-01-18,-0.5,-3.6,-1.6,937.9,15.4,7.14,24.7,0.0,35063.5
2023-01-19,-0.1,-5.5,-3.5,945.3,0.6,0.42,28.9,33784.36,35160.15
2023-01-20,0.4,-9.1,-5.0,953.8,0.0,0.0,15.4,32400.0,35260.19
2023-01-21,-2.0,-5.0,-3.5,950.7,8.6,6.02,14.6,0.0,35363.46
2023-01-22,-2.4,-13.8,-7.4,946.5,0.1,0.07,14.1,34600.21,35469.77
2023-01-23,-2.1,-14.0,-9.2,951.5,0.0,0.0,15.5,32613.04,35578.95
2023-01-24,-4.3,-9.6,-6.7,949.9,0.0,0.0,17.4,17482.52,35690.82
2023-01-25,-3.4,-9.2,-5.6,950.0,0.0,0.0,30.3,33541.71,35805.22
2023-01-26,-1.3,-9.8,-4.3,952.0,0.0,0.0,24.0,33104.49,35921.96
2023-01-27,3.2,-1.7,1.0,945.2,0.0,0.0,26.5,34125.72,36040.89
2023-01-28,1.7,-13.1,-3.9,945.5,1.0,0.7,29.5,18122.34,36161.84
2023-01-29,-13.8,-17.6,-15.7,959.4,1.1,0.77,29.5,608.14,36284.65
2023-01-30,-12.5,-18.8,-16.0,962.0,0.0,0.0,17.3,35179.65,36409.16
2023-01-31,-10.7,-21.3,-16.3,958.8,0.0,0.0,13.9,35253.01,36535.22
2023-02-01,-4.6,-15.4,-10.6,954.7,0.0,0.0,16.4,35326.25,36662.68
2023-02-02,-1.8,-14.0,-7.5,958.0,0.0,0.0,28.3,35399.29,36791.38
2023-02-03,0.6,-17.2,-8.7,960.2,0.0,0.0,15.2,35472.04,36921.18
2023-02-04,3.7,-6.0,-1.2,947.0,0.0,0.0,20.2,35544.41,37051.94
2023-02-05,5.9,-3.7,0.6,949.4,0.0,0.0,16.5,35616.33,37183.51
2023-02-06,7.1,1.1,3.6,941.0,0.0,0.0,23.4,35687.7,37315.76
2023-02-07,8.9,-2.1,2.8,953.4,0.0,0.0,27.4,35823.88,37449.02
2023-02-08,9.5,-4.0,2.6,949.7,0.0,0.0,9.5,32430.85,37584.49
2023-02-09,5.5,-3.2,1.5,951.4,0.0,0.0,37.2,20004.47,37722.08
2023-02-10,5.1,-6.5,-1.8,962.0,0.0,0.0,22.4,36250.4,37861.62
2023-02-11,10.7,-4.6,1.8,954.8,0.0,0.0,19.9,36239.7,38002.96
2023-02-12,9.3,-2.8,2.8,946.0,0.0,0.0,18.6,21588.49,38145.94
2023-02-13,13.8,-2.9,4.6,943.3,0.1,0.0,21.8,36477.59,38290.42
2023-02-14,12.0,2.5,6.2,927.1,4.0,0.0,30.2,15115.71,38436.22
2023-02-15,3.5,-6.8,-2.2,945.6,2.7,1.89,27.1,5583.01,38583.22
2023-02-16,-3.3,-9.0,-6.9,953.4,8.1,5.67,28.8,28800.0,38731.27
2023-02-17,3.6,-11.9,-4.9,955.6,0.0,0.0,18.1,37250.44,38880.23
2023-02-18,10.4,-2.4,2.4,946.7,0.0,0.0,26.7,25634.24,39029.95
2023-02-19,9.3,-3.4,2.0,943.6,0.0,0.0,19.0,37784.11,39180.31
2023-02-20,12.1,-1.7,3.6,941.1,0.0,0.0,21.7,30994.33,39331.15
2023-02-21,14.6,-1.8,5.4,934.6,0.0,0.0,27.0,37690.96,39482.38
2023-02-22,5.5,-11.4,-3.6,931.6,0.5,0.0,33.9,11462.59,39633.83
2023-02-23,-6.2,-17.1,-11.8,954.8,0.0,0.0,27.5,38373.75,39785.39
2023-02-24,-2.5,-15.3,-9.9,963.0,0.2,0.14,17.1,37241.39,39936.93
2023-02-25,10.0,-9.4,-1.5,953.5,0.0,0.0,19.7,36000.0,40088.33
2023-02-26,14.4,-3.2,4.6,937.6,12.2,0.0,24.5,37695.58,40239.47
2023-02-27,16.0,2.3,9.4,932.5,1.4,0.0,38.3,38742.5,40390.66
2023-02-28,11.5,-1.4,3.9,938.0,0.0,0.0,15.3,38799.35,40543.08
2023-03-01,10.6,-1.3,5.0,943.2,0.0,0.0,26.0,35287.37,40696.65
2023-03-02,5.6,-4.0,-0.4,943.7,0.1,0.07,22.2,10136.88,40851.28
2023-03-03,11.8,-3.0,3.7,937.3,0.0,0.0,13.6,39067.18,41006.84
2023-03-04,10.2,1.3,5.1,946.7,0.8,0.0,21.9,39158.72,41163.22
2023-03-05,16.5,1.8,7.9,942.6,0.0,0.0,20.4,39683.76,41320.29
2023-03-06,7.8,-0.5,4.0,949.9,0.0,0.0,23.4,39441.29,41477.95
2023-03-07,6.2,-2.5,1.7,956.2,0.0,0.0,19.4,4970.93,41636.09
2023-03-08,5.6,1.0,2.8,956.3,0.0,0.0,17.6,1196.37,41794.59
2023-03-09,6.5,-1.4,1.6,954.1,4.5,3.15,23.0,14698.72,41953.34
2023-03-10,6.0,-5.8,-0.5,952.2,0.0,0.0,21.6,39600.0,42112.24
2023-03-11,10.1,-0.7,3.0,940.9,2.5,0.14,23.8,22734.77,42271.18
2023-03-12,4.2,-3.7,-0.6,951.1,0.0,0.0,25.2,41001.88,42430.05
2023-03-13,3.2,-7.5,-2.8,957.8,0.0,0.0,15.9,40968.73,42588.74
2023-03-14,11.3,-4.8,2.8,953.1,0.0,0.0,28.4,40935.86,42747.14
2023-03-15,18.0,3.4,10.2,941.9,0.0,0.0,31.3,40603.49,42905.16
2023-03-16,11.7,-1.4,3.8,942.0,4.1,1.47,41.1,9070.19,43062.67
2023-03-17,6.6,-4.5,0.5,953.4,0.0,0.0,28.5,41138.39,43219.59
2023-03-18,3.2,-8.2,-3.9,960.4,0.0,0.0,29.8,41975.75,43375.8
2023-03-19,9.8,-8.8,0.1,956.9,0.0,0.0,27.3,42037.33,43531.59
2023-03-20,14.8,1.9,8.0,943.3,0.0,0.0,24.9,36239.0,43688.03
2023-03-21,16.5,3.0,8.6,940.5,0.0,0.0,23.5,28263.58,43845.09
2023-03-22,12.1,1.6,6.6,943.0,0.1,0.0,26.1,32400.0,44002.68
2023-03-23,7.9,-1.1,3.0,948.8,0.0,0.0,27.6,27676.35,44160.69
2023-03-24,9.4,-1.7,4.3,943.8,1.2,0.07,13.8,28800.0,44319.01
2023-03-25,12.8,0.8,5.9,940.2,3.5,0.0,16.9,31827.05,44477.57
2023-03-26,5.0,-1.5,1.6,948.9,0.0,0.0,34.2,19321.05,44636.26
2023-03-27,4.5,-5.4,-0.3,955.4,0.9,0.63,15.5,21980.34,44794.98
2023-03-28,10.0,-5.8,2.0,959.3,0.0,0.0,16.8,43155.38,44953.63
2023-03-29,11.9,-0.8,4.7,951.5,0.0,0.0,24.4,43466.63,45112.12
2023-03-30,23.3,4.3,12.9,938.7,0.0,0.0,41.5,42706.02,45270.33
2023-03-31,16.8,0.8,10.6,933.7,0.8,0.0,47.5,37642.55,45428.19
2023-04-01,14.5,-1.2,6.2,949.5,0.0,0.0,39.9,44702.89,45585.56
2023-04-02,21.5,6.4,13.9,939.5,0.0,0.0,27.4,45016.66,45742.37
2023-04-03,15.4,7.9,11.5,936.4,0.0,0.0,31.9,30228.06,45898.5
2023-04-04,16.5,0.1,8.1,931.1,0.1,0.07,29.8,45532.28,46053.85
2023-04-05,10.5,-4.5,1.8,948.5,0.1,0.07,28.6,45686.22,46208.3
2023-04-06,13.4,-4.4,4.5,959.1,0.0,0.0,17.9,44476.7,46361.75
2023-04-07,18.7,2.8,10.5,957.4,0.0,0.0,26.3,45990.94,46514.1
2023-04-08,22.2,6.2,13.9,952.2,0.0,0.0,27.2,46095.96,46665.6
2023-04-09,22.0,10.9,15.5,952.8,0.2,0.0,25.1,34047.62,46817.3
2023-04-10,23.1,8.6,15.6,954.7,0.0,0.0,20.3,46277.95,46969.14
2023-04-11,26.6,8.2,17.7,951.9,0.0,0.0,26.2,46368.93,47121.01
2023-04-12,29.0,15.0,21.4,944.6,0.0,0.0,32.8,46459.77,47272.85
2023-04-13,28.9,15.3,21.9,937.5,0.0,0.0,37.8,46550.39,47424.53
2023-04-14,28.4,11.5,20.3,935.0,0.2,0.0,34.2,35793.32,47575.95
2023-04-15,10.6,5.4,8.0,947.3,1.4,0.0,31.9,1338.99,47727.02
2023-04-16,15.6,3.8,9.1,952.9,0.0,0.0,32.8,46800.0,47877.62
2023-04-17,22.9,1.7,12.2,945.5,0.0,0.0,23.9,46800.0,48027.64
2023-04-18,27.9,8.3,18.2,936.4,0.4,0.0,38.6,44993.32,48176.98
2023-04-19,24.7,13.5,19.8,934.4,0.0,0.0,34.6,44692.81,48325.53
2023-04-20,16.0,8.6,12.2,944.9,1.1,0.0,35.3,43200.0,48473.15
2023-04-21,13.3,3.9,7.8,950.5,0.0,0.0,36.5,46800.0,48619.76
2023-04-22,10.6,-0.2,5.2,953.3,0.0,0.0,25.9,46800.0,48765.21
2023-04-23,14.6,-0.6,7.2,952.1,0.0,0.0,16.2,32262.29,48909.4
2023-04-24,18.2,5.7,11.6,948.6,0.0,0.0,27.8,42153.31,49052.2
2023-04-25,13.8,4.8,10.0,949.5,0.2,0.0,18.6,10800.0,49193.47
2023-04-26,18.6,7.2,12.8,951.2,0.0,0.0,20.3,38260.05,49333.09
2023-04-27,19.3,5.1,12.1,944.5,2.3,0.0,19.9,46800.0,49470.94
2023-04-28,14.0,7.9,10.6,946.8,2.2,0.0,36.1,5720.19,49607.25
2023-04-29,21.6,4.2,12.6,946.5,0.0,0.0,37.0,46800.0,49742.99
2023-04-30,14.9,6.2,10.8,947.8,0.0,0.0,31.1,46800.0,49878.14
2023-05-01,17.2,3.5,10.5,947.5,0.0,0.0,18.7,46810.59,50012.55
2023-05-02,17.7,4.2,11.0,949.4,0.0,0.0,15.8,47005.81,50146.14
2023-05-03,22.0,4.9,14.4,947.6,0.0,0.0,17.5,44684.37,50278.8
2023-05-04,25.3,11.5,18.3,942.8,1.1,0.0,22.3,46091.1,50410.39
2023-05-05,26.1,14.8,19.8,942.0,11.2,0.0,20.0,36512.8,50540.81
2023-05-06,26.8,16.3,20.9,941.5,0.0,0.0,22.8,43295.37,50669.94
2023-05-07,29.1,16.2,21.4,942.2,0.1,0.0,32.4,40325.13,50797.65
2023-05-08,28.1,12.9,20.6,946.8,0.0,0.0,23.2,47257.01,50923.82
2023-05-09,26.0,16.4,19.3,947.6,13.6,0.0,28.8,21665.71,51048.32
2023-05-10,27.0,14.4,20.6,947.0,0.5,0.0,26.6,41539.17,51171.02
2023-05-11,25.5,15.8,20.4,943.4,15.4,0.0,32.7,43529.09,51291.8
2023-05-12,25.7,16.1,20.4,942.2,0.2,0.0,26.2,42465.27,51410.49
2023-05-13,24.3,14.0,19.4,949.4,0.0,0.0,28.1,33045.5,51526.99
2023-05-14,21.2,15.0,18.4,956.1,1.5,0.0,24.3,6129.86,51641.14
2023-05-15,16.4,12.4,14.0,958.1,0.8,0.0,20.4,362.48,51752.81
2023-05-16,22.6,12.0,16.6,951.8,0.0,0.0,13.4,39169.44,51861.84
2023-05-17,25.0,11.4,18.9,947.8,0.0,0.0,12.8,49719.32,51968.1
2023-05-18,25.0,12.5,18.9,947.3,3.7,0.0,12.2,46203.06,52071.76
2023-05-19,18.9,11.7,15.7,954.2,3.4,0.0,29.0,38268.58,52173.62
2023-05-20,21.2,7.6,14.5,956.9,0.0,0.0,11.9,50583.65,52273.65
2023-05-21,24.6,10.1,18.1,952.5,0.0,0.0,14.8,48574.3,52371.75
2023-05-22,24.9,12.8,19.4,949.9,0.2,0.0,17.4,42238.38,52467.81
2023-05-23,26.5,14.5,20.6,950.3,0.1,0.0,19.2,48167.14,52561.73
2023-05-24,27.3,14.5,21.8,951.2,0.0,0.0,21.1,50112.81,52653.4
2023-05-25,25.7,15.5,19.7,951.0,5.3,0.0,23.0,40453.03,52742.73
2023-05-26,27.8,15.7,21.6,953.0,0.3,0.0,24.5,48382.22,52829.6
2023-05-27,27.7,15.4,21.9,952.0,0.0,0.0,25.1,42289.64,52913.92
2023-05-28,24.1,17.1,19.8,948.9,4.5,0.0,25.1,38451.85,52995.56
2023-05-29,27.9,16.6,22.5,946.7,0.1,0.0,20.7,51715.25,53074.42
2023-05-30,31.1,17.5,24.3,945.9,0.0,0.0,15.2,45332.79,53150.39
2023-05-31,29.5,17.4,23.3,945.4,1.2,0.0,18.6,50571.57,53223.37
2023-06-01,27.4,18.4,23.1,946.6,0.5,0.0,24.1,48202.08,53293.23
2023-06-02,26.8,17.1,21.1,948.4,22.9,0.0,23.8,36678.16,53359.89
2023-06-03,26.8,16.9,20.9,948.5,10.4,0.0,25.7,40584.81,53423.2
2023-06-04,28.8,17.0,22.8,950.4,0.0,0.0,15.5,51111.9,53483.08
2023-06-05,28.6,16.2,22.6,951.8,0.0,0.0,9.8,50105.77,53539.4
2023-06-06,29.2,16.5,23.4,949.7,0.0,0.0,14.8,52997.09,53592.06
2023-06-07,30.0,16.3,23.9,946.2,0.0,0.0,9.0,53045.39,53641.12
2023-06-08,32.3,19.4,26.0,944.7,0.0,0.0,11.6,53090.57,53686.98
2023-06-09,30.3,19.1,23.3,945.7,5.8,0.0,13.4,37801.36,53729.64
2023-06-10,28.7,16.7,22.5,942.3,0.1,0.0,15.5,51059.83,53769.06
2023-06-11,24.1,16.0,20.1,946.7,0.7,0.0,25.7,44862.37,53805.22
2023-06-12,23.2,12.2,17.8,949.4,0.0,0.0,11.7,52165.75,53838.07
2023-06-13,26.0,12.1,19.0,945.3,3.6,0.0,15.8,45801.56,53867.6
2023-06-14,26.6,13.9,21.1,942.0,0.2,0.0,9.5,53293.54,53893.77
2023-06-15,29.6,16.6,23.2,942.4,0.0,0.0,17.5,46170.64,53916.56
2023-06-16,30.3,17.8,24.0,946.5,0.0,0.0,17.8,49315.56,53935.95
2023-06-17,25.1,16.2,20.4,946.6,5.9,0.0,25.3,39655.92,53951.9
2023-06-18,29.2,14.6,22.3,942.2,0.0,0.0,13.4,53005.38,53964.41
2023-06-19,33.4,18.8,26.3,943.4,0.0,0.0,28.5,53352.39,53973.44
2023-06-20,33.6,20.5,27.1,946.4,0.0,0.0,25.8,46543.88,53978.98
2023-06-21,26.5,19.8,22.0,948.6,30.6,0.0,23.7,15757.98,53981.01
2023-06-22,28.7,19.1,23.9,949.5,0.2,0.0,13.0,49634.99,53979.52
2023-06-23,29.5,18.3,24.5,947.1,2.5,0.0,24.3,41716.76,53974.49
2023-06-24,31.6,22.0,26.4,944.0,0.0,0.0,26.1,50400.0,53965.91
2023-06-25,27.5,16.7,22.2,949.4,0.0,0.0,23.4,53267.06,53953.77
2023-06-26,28.2,15.5,22.6,949.6,0.0,0.0,10.8,53062.91,53938.06
2023-06-27,31.1,18.6,24.4,946.4,0.0,0.0,33.0,53071.64,53918.69
2023-06-28,35.5,21.1,28.4,942.4,0.0,0.0,19.5,50589.6,53895.51
2023-06-29,33.1,21.3,27.7,946.2,0.9,0.0,31.7,50251.85,53868.55
2023-06-30,30.7,20.4,25.1,948.2,8.1,0.0,25.9,43112.09,53837.9
2023-07-01,26.2,19.2,22.4,947.9,11.2,0.0,19.3,46002.39,53803.64
2023-07-02,30.4,16.7,23.6,948.1,0.0,0.0,11.6,53097.76,53765.83
2023-07-03,32.8,19.5,26.4,947.8,0.0,0.0,16.9,52797.8,53724.56
2023-07-04,34.3,20.4,25.8,947.4,8.0,0.0,22.2,45610.8,53679.92
2023-07-05,26.5,18.1,21.8,952.7,3.7,0.0,23.2,43705.4,53631.98
2023-07-06,25.2,16.0,20.5,953.2,0.0,0.0,16.8,30827.56,53580.81
2023-07-07,28.7,19.1,23.4,947.2,1.1,0.0,21.2,39596.76,53526.51
2023-07-08,24.9,14.7,19.5,949.9,1.1,0.0,18.9,43200.0,53469.16
2023-07-09,26.1,14.6,20.3,950.1,0.0,0.0,11.2,51827.95,53408.84
2023-07-10,30.2,17.6,24.1,947.5,1.0,0.0,24.3,47651.94,53345.62
2023-07-11,31.7,20.1,26.2,946.6,0.2,0.0,20.2,51813.94,53279.61
2023-07-12,31.4,22.6,26.6,945.2,0.2,0.0,22.6,42777.22,53210.87
2023-07-13,32.1,20.2,25.6,947.3,0.0,0.0,14.0,51122.89,53139.49
2023-07-14,29.8,20.7,24.8,946.7,5.6,0.0,18.6,47845.62,53065.56
2023-07-15,31.0,19.6,25.0,950.4,1.0,0.0,19.1,51431.35,52989.15
2023-07-16,30.5,20.8,25.0,949.9,1.6,0.0,18.6,43881.64,52910.35
2023-07-17,29.4,18.8,24.2,949.0,0.0,0.0,20.1,51064.18,52828.96
2023-07-18,32.2,19.9,25.2,947.4,0.0,0.0,25.2,34056.59,52744.33
2023-07-19,30.9,20.5,25.1,950.3,0.0,0.0,18.9,28788.13,52656.54
2023-07-20,28.7,20.9,24.1,953.9,0.0,0.0,21.1,43229.62,52565.73
2023-07-21,26.9,18.2,22.7,954.1,3.7,0.0,15.2,49896.01,52472.04
2023-07-22,30.8,18.3,23.7,950.7,0.2,0.0,18.5,50293.78,52375.61
2023-07-23,32.7,18.2,25.6,949.3,0.0,0.0,16.9,50268.64,52276.57
2023-07-24,34.4,22.4,28.6,949.3,0.0,0.0,18.4,50242.13,52175.06
2023-07-25,35.3,23.3,29.1,947.1,8.9,0.0,19.1,49549.82,52071.2
2023-07-26,37.5,23.4,30.4,946.6,0.0,0.0,18.5,49066.49,51965.13
2023-07-27,36.7,25.5,31.1,947.1,0.0,0.0,18.0,49655.03,51856.97
2023-07-28,38.2,23.8,30.2,948.0,1.0,0.0,14.0,49796.67,51746.85
2023-07-29,33.7,21.9,27.7,953.6,0.0,0.0,23.8,49542.11,51634.91
2023-07-30,36.5,21.8,27.7,952.9,10.8,0.0,25.9,43390.92,51521.24
2023-07-31,34.6,21.4,27.3,950.7,0.0,0.0,21.7,41961.73,51405.98
2023-08-01,33.3,21.4,26.7,950.6,0.0,0.0,20.5,44054.96,51289.25
2023-08-02,33.0,22.0,27.4,948.3,0.0,0.0,17.4,40161.65,51171.16
2023-08-03,31.1,22.2,26.0,949.2,1.5,0.0,18.3,35367.85,51051.82
2023-08-04,32.0,21.6,25.8,948.4,1.1,0.0,13.4,41603.11,50931.35
2023-08-05,32.9,20.4,26.5,948.2,0.2,0.0,18.7,42325.5,50809.85
2023-08-06,27.4,19.4,23.5,949.4,0.0,0.0,40.4,45709.64,50687.07
2023-08-07,28.6,17.6,22.4,951.5,2.5,0.0,13.4,36342.02,50562.11
2023-08-08,29.0,17.1,23.2,948.9,0.0,0.0,12.6,46800.0,50435.06
2023-08-09,28.4,19.5,23.4,944.7,18.7,0.0,27.8,43450.62,50306.05
2023-08-10,32.0,17.6,24.6,944.0,2.3,0.0,21.3,46775.0,50175.21
2023-08-11,35.3,20.5,27.6,943.4,0.0,0.0,20.1,47120.61,50042.67
2023-08-12,31.1,21.0,26.2,948.5,0.0,0.0,18.1,40965.24,49908.57
2023-08-13,28.4,20.3,23.5,948.9,10.6,0.0,24.3,43917.37,49773.04
2023-08-14,27.5,16.4,20.9,954.4,0.0,0.0,32.1,47230.74,49636.19
2023-08-15,28.1,14.5,21.6,954.9,0.0,0.0,13.3,46956.72,49498.15
2023-08-16,33.4,18.4,25.4,947.9,0.0,0.0,25.8,46800.0,49359.03
2023-08-17,28.9,21.2,24.9,949.3,0.0,0.0,22.2,46800.0,49218.96
2023-08-18,32.6,16.7,24.6,947.9,0.0,0.0,26.1,46800.0,49078.05
2023-08-19,39.3,24.4,31.1,945.4,0.0,0.0,19.5,46806.08,48936.41
2023-08-20,36.9,24.7,30.8,952.9,0.0,0.0,18.5,46800.0,48794.14
2023-08-21,39.7,24.8,32.1,954.7,0.0,0.0,20.5,46800.0,48651.37
2023-08-22,39.3,24.3,32.1,953.8,0.0,0.0,20.5,46800.0,48508.19
2023-08-23,39.3,25.7,32.1,951.1,0.0,0.0,21.3,44845.47,48364.71
2023-08-24,38.1,26.1,32.3,949.1,0.0,0.0,20.3,46800.0,48221.02
2023-08-25,37.5,25.2,30.5,949.6,11.4,0.0,27.2,43200.0,48077.24
2023-08-26,27.6,19.7,23.5,953.8,3.6,0.0,23.6,46750.97,47933.08
2023-08-27,27.7,15.7,21.8,952.7,0.0,0.0,10.5,46695.39,47787.6
2023-08-28,30.8,16.2,23.2,951.5,0.6,0.0,15.5,46639.8,47640.85
2023-08-29,31.9,18.8,24.9,952.2,0.0,0.0,15.6,46584.21,47492.96
2023-08-30,30.1,17.9,24.5,951.0,0.0,0.0,16.6,46528.64,47344.01
2023-08-31,32.4,18.5,25.4,948.3,0.0,0.0,24.8,46473.07,47194.12
2023-09-01,35.2,20.5,27.4,950.0,0.0,0.0,25.5,46417.51,47043.39
2023-09-02,36.9,22.3,29.4,949.8,0.0,0.0,24.1,46339.54,46891.94
2023-09-03,36.1,22.7,29.3,946.4,0.0,0.0,24.9,46188.08,46739.86
2023-09-04,35.9,21.7,29.0,940.4,0.0,0.0,30.9,46036.07,46587.25
2023-09-05,29.9,19.3,25.8,943.6,0.0,0.0,29.3,45883.64,46434.21
2023-09-06,27.4,13.9,20.5,952.3,0.0,0.0,19.4,45730.88,46280.84
2023-09-07,30.7,16.3,23.5,949.2,0.0,0.0,21.7,45577.87,46127.23
2023-09-08,30.7,17.3,24.0,952.0,0.0,0.0,16.5,45424.71,45973.47
2023-09-09,30.1,18.0,23.7,954.5,0.0,0.0,18.4,36965.98,45819.67
2023-09-10,26.9,17.9,21.5,954.1,1.5,0.0,22.6,16014.3,45665.9
2023-09-11,22.4,14.8,18.3,955.0,0.0,0.0,19.5,16011.57,45512.28
2023-09-12,23.9,10.8,17.7,954.3,0.0,0.0,10.1,44812.45,45358.88
2023-09-13,24.1,11.8,19.0,951.6,0.0,0.0,20.5,42990.48,45205.8
2023-09-14,25.4,14.3,19.8,951.4,0.1,0.0,21.8,43429.08,45053.12
2023-09-15,22.6,15.2,18.5,952.7,5.8,0.0,13.6,27143.36,44900.56
2023-09-16,27.0,14.1,19.5,952.7,0.0,0.0,17.7,37316.4,44747.16
2023-09-17,25.7,12.6,19.4,952.3,0.0,0.0,13.4,43854.86,44592.97
2023-09-18,32.2,15.6,23.2,946.3,0.0,0.0,26.9,41936.74,44438.06
2023-09-19,30.6,18.1,24.3,942.1,0.0,0.0,21.3,41416.18,44282.55
2023-09-20,29.8,15.8,22.8,944.6,0.7,0.0,17.3,42091.59,44126.54
2023-09-21,28.7,17.7,22.0,948.0,0.5,0.0,25.5,31669.09,43970.12
2023-09-22,25.9,16.0,21.3,946.5,2.5,0.0,25.4,37902.78,43813.37
2023-09-23,26.4,16.7,21.7,944.0,0.0,0.0,23.4,32833.5,43656.41
2023-09-24,26.6,12.8,19.6,948.3,0.0,0.0,20.7,41211.33,43499.33
2023-09-25,27.3,13.7,20.7,952.5,0.0,0.0,12.3,40991.65,43342.21
2023-09-26,26.3,14.5,20.1,952.2,0.0,0.0,16.7,40486.63,43185.16
2023-09-27,25.8,13.3,19.4,950.4,0.0,0.0,15.5,40253.0,43028.26
2023-09-28,34.1,16.2,24.5,946.4,0.0,0.0,31.0,40246.31,42871.63
2023-09-29,33.3,22.4,27.6,945.2,0.0,0.0,29.9,38995.53,42715.34
2023-09-30,33.7,22.4,27.3,948.3,0.0,0.0,32.6,40006.2,42559.51
2023-10-01,31.1,22.7,26.9,951.9,0.0,0.0,32.0,39600.0,42404.21
2023-10-02,30.6,19.9,25.5,950.6,0.0,0.0,29.4,38623.79,42249.56
2023-10-03,25.9,17.0,22.2,944.9,28.0,0.0,34.2,31484.13,42095.64
2023-10-04,21.2,12.0,16.6,948.4,0.0,0.0,19.6,39826.61,41942.56
2023-10-05,22.0,12.4,16.5,952.8,0.0,0.0,25.9,39600.0,41790.01
2023-10-06,14.5,7.8,11.6,958.5,0.7,0.0,32.5,29342.73,41636.96
2023-10-07,17.2,2.6,10.1,957.8,0.0,0.0,16.3,39617.32,41483.44
2023-10-08,24.4,9.5,16.4,948.8,0.0,0.0,16.1,39648.26,41329.56
2023-10-09,18.7,8.1,13.6,947.1,0.0,0.0,14.2,39581.9,41175.42
2023-10-10,21.4,7.7,14.7,942.0,0.0,0.0,21.2,39488.34,41021.14
2023-10-11,27.0,10.6,19.3,933.5,0.0,0.0,28.5,39395.07,40866.83
2023-10-12,21.0,12.6,18.2,930.0,24.0,0.0,33.8,13306.16,40712.6
2023-10-13,12.3,7.9,10.1,941.3,0.2,0.0,44.6,15799.61,40558.57
2023-10-14,11.8,7.6,9.5,955.2,0.1,0.0,31.7,2617.88,40404.84
2023-10-15,12.4,4.5,8.1,960.2,0.0,0.0,23.8,39027.19,40251.52
2023-10-16,15.6,1.9,8.6,957.2,0.0,0.0,13.2,38937.06,40098.75
2023-10-17,22.9,5.2,13.7,947.2,0.0,0.0,22.8,38847.88,39946.63
2023-10-18,21.7,12.0,16.7,944.8,0.4,0.0,30.8,38759.76,39795.3
2023-10-19,25.4,8.7,16.7,947.2,0.0,0.0,22.4,38672.81,39644.85
2023-10-20,26.4,9.1,17.8,945.3,0.0,0.0,14.7,38587.15,39495.43
2023-10-21,23.6,11.4,17.6,947.1,0.0,0.0,19.5,38502.89,39347.16
2023-10-22,22.5,9.6,15.8,945.8,0.1,0.0,23.5,38420.15,39200.17
2023-10-23,28.1,12.8,21.5,941.2,0.0,0.0,27.5,37960.56,39054.58
2023-10-24,24.7,18.1,21.0,943.3,0.0,0.0,30.6,26265.49,38910.54
2023-10-25,20.2,12.6,16.7,946.0,1.2,0.0,22.7,480.51,38767.72
2023-10-26,24.1,8.2,17.7,942.8,0.1,0.0,34.5,23716.13,38624.97
2023-10-27,6.8,-0.3,3.7,955.6,1.3,0.0,34.3,32821.72,38482.35
2023-10-28,3.6,-3.2,0.1,958.3,0.0,0.0,21.7,21497.74,38339.97
2023-10-29,1.9,-2.3,-0.8,960.5,0.5,0.35,22.4,1502.1,38197.99
2023-10-30,6.0,-6.1,-0.1,959.9,0.0,0.0,16.8,37018.27,38056.51
2023-10-31,2.4,-6.7,-1.5,962.2,0.0,0.0,28.5,36991.54,37915.7
2023-11-01,10.8,-3.1,2.7,955.1,0.0,0.0,18.8,35558.16,37775.68
2023-11-02,13.3,0.2,6.7,949.5,0.0,0.0,15.2,36296.18,37636.6
2023-11-03,18.3,8.5,12.2,948.5,0.0,0.0,18.4,32105.64,37498.6
2023-11-04,13.2,6.8,9.1,954.1,1.9,0.0,11.0,19116.03,37361.82
2023-11-05,18.9,5.4,11.7,947.1,0.0,0.0,27.4,34866.11,37226.43
2023-11-06,19.9,7.7,13.4,943.3,0.0,0.0,19.2,32672.31,37092.57
2023-11-07,20.7,8.2,13.3,940.3,0.0,0.0,13.8,35164.54,36960.39
2023-11-08,17.4,9.1,12.6,943.6,0.0,0.0,27.8,31897.03,36830.07
2023-11-09,15.3,0.7,7.9,955.3,0.0,0.0,18.5,35090.12,36701.75
2023-11-10,12.5,-2.2,5.9,956.1,0.0,0.0,17.7,35051.79,36575.6
2023-11-11,15.9,5.4,10.0,953.9,0.0,0.0,29.2,26448.59,36451.8
2023-11-12,19.0,4.7,10.6,955.2,0.0,0.0,19.7,34797.53,36330.51
2023-11-13,18.4,3.8,11.4,959.5,0.0,0.0,22.1,34729.6,36211.92
2023-11-14,19.6,7.7,13.0,952.5,0.0,0.0,28.0,34662.0,36095.73
2023-11-15,18.9,3.6,11.4,951.0,0.0,0.0,19.1,34594.02,35980.81
2023-11-16,18.8,8.9,13.5,944.2,0.0,0.0,30.7,23424.38,35867.22
2023-11-17,11.5,1.1,6.1,950.8,0.0,0.0,26.8,34051.96,35755.11
2023-11-18,16.9,1.1,8.7,948.4,0.0,0.0,14.5,34092.38,35644.6
2023-11-19,11.2,8.8,10.0,940.9,21.1,0.0,25.8,0.0,35535.84
2023-11-20,9.0,5.9,6.8,946.0,7.3,0.0,23.4,0.0,35428.97
2023-11-21,8.4,2.5,5.9,957.1,0.0,0.0,31.5,33537.05,35324.14
2023-11-22,16.0,-0.6,6.7,950.1,0.0,0.0,15.9,33236.72,35221.5
2023-11-23,6.3,-1.3,3.3,951.7,0.0,0.0,30.9,25992.94,35121.19
2023-11-24,-1.8,-5.4,-3.7,962.2,0.0,0.07,25.4,0.0,35023.38
2023-11-25,-3.1,-4.7,-3.8,955.6,3.8,2.73,11.6,0.0,34928.2
2023-11-26,4.4,-5.2,-1.1,951.2,1.4,0.98,33.1,32400.0,34835.83
2023-11-27,7.1,-4.4,-0.3,954.9,0.0,0.0,20.5,32735.36,34746.42
2023-11-28,8.8,-5.0,0.5,953.0,0.0,0.0,16.5,32426.33,34660.12
2023-11-29,9.9,-2.7,3.1,946.1,0.0,0.0,16.6,32458.87,34577.11
2023-11-30,6.6,0.0,3.0,941.5,0.0,0.0,26.3,31320.4,34497.53
2023-12-01,2.4,-4.0,-1.0,945.1,0.0,0.0,23.0,22148.85,34421.56
2023-12-02,1.1,-4.1,-2.2,944.1,2.2,1.54,12.7,7200.0,34349.36
2023-12-03,6.9,-2.4,1.1,940.3,0.8,0.14,27.3,18539.6,34281.09
2023-12-04,10.5,-3.5,2.6,948.0,0.0,0.0,21.6,27431.32,34216.61
2023-12-05,6.8,-0.7,2.7,956.2,0.0,0.0,19.8,25200.0,34155.16
2023-12-06,12.1,0.6,5.3,951.9,0.0,0.0,17.7,32400.0,34096.77
2023-12-07,13.6,3.3,7.8,936.9,0.0,0.0,20.2,32400.0,34041.52
2023-12-08,10.3,4.1,7.3,939.1,0.0,0.0,19.5,10394.45,33989.46
2023-12-09,5.9,-0.1,3.0,951.8,0.0,0.0,33.0,32400.0,33940.68
2023-12-10,7.2,-4.4,0.3,952.4,0.0,0.0,16.8,32400.0,33895.23
2023-12-11,9.9,-3.3,2.1,950.2,0.0,0.0,15.1,32400.0,33853.2
2023-12-12,3.8,-0.5,1.6,960.1,0.0,0.0,21.1,27154.15,33814.65
2023-12-13,6.4,-3.0,1.4,965.1,0.0,0.0,12.1,22203.3,33779.64
2023-12-14,4.0,0.5,2.2,963.0,8.7,0.42,13.7,0.0,33748.24
2023-12-15,3.7,1.2,2.1,955.8,20.2,3.22,11.6,0.0,33720.52
2023-12-16,5.7,-0.3,1.8,951.8,0.5,0.0,21.3,32400.0,33696.54
2023-12-17,11.9,-1.8,4.1,948.9,0.0,0.0,22.2,32400.0,33676.36
2023-12-18,4.6,-3.7,0.6,956.7,0.0,0.0,18.9,32400.0,33660.04
2023-12-19,11.0,-0.8,4.1,946.5,0.0,0.0,24.3,32400.0,33647.64
2023-12-20,7.6,-0.5,3.3,948.5,0.0,0.0,12.6,17709.61,33639.22
2023-12-21,8.7,1.9,5.0,951.3,0.7,0.0,9.1,348.1,33634.83
2023-12-22,12.8,2.1,6.0,949.9,0.0,0.0,14.6,32400.0,33634.52
2023-12-23,12.5,3.2,7.5,944.6,0.9,0.0,29.9,10315.51,33638.35
2023-12-24,12.5,0.1,6.8,942.6,5.9,0.35,33.0,0.0,33646.38
2023-12-25,-0.3,-3.3,-2.1,944.8,5.9,4.13,33.3,0.0,33658.64
2023-12-26,-1.7,-3.5,-2.5,938.8,2.1,1.47,20.5,18.96,33675.05
2023-12-27,-0.8,-6.9,-3.6,949.2,0.0,0.0,19.2,17069.55,33695.56
2023-12-28,1.5,-3.1,-1.0,953.7,0.7,0.49,19.6,25737.27,33720.08
2023-12-29,5.0,-3.0,0.3,951.8,0.0,0.0,19.8,32400.0,33748.55
2023-12-30,8.2,-1.2,1.7,949.0,0.0,0.0,15.5,32400.0,33780.88
2023-12-31,-1.0,-4.5,-2.6,955.5,0.0,0.0,21.6,6811.67,33817.0
